<?xml version="1.0" encoding="UTF-8"?>
<AlmaRadiometerTable xmlns:xsi="http://www.w3.org/2001/XMLSchema-instance" xmlns:ardmtr="http://Alma/XASDM/AlmaRadiometerTable" schemaVersion="3" schemaRevision="1.60.8.2">
  <Entity entityId="uid://A002/X551c95/X1" entityIdEncrypted="na" entityTypeName="AlmaRadiometerTable" schemaVersion="1" documentVersion="1" />
  <ContainerEntity entityId="uid://A002/X551c61/X1" entityIdEncrypted="na" entityTypeName="ASDM" schemaVersion="1" documentVersion="1" />
  <row>
    <almaRadiometerId>AlmaRadiometer_0</almaRadiometerId>
    <numAntenna>5</numAntenna>
    <spectralWindowId>1 5 SpectralWindow_1 SpectralWindow_2 SpectralWindow_3 SpectralWindow_4 SpectralWindow_5</spectralWindowId>
  </row>
  <row>
    <almaRadiometerId>AlmaRadiometer_1</almaRadiometerId>
    <numAntenna>10</numAntenna>
    <spectralWindowId>1 10 SpectralWindow_1 SpectralWindow_2 SpectralWindow_3 SpectralWindow_4 SpectralWindow_5 SpectralWindow_1 SpectralWindow_2 SpectralWindow_3 SpectralWindow_4 SpectralWindow_5</spectralWindowId>
  </row>
  <row>
    <almaRadiometerId>AlmaRadiometer_2</almaRadiometerId>
    <numAntenna>15</numAntenna>
    <spectralWindowId>1 15 SpectralWindow_1 SpectralWindow_2 SpectralWindow_3 SpectralWindow_4 SpectralWindow_5 SpectralWindow_1 SpectralWindow_2 SpectralWindow_3 SpectralWindow_4 SpectralWindow_5 SpectralWindow_1 SpectralWindow_2 SpectralWindow_3 SpectralWindow_4 SpectralWindow_5</spectralWindowId>
  </row>
  <row>
    <almaRadiometerId>AlmaRadiometer_3</almaRadiometerId>
    <numAntenna>20</numAntenna>
    <spectralWindowId>1 20 SpectralWindow_1 SpectralWindow_2 SpectralWindow_3 SpectralWindow_4 SpectralWindow_5 SpectralWindow_1 SpectralWindow_2 SpectralWindow_3 SpectralWindow_4 SpectralWindow_5 SpectralWindow_1 SpectralWindow_2 SpectralWindow_3 SpectralWindow_4 SpectralWindow_5 SpectralWindow_1 SpectralWindow_2 SpectralWindow_3 SpectralWindow_4 SpectralWindow_5</spectralWindowId>
  </row>
</AlmaRadiometerTable>

