<?xml version="1.0" encoding="UTF-8"?>
<AntennaTable xmlns:xsi="http://www.w3.org/2001/XMLSchema-instance" xmlns:antnn="http://Alma/XASDM/AntennaTable" schemaVersion="3" schemaRevision="1.60.8.2">
  <Entity entityId="uid://A002/X551c96/X1" entityIdEncrypted="na" entityTypeName="AntennaTable" schemaVersion="1" documentVersion="1" />
  <ContainerEntity entityId="uid://A002/X551c61/X1" entityIdEncrypted="na" entityTypeName="ASDM" schemaVersion="1" documentVersion="1" />
  <row>
    <antennaId>Antenna_0</antennaId>
    <name>DV01</name>
    <antennaMake>VERTEX_12</antennaMake>
    <antennaType>GROUND_BASED</antennaType>
    <dishDiameter>12.0</dishDiameter>
    <position>1 3 4.73E-4 -5.2E-4 6.999459</position>
    <offset>1 3 0.0 0.0 0.0</offset>
    <time>4859885680226000000</time>
    <stationId>Station_0</stationId>
  </row>
  <row>
    <antennaId>Antenna_1</antennaId>
    <name>DV02</name>
    <antennaMake>VERTEX_12</antennaMake>
    <antennaType>GROUND_BASED</antennaType>
    <dishDiameter>12.0</dishDiameter>
    <position>1 3 -6.37E-4 -5.54E-4 7.001657</position>
    <offset>1 3 0.0 0.0 0.0</offset>
    <time>4859885680226000000</time>
    <stationId>Station_1</stationId>
  </row>
  <row>
    <antennaId>Antenna_2</antennaId>
    <name>DV03</name>
    <antennaMake>VERTEX_12</antennaMake>
    <antennaType>GROUND_BASED</antennaType>
    <dishDiameter>12.0</dishDiameter>
    <position>1 3 2.0E-5 1.4E-4 6.998287</position>
    <offset>1 3 0.0 0.0 0.0</offset>
    <time>4859885680226000000</time>
    <stationId>Station_2</stationId>
  </row>
  <row>
    <antennaId>Antenna_3</antennaId>
    <name>DV04</name>
    <antennaMake>VERTEX_12</antennaMake>
    <antennaType>GROUND_BASED</antennaType>
    <dishDiameter>12.0</dishDiameter>
    <position>1 3 -8.03E-4 -1.53E-4 6.999907</position>
    <offset>1 3 0.0 0.0 0.0</offset>
    <time>4859885680226000000</time>
    <stationId>Station_3</stationId>
  </row>
  <row>
    <antennaId>Antenna_4</antennaId>
    <name>DV05</name>
    <antennaMake>VERTEX_12</antennaMake>
    <antennaType>GROUND_BASED</antennaType>
    <dishDiameter>12.0</dishDiameter>
    <position>1 3 -3.09E-4 -0.001532 6.998909</position>
    <offset>1 3 0.0 0.0 0.0</offset>
    <time>4859885680226000000</time>
    <stationId>Station_4</stationId>
  </row>
</AntennaTable>

