<?xml version="1.0" encoding="UTF-8"?>
<ASDM xmlns:xsi="http://www.w3.org/2001/XMLSchema-instance" xmlns:cntnr="http://Alma/XASDM/ASDM" schemaVersion="3" schemaRevision="1.60.8.2">
  <Entity entityId="uid://A002/X551c61/X1" entityIdEncrypted="na" entityTypeName="ASDM" schemaVersion="1" documentVersion="1" />
  <TimeOfCreation>2012-11-17T16:14:39.000000000</TimeOfCreation>
  <Table>
    <Name>Main</Name>
    <NumberRows>80</NumberRows>
    <Entity entityId="uid://A002/X551c94/X1" entityIdEncrypted="na" entityTypeName="MainTable" schemaVersion="1" documentVersion="1" />
  </Table>
  <Table>
    <Name>AlmaRadiometer</Name>
    <NumberRows>4</NumberRows>
    <Entity entityId="uid://A002/X551c95/X1" entityIdEncrypted="na" entityTypeName="AlmaRadiometerTable" schemaVersion="1" documentVersion="1" />
  </Table>
  <Table>
    <Name>Annotation</Name>
    <NumberRows>0</NumberRows>
  </Table>
  <Table>
    <Name>Antenna</Name>
    <NumberRows>5</NumberRows>
    <Entity entityId="uid://A002/X551c96/X1" entityIdEncrypted="na" entityTypeName="AntennaTable" schemaVersion="1" documentVersion="1" />
  </Table>
  <Table>
    <Name>CalAmpli</Name>
    <NumberRows>80</NumberRows>
    <Entity entityId="uid://A002/X551c97/X1" entityIdEncrypted="na" entityTypeName="CalAmpliTable" schemaVersion="1" documentVersion="1" />
  </Table>
  <Table>
    <Name>CalAtmosphere</Name>
    <NumberRows>0</NumberRows>
  </Table>
  <Table>
    <Name>CalBandpass</Name>
    <NumberRows>0</NumberRows>
  </Table>
  <Table>
    <Name>CalCurve</Name>
    <NumberRows>0</NumberRows>
  </Table>
  <Table>
    <Name>CalData</Name>
    <NumberRows>12</NumberRows>
    <Entity entityId="uid://A002/X551c98/X1" entityIdEncrypted="na" entityTypeName="CalDataTable" schemaVersion="1" documentVersion="1" />
  </Table>
  <Table>
    <Name>CalDelay</Name>
    <NumberRows>0</NumberRows>
  </Table>
  <Table>
    <Name>CalDevice</Name>
    <NumberRows>60</NumberRows>
    <Entity entityId="uid://A002/X551c99/X1" entityIdEncrypted="na" entityTypeName="CalDeviceTable" schemaVersion="1" documentVersion="1" />
  </Table>
  <Table>
    <Name>CalFlux</Name>
    <NumberRows>4</NumberRows>
    <Entity entityId="uid://A002/X551c9a/X1" entityIdEncrypted="na" entityTypeName="CalFluxTable" schemaVersion="1" documentVersion="1" />
  </Table>
  <Table>
    <Name>CalFocus</Name>
    <NumberRows>0</NumberRows>
  </Table>
  <Table>
    <Name>CalFocusModel</Name>
    <NumberRows>0</NumberRows>
  </Table>
  <Table>
    <Name>CalGain</Name>
    <NumberRows>0</NumberRows>
  </Table>
  <Table>
    <Name>CalHolography</Name>
    <NumberRows>0</NumberRows>
  </Table>
  <Table>
    <Name>CalPhase</Name>
    <NumberRows>16</NumberRows>
    <Entity entityId="uid://A002/X551c9b/X1" entityIdEncrypted="na" entityTypeName="CalPhaseTable" schemaVersion="1" documentVersion="1" />
  </Table>
  <Table>
    <Name>CalPointing</Name>
    <NumberRows>0</NumberRows>
  </Table>
  <Table>
    <Name>CalPointingModel</Name>
    <NumberRows>0</NumberRows>
  </Table>
  <Table>
    <Name>CalPosition</Name>
    <NumberRows>0</NumberRows>
  </Table>
  <Table>
    <Name>CalPrimaryBeam</Name>
    <NumberRows>0</NumberRows>
  </Table>
  <Table>
    <Name>CalReduction</Name>
    <NumberRows>12</NumberRows>
    <Entity entityId="uid://A002/X551c9c/X1" entityIdEncrypted="na" entityTypeName="CalReductionTable" schemaVersion="1" documentVersion="1" />
  </Table>
  <Table>
    <Name>CalSeeing</Name>
    <NumberRows>0</NumberRows>
  </Table>
  <Table>
    <Name>CalWVR</Name>
    <NumberRows>0</NumberRows>
  </Table>
  <Table>
    <Name>ConfigDescription</Name>
    <NumberRows>4</NumberRows>
    <Entity entityId="uid://A002/X551c9d/X1" entityIdEncrypted="na" entityTypeName="ConfigDescriptionTable" schemaVersion="1" documentVersion="1" />
  </Table>
  <Table>
    <Name>CorrelatorMode</Name>
    <NumberRows>1</NumberRows>
    <Entity entityId="uid://A002/X551c9e/X1" entityIdEncrypted="na" entityTypeName="CorrelatorModeTable" schemaVersion="1" documentVersion="1" />
  </Table>
  <Table>
    <Name>DataDescription</Name>
    <NumberRows>13</NumberRows>
    <Entity entityId="uid://A002/X551c9f/X1" entityIdEncrypted="na" entityTypeName="DataDescriptionTable" schemaVersion="1" documentVersion="1" />
  </Table>
  <Table>
    <Name>DelayModel</Name>
    <NumberRows>0</NumberRows>
  </Table>
  <Table>
    <Name>Doppler</Name>
    <NumberRows>0</NumberRows>
  </Table>
  <Table>
    <Name>Ephemeris</Name>
    <NumberRows>0</NumberRows>
  </Table>
  <Table>
    <Name>ExecBlock</Name>
    <NumberRows>1</NumberRows>
    <Entity entityId="uid://A002/X551ca0/X1" entityIdEncrypted="na" entityTypeName="ExecBlockTable" schemaVersion="1" documentVersion="1" />
  </Table>
  <Table>
    <Name>Feed</Name>
    <NumberRows>85</NumberRows>
    <Entity entityId="uid://A002/X551ca1/X1" entityIdEncrypted="na" entityTypeName="FeedTable" schemaVersion="1" documentVersion="1" />
  </Table>
  <Table>
    <Name>Field</Name>
    <NumberRows>1</NumberRows>
    <Entity entityId="uid://A002/X551ca2/X1" entityIdEncrypted="na" entityTypeName="FieldTable" schemaVersion="1" documentVersion="1" />
  </Table>
  <Table>
    <Name>Flag</Name>
    <NumberRows>232</NumberRows>
    <Entity entityId="uid://A002/X551ca3/X1" entityIdEncrypted="na" entityTypeName="FlagTable" schemaVersion="1" documentVersion="1" />
  </Table>
  <Table>
    <Name>FlagCmd</Name>
    <NumberRows>0</NumberRows>
  </Table>
  <Table>
    <Name>Focus</Name>
    <NumberRows>100</NumberRows>
    <Entity entityId="uid://A002/X551ca4/X1" entityIdEncrypted="na" entityTypeName="FocusTable" schemaVersion="1" documentVersion="1" />
  </Table>
  <Table>
    <Name>FocusModel</Name>
    <NumberRows>5</NumberRows>
    <Entity entityId="uid://A002/X551ca5/X1" entityIdEncrypted="na" entityTypeName="FocusModelTable" schemaVersion="1" documentVersion="1" />
  </Table>
  <Table>
    <Name>FreqOffset</Name>
    <NumberRows>0</NumberRows>
  </Table>
  <Table>
    <Name>GainTracking</Name>
    <NumberRows>0</NumberRows>
  </Table>
  <Table>
    <Name>History</Name>
    <NumberRows>0</NumberRows>
  </Table>
  <Table>
    <Name>Holography</Name>
    <NumberRows>0</NumberRows>
  </Table>
  <Table>
    <Name>Observation</Name>
    <NumberRows>0</NumberRows>
  </Table>
  <Table>
    <Name>Pointing</Name>
    <NumberRows>100</NumberRows>
    <Entity entityId="uid://A002/X551ca6/X1" entityIdEncrypted="na" entityTypeName="PointingTable" schemaVersion="1" documentVersion="1" />
  </Table>
  <Table>
    <Name>PointingModel</Name>
    <NumberRows>10</NumberRows>
    <Entity entityId="uid://A002/X551ca7/X1" entityIdEncrypted="na" entityTypeName="PointingModelTable" schemaVersion="1" documentVersion="1" />
  </Table>
  <Table>
    <Name>Polarization</Name>
    <NumberRows>2</NumberRows>
    <Entity entityId="uid://A002/X551ca8/X1" entityIdEncrypted="na" entityTypeName="PolarizationTable" schemaVersion="1" documentVersion="1" />
  </Table>
  <Table>
    <Name>Processor</Name>
    <NumberRows>3</NumberRows>
    <Entity entityId="uid://A002/X551ca9/X1" entityIdEncrypted="na" entityTypeName="ProcessorTable" schemaVersion="1" documentVersion="1" />
  </Table>
  <Table>
    <Name>Receiver</Name>
    <NumberRows>21</NumberRows>
    <Entity entityId="uid://A002/X551caa/X1" entityIdEncrypted="na" entityTypeName="ReceiverTable" schemaVersion="1" documentVersion="1" />
  </Table>
  <Table>
    <Name>SBSummary</Name>
    <NumberRows>1</NumberRows>
    <Entity entityId="uid://A002/X551cab/X1" entityIdEncrypted="na" entityTypeName="SBSummaryTable" schemaVersion="1" documentVersion="1" />
  </Table>
  <Table>
    <Name>Scale</Name>
    <NumberRows>0</NumberRows>
  </Table>
  <Table>
    <Name>Scan</Name>
    <NumberRows>8</NumberRows>
    <Entity entityId="uid://A002/X551cac/X1" entityIdEncrypted="na" entityTypeName="ScanTable" schemaVersion="1" documentVersion="1" />
  </Table>
  <Table>
    <Name>Seeing</Name>
    <NumberRows>0</NumberRows>
  </Table>
  <Table>
    <Name>Source</Name>
    <NumberRows>18</NumberRows>
    <Entity entityId="uid://A002/X551cad/X1" entityIdEncrypted="na" entityTypeName="SourceTable" schemaVersion="1" documentVersion="1" />
  </Table>
  <Table>
    <Name>SpectralWindow</Name>
    <NumberRows>18</NumberRows>
    <Entity entityId="uid://A002/X551cae/X1" entityIdEncrypted="na" entityTypeName="SpectralWindowTable" schemaVersion="1" documentVersion="1" />
  </Table>
  <Table>
    <Name>SquareLawDetector</Name>
    <NumberRows>4</NumberRows>
    <Entity entityId="uid://A002/X551caf/X1" entityIdEncrypted="na" entityTypeName="SquareLawDetectorTable" schemaVersion="1" documentVersion="1" />
  </Table>
  <Table>
    <Name>State</Name>
    <NumberRows>3</NumberRows>
    <Entity entityId="uid://A002/X551cb0/X1" entityIdEncrypted="na" entityTypeName="StateTable" schemaVersion="1" documentVersion="1" />
  </Table>
  <Table>
    <Name>Station</Name>
    <NumberRows>7</NumberRows>
    <Entity entityId="uid://A002/X551cb1/X1" entityIdEncrypted="na" entityTypeName="StationTable" schemaVersion="1" documentVersion="1" />
  </Table>
  <Table>
    <Name>Subscan</Name>
    <NumberRows>20</NumberRows>
    <Entity entityId="uid://A002/X551cb2/X1" entityIdEncrypted="na" entityTypeName="SubscanTable" schemaVersion="1" documentVersion="1" />
  </Table>
  <Table>
    <Name>SwitchCycle</Name>
    <NumberRows>1</NumberRows>
    <Entity entityId="uid://A002/X551cb3/X1" entityIdEncrypted="na" entityTypeName="SwitchCycleTable" schemaVersion="1" documentVersion="1" />
  </Table>
  <Table>
    <Name>SysCal</Name>
    <NumberRows>0</NumberRows>
  </Table>
  <Table>
    <Name>SysPower</Name>
    <NumberRows>0</NumberRows>
  </Table>
  <Table>
    <Name>TotalPower</Name>
    <NumberRows>0</NumberRows>
  </Table>
  <Table>
    <Name>WVMCal</Name>
    <NumberRows>0</NumberRows>
  </Table>
  <Table>
    <Name>Weather</Name>
    <NumberRows>66</NumberRows>
    <Entity entityId="uid://A002/X551cb4/X1" entityIdEncrypted="na" entityTypeName="WeatherTable" schemaVersion="1" documentVersion="1" />
  </Table>
</ASDM>

