<?xml version="1.0" encoding="UTF-8"?>
<CalDeviceTable xmlns:xsi="http://www.w3.org/2001/XMLSchema-instance" xmlns:cldvc="http://Alma/XASDM/CalDeviceTable" schemaVersion="3" schemaRevision="1.60.8.2">
  <Entity entityId="uid://A002/X551c99/X1" entityIdEncrypted="na" entityTypeName="CalDeviceTable" schemaVersion="1" documentVersion="1" />
  <ContainerEntity entityId="uid://A002/X551c61/X1" entityIdEncrypted="na" entityTypeName="ASDM" schemaVersion="1" documentVersion="1" />
  <row>
    <timeInterval>7041628862145699403 4363486349418152807</timeInterval>
    <numCalload>2</numCalload>
    <calLoadNames>1 2 AMBIENT_LOAD HOT_LOAD</calLoadNames>
    <numReceptor>2</numReceptor>
    <temperatureLoad>1 2 290.59999084472656 357.25</temperatureLoad>
    <antennaId>Antenna_0</antennaId>
    <feedId>0</feedId>
    <spectralWindowId>SpectralWindow_6</spectralWindowId>
  </row>
  <row>
    <timeInterval>7041628862390549403 4363486348928452807</timeInterval>
    <numCalload>2</numCalload>
    <calLoadNames>1 2 AMBIENT_LOAD HOT_LOAD</calLoadNames>
    <numReceptor>2</numReceptor>
    <temperatureLoad>1 2 292.0500030517578 355.6499938964844</temperatureLoad>
    <antennaId>Antenna_1</antennaId>
    <feedId>0</feedId>
    <spectralWindowId>SpectralWindow_6</spectralWindowId>
  </row>
  <row>
    <timeInterval>7041628862719605403 4363486348270340807</timeInterval>
    <numCalload>2</numCalload>
    <calLoadNames>1 2 AMBIENT_LOAD HOT_LOAD</calLoadNames>
    <numReceptor>2</numReceptor>
    <temperatureLoad>1 2 291.8500061035156 356.90000915527344</temperatureLoad>
    <antennaId>Antenna_2</antennaId>
    <feedId>0</feedId>
    <spectralWindowId>SpectralWindow_6</spectralWindowId>
  </row>
  <row>
    <timeInterval>7041628863024582403 4363486347660386807</timeInterval>
    <numCalload>2</numCalload>
    <calLoadNames>1 2 AMBIENT_LOAD HOT_LOAD</calLoadNames>
    <numReceptor>2</numReceptor>
    <temperatureLoad>1 2 292.6499938964844 357.3000030517578</temperatureLoad>
    <antennaId>Antenna_3</antennaId>
    <feedId>0</feedId>
    <spectralWindowId>SpectralWindow_6</spectralWindowId>
  </row>
  <row>
    <timeInterval>7041628863241998903 4363486347225553807</timeInterval>
    <numCalload>2</numCalload>
    <calLoadNames>1 2 AMBIENT_LOAD HOT_LOAD</calLoadNames>
    <numReceptor>2</numReceptor>
    <temperatureLoad>1 2 291.54998779296875 356.9499969482422</temperatureLoad>
    <antennaId>Antenna_4</antennaId>
    <feedId>0</feedId>
    <spectralWindowId>SpectralWindow_6</spectralWindowId>
  </row>
  <row>
    <timeInterval>7041628862145699403 4363486349418152807</timeInterval>
    <numCalload>2</numCalload>
    <calLoadNames>1 2 AMBIENT_LOAD HOT_LOAD</calLoadNames>
    <numReceptor>2</numReceptor>
    <temperatureLoad>1 2 290.59999084472656 357.25</temperatureLoad>
    <antennaId>Antenna_0</antennaId>
    <feedId>0</feedId>
    <spectralWindowId>SpectralWindow_7</spectralWindowId>
  </row>
  <row>
    <timeInterval>7041628862390549403 4363486348928452807</timeInterval>
    <numCalload>2</numCalload>
    <calLoadNames>1 2 AMBIENT_LOAD HOT_LOAD</calLoadNames>
    <numReceptor>2</numReceptor>
    <temperatureLoad>1 2 292.0500030517578 355.6499938964844</temperatureLoad>
    <antennaId>Antenna_1</antennaId>
    <feedId>0</feedId>
    <spectralWindowId>SpectralWindow_7</spectralWindowId>
  </row>
  <row>
    <timeInterval>7041628862719605403 4363486348270340807</timeInterval>
    <numCalload>2</numCalload>
    <calLoadNames>1 2 AMBIENT_LOAD HOT_LOAD</calLoadNames>
    <numReceptor>2</numReceptor>
    <temperatureLoad>1 2 291.8500061035156 356.90000915527344</temperatureLoad>
    <antennaId>Antenna_2</antennaId>
    <feedId>0</feedId>
    <spectralWindowId>SpectralWindow_7</spectralWindowId>
  </row>
  <row>
    <timeInterval>7041628863024582403 4363486347660386807</timeInterval>
    <numCalload>2</numCalload>
    <calLoadNames>1 2 AMBIENT_LOAD HOT_LOAD</calLoadNames>
    <numReceptor>2</numReceptor>
    <temperatureLoad>1 2 292.6499938964844 357.3000030517578</temperatureLoad>
    <antennaId>Antenna_3</antennaId>
    <feedId>0</feedId>
    <spectralWindowId>SpectralWindow_7</spectralWindowId>
  </row>
  <row>
    <timeInterval>7041628863241998903 4363486347225553807</timeInterval>
    <numCalload>2</numCalload>
    <calLoadNames>1 2 AMBIENT_LOAD HOT_LOAD</calLoadNames>
    <numReceptor>2</numReceptor>
    <temperatureLoad>1 2 291.54998779296875 356.9499969482422</temperatureLoad>
    <antennaId>Antenna_4</antennaId>
    <feedId>0</feedId>
    <spectralWindowId>SpectralWindow_7</spectralWindowId>
  </row>
  <row>
    <timeInterval>7041628862145699403 4363486349418152807</timeInterval>
    <numCalload>2</numCalload>
    <calLoadNames>1 2 AMBIENT_LOAD HOT_LOAD</calLoadNames>
    <numReceptor>2</numReceptor>
    <temperatureLoad>1 2 290.59999084472656 357.25</temperatureLoad>
    <antennaId>Antenna_0</antennaId>
    <feedId>0</feedId>
    <spectralWindowId>SpectralWindow_8</spectralWindowId>
  </row>
  <row>
    <timeInterval>7041628862390549403 4363486348928452807</timeInterval>
    <numCalload>2</numCalload>
    <calLoadNames>1 2 AMBIENT_LOAD HOT_LOAD</calLoadNames>
    <numReceptor>2</numReceptor>
    <temperatureLoad>1 2 292.0500030517578 355.6499938964844</temperatureLoad>
    <antennaId>Antenna_1</antennaId>
    <feedId>0</feedId>
    <spectralWindowId>SpectralWindow_8</spectralWindowId>
  </row>
  <row>
    <timeInterval>7041628862719605403 4363486348270340807</timeInterval>
    <numCalload>2</numCalload>
    <calLoadNames>1 2 AMBIENT_LOAD HOT_LOAD</calLoadNames>
    <numReceptor>2</numReceptor>
    <temperatureLoad>1 2 291.8500061035156 356.90000915527344</temperatureLoad>
    <antennaId>Antenna_2</antennaId>
    <feedId>0</feedId>
    <spectralWindowId>SpectralWindow_8</spectralWindowId>
  </row>
  <row>
    <timeInterval>7041628863024582403 4363486347660386807</timeInterval>
    <numCalload>2</numCalload>
    <calLoadNames>1 2 AMBIENT_LOAD HOT_LOAD</calLoadNames>
    <numReceptor>2</numReceptor>
    <temperatureLoad>1 2 292.6499938964844 357.3000030517578</temperatureLoad>
    <antennaId>Antenna_3</antennaId>
    <feedId>0</feedId>
    <spectralWindowId>SpectralWindow_8</spectralWindowId>
  </row>
  <row>
    <timeInterval>7041628863241998903 4363486347225553807</timeInterval>
    <numCalload>2</numCalload>
    <calLoadNames>1 2 AMBIENT_LOAD HOT_LOAD</calLoadNames>
    <numReceptor>2</numReceptor>
    <temperatureLoad>1 2 291.54998779296875 356.9499969482422</temperatureLoad>
    <antennaId>Antenna_4</antennaId>
    <feedId>0</feedId>
    <spectralWindowId>SpectralWindow_8</spectralWindowId>
  </row>
  <row>
    <timeInterval>7041628862145699403 4363486349418152807</timeInterval>
    <numCalload>2</numCalload>
    <calLoadNames>1 2 AMBIENT_LOAD HOT_LOAD</calLoadNames>
    <numReceptor>2</numReceptor>
    <temperatureLoad>1 2 290.59999084472656 357.25</temperatureLoad>
    <antennaId>Antenna_0</antennaId>
    <feedId>0</feedId>
    <spectralWindowId>SpectralWindow_9</spectralWindowId>
  </row>
  <row>
    <timeInterval>7041628862390549403 4363486348928452807</timeInterval>
    <numCalload>2</numCalload>
    <calLoadNames>1 2 AMBIENT_LOAD HOT_LOAD</calLoadNames>
    <numReceptor>2</numReceptor>
    <temperatureLoad>1 2 292.0500030517578 355.6499938964844</temperatureLoad>
    <antennaId>Antenna_1</antennaId>
    <feedId>0</feedId>
    <spectralWindowId>SpectralWindow_9</spectralWindowId>
  </row>
  <row>
    <timeInterval>7041628862719605403 4363486348270340807</timeInterval>
    <numCalload>2</numCalload>
    <calLoadNames>1 2 AMBIENT_LOAD HOT_LOAD</calLoadNames>
    <numReceptor>2</numReceptor>
    <temperatureLoad>1 2 291.8500061035156 356.90000915527344</temperatureLoad>
    <antennaId>Antenna_2</antennaId>
    <feedId>0</feedId>
    <spectralWindowId>SpectralWindow_9</spectralWindowId>
  </row>
  <row>
    <timeInterval>7041628863024582403 4363486347660386807</timeInterval>
    <numCalload>2</numCalload>
    <calLoadNames>1 2 AMBIENT_LOAD HOT_LOAD</calLoadNames>
    <numReceptor>2</numReceptor>
    <temperatureLoad>1 2 292.6499938964844 357.3000030517578</temperatureLoad>
    <antennaId>Antenna_3</antennaId>
    <feedId>0</feedId>
    <spectralWindowId>SpectralWindow_9</spectralWindowId>
  </row>
  <row>
    <timeInterval>7041628863241998903 4363486347225553807</timeInterval>
    <numCalload>2</numCalload>
    <calLoadNames>1 2 AMBIENT_LOAD HOT_LOAD</calLoadNames>
    <numReceptor>2</numReceptor>
    <temperatureLoad>1 2 291.54998779296875 356.9499969482422</temperatureLoad>
    <antennaId>Antenna_4</antennaId>
    <feedId>0</feedId>
    <spectralWindowId>SpectralWindow_9</spectralWindowId>
  </row>
  <row>
    <timeInterval>7041628862145699403 4363486349418152807</timeInterval>
    <numCalload>2</numCalload>
    <calLoadNames>1 2 AMBIENT_LOAD HOT_LOAD</calLoadNames>
    <numReceptor>2</numReceptor>
    <temperatureLoad>1 2 290.59999084472656 357.25</temperatureLoad>
    <antennaId>Antenna_0</antennaId>
    <feedId>0</feedId>
    <spectralWindowId>SpectralWindow_10</spectralWindowId>
  </row>
  <row>
    <timeInterval>7041628862390549403 4363486348928452807</timeInterval>
    <numCalload>2</numCalload>
    <calLoadNames>1 2 AMBIENT_LOAD HOT_LOAD</calLoadNames>
    <numReceptor>2</numReceptor>
    <temperatureLoad>1 2 292.0500030517578 355.6499938964844</temperatureLoad>
    <antennaId>Antenna_1</antennaId>
    <feedId>0</feedId>
    <spectralWindowId>SpectralWindow_10</spectralWindowId>
  </row>
  <row>
    <timeInterval>7041628862719605403 4363486348270340807</timeInterval>
    <numCalload>2</numCalload>
    <calLoadNames>1 2 AMBIENT_LOAD HOT_LOAD</calLoadNames>
    <numReceptor>2</numReceptor>
    <temperatureLoad>1 2 291.8500061035156 356.90000915527344</temperatureLoad>
    <antennaId>Antenna_2</antennaId>
    <feedId>0</feedId>
    <spectralWindowId>SpectralWindow_10</spectralWindowId>
  </row>
  <row>
    <timeInterval>7041628863024582403 4363486347660386807</timeInterval>
    <numCalload>2</numCalload>
    <calLoadNames>1 2 AMBIENT_LOAD HOT_LOAD</calLoadNames>
    <numReceptor>2</numReceptor>
    <temperatureLoad>1 2 292.6499938964844 357.3000030517578</temperatureLoad>
    <antennaId>Antenna_3</antennaId>
    <feedId>0</feedId>
    <spectralWindowId>SpectralWindow_10</spectralWindowId>
  </row>
  <row>
    <timeInterval>7041628863241998903 4363486347225553807</timeInterval>
    <numCalload>2</numCalload>
    <calLoadNames>1 2 AMBIENT_LOAD HOT_LOAD</calLoadNames>
    <numReceptor>2</numReceptor>
    <temperatureLoad>1 2 291.54998779296875 356.9499969482422</temperatureLoad>
    <antennaId>Antenna_4</antennaId>
    <feedId>0</feedId>
    <spectralWindowId>SpectralWindow_10</spectralWindowId>
  </row>
  <row>
    <timeInterval>7041628862145699403 4363486349418152807</timeInterval>
    <numCalload>2</numCalload>
    <calLoadNames>1 2 AMBIENT_LOAD HOT_LOAD</calLoadNames>
    <numReceptor>2</numReceptor>
    <temperatureLoad>1 2 290.59999084472656 357.25</temperatureLoad>
    <antennaId>Antenna_0</antennaId>
    <feedId>0</feedId>
    <spectralWindowId>SpectralWindow_11</spectralWindowId>
  </row>
  <row>
    <timeInterval>7041628862390549403 4363486348928452807</timeInterval>
    <numCalload>2</numCalload>
    <calLoadNames>1 2 AMBIENT_LOAD HOT_LOAD</calLoadNames>
    <numReceptor>2</numReceptor>
    <temperatureLoad>1 2 292.0500030517578 355.6499938964844</temperatureLoad>
    <antennaId>Antenna_1</antennaId>
    <feedId>0</feedId>
    <spectralWindowId>SpectralWindow_11</spectralWindowId>
  </row>
  <row>
    <timeInterval>7041628862719605403 4363486348270340807</timeInterval>
    <numCalload>2</numCalload>
    <calLoadNames>1 2 AMBIENT_LOAD HOT_LOAD</calLoadNames>
    <numReceptor>2</numReceptor>
    <temperatureLoad>1 2 291.8500061035156 356.90000915527344</temperatureLoad>
    <antennaId>Antenna_2</antennaId>
    <feedId>0</feedId>
    <spectralWindowId>SpectralWindow_11</spectralWindowId>
  </row>
  <row>
    <timeInterval>7041628863024582403 4363486347660386807</timeInterval>
    <numCalload>2</numCalload>
    <calLoadNames>1 2 AMBIENT_LOAD HOT_LOAD</calLoadNames>
    <numReceptor>2</numReceptor>
    <temperatureLoad>1 2 292.6499938964844 357.3000030517578</temperatureLoad>
    <antennaId>Antenna_3</antennaId>
    <feedId>0</feedId>
    <spectralWindowId>SpectralWindow_11</spectralWindowId>
  </row>
  <row>
    <timeInterval>7041628863241998903 4363486347225553807</timeInterval>
    <numCalload>2</numCalload>
    <calLoadNames>1 2 AMBIENT_LOAD HOT_LOAD</calLoadNames>
    <numReceptor>2</numReceptor>
    <temperatureLoad>1 2 291.54998779296875 356.9499969482422</temperatureLoad>
    <antennaId>Antenna_4</antennaId>
    <feedId>0</feedId>
    <spectralWindowId>SpectralWindow_11</spectralWindowId>
  </row>
  <row>
    <timeInterval>7041628862145699403 4363486349418152807</timeInterval>
    <numCalload>2</numCalload>
    <calLoadNames>1 2 AMBIENT_LOAD HOT_LOAD</calLoadNames>
    <numReceptor>2</numReceptor>
    <temperatureLoad>1 2 290.59999084472656 357.25</temperatureLoad>
    <antennaId>Antenna_0</antennaId>
    <feedId>0</feedId>
    <spectralWindowId>SpectralWindow_12</spectralWindowId>
  </row>
  <row>
    <timeInterval>7041628862390549403 4363486348928452807</timeInterval>
    <numCalload>2</numCalload>
    <calLoadNames>1 2 AMBIENT_LOAD HOT_LOAD</calLoadNames>
    <numReceptor>2</numReceptor>
    <temperatureLoad>1 2 292.0500030517578 355.6499938964844</temperatureLoad>
    <antennaId>Antenna_1</antennaId>
    <feedId>0</feedId>
    <spectralWindowId>SpectralWindow_12</spectralWindowId>
  </row>
  <row>
    <timeInterval>7041628862719605403 4363486348270340807</timeInterval>
    <numCalload>2</numCalload>
    <calLoadNames>1 2 AMBIENT_LOAD HOT_LOAD</calLoadNames>
    <numReceptor>2</numReceptor>
    <temperatureLoad>1 2 291.8500061035156 356.90000915527344</temperatureLoad>
    <antennaId>Antenna_2</antennaId>
    <feedId>0</feedId>
    <spectralWindowId>SpectralWindow_12</spectralWindowId>
  </row>
  <row>
    <timeInterval>7041628863024582403 4363486347660386807</timeInterval>
    <numCalload>2</numCalload>
    <calLoadNames>1 2 AMBIENT_LOAD HOT_LOAD</calLoadNames>
    <numReceptor>2</numReceptor>
    <temperatureLoad>1 2 292.6499938964844 357.3000030517578</temperatureLoad>
    <antennaId>Antenna_3</antennaId>
    <feedId>0</feedId>
    <spectralWindowId>SpectralWindow_12</spectralWindowId>
  </row>
  <row>
    <timeInterval>7041628863241998903 4363486347225553807</timeInterval>
    <numCalload>2</numCalload>
    <calLoadNames>1 2 AMBIENT_LOAD HOT_LOAD</calLoadNames>
    <numReceptor>2</numReceptor>
    <temperatureLoad>1 2 291.54998779296875 356.9499969482422</temperatureLoad>
    <antennaId>Antenna_4</antennaId>
    <feedId>0</feedId>
    <spectralWindowId>SpectralWindow_12</spectralWindowId>
  </row>
  <row>
    <timeInterval>7041628862145699403 4363486349418152807</timeInterval>
    <numCalload>2</numCalload>
    <calLoadNames>1 2 AMBIENT_LOAD HOT_LOAD</calLoadNames>
    <numReceptor>2</numReceptor>
    <temperatureLoad>1 2 290.59999084472656 357.25</temperatureLoad>
    <antennaId>Antenna_0</antennaId>
    <feedId>0</feedId>
    <spectralWindowId>SpectralWindow_13</spectralWindowId>
  </row>
  <row>
    <timeInterval>7041628862390549403 4363486348928452807</timeInterval>
    <numCalload>2</numCalload>
    <calLoadNames>1 2 AMBIENT_LOAD HOT_LOAD</calLoadNames>
    <numReceptor>2</numReceptor>
    <temperatureLoad>1 2 292.0500030517578 355.6499938964844</temperatureLoad>
    <antennaId>Antenna_1</antennaId>
    <feedId>0</feedId>
    <spectralWindowId>SpectralWindow_13</spectralWindowId>
  </row>
  <row>
    <timeInterval>7041628862719605403 4363486348270340807</timeInterval>
    <numCalload>2</numCalload>
    <calLoadNames>1 2 AMBIENT_LOAD HOT_LOAD</calLoadNames>
    <numReceptor>2</numReceptor>
    <temperatureLoad>1 2 291.8500061035156 356.90000915527344</temperatureLoad>
    <antennaId>Antenna_2</antennaId>
    <feedId>0</feedId>
    <spectralWindowId>SpectralWindow_13</spectralWindowId>
  </row>
  <row>
    <timeInterval>7041628863024582403 4363486347660386807</timeInterval>
    <numCalload>2</numCalload>
    <calLoadNames>1 2 AMBIENT_LOAD HOT_LOAD</calLoadNames>
    <numReceptor>2</numReceptor>
    <temperatureLoad>1 2 292.6499938964844 357.3000030517578</temperatureLoad>
    <antennaId>Antenna_3</antennaId>
    <feedId>0</feedId>
    <spectralWindowId>SpectralWindow_13</spectralWindowId>
  </row>
  <row>
    <timeInterval>7041628863241998903 4363486347225553807</timeInterval>
    <numCalload>2</numCalload>
    <calLoadNames>1 2 AMBIENT_LOAD HOT_LOAD</calLoadNames>
    <numReceptor>2</numReceptor>
    <temperatureLoad>1 2 291.54998779296875 356.9499969482422</temperatureLoad>
    <antennaId>Antenna_4</antennaId>
    <feedId>0</feedId>
    <spectralWindowId>SpectralWindow_13</spectralWindowId>
  </row>
  <row>
    <timeInterval>7041628862145699403 4363486349418152807</timeInterval>
    <numCalload>2</numCalload>
    <calLoadNames>1 2 AMBIENT_LOAD HOT_LOAD</calLoadNames>
    <numReceptor>2</numReceptor>
    <temperatureLoad>1 2 290.59999084472656 357.25</temperatureLoad>
    <antennaId>Antenna_0</antennaId>
    <feedId>0</feedId>
    <spectralWindowId>SpectralWindow_14</spectralWindowId>
  </row>
  <row>
    <timeInterval>7041628862390549403 4363486348928452807</timeInterval>
    <numCalload>2</numCalload>
    <calLoadNames>1 2 AMBIENT_LOAD HOT_LOAD</calLoadNames>
    <numReceptor>2</numReceptor>
    <temperatureLoad>1 2 292.0500030517578 355.6499938964844</temperatureLoad>
    <antennaId>Antenna_1</antennaId>
    <feedId>0</feedId>
    <spectralWindowId>SpectralWindow_14</spectralWindowId>
  </row>
  <row>
    <timeInterval>7041628862719605403 4363486348270340807</timeInterval>
    <numCalload>2</numCalload>
    <calLoadNames>1 2 AMBIENT_LOAD HOT_LOAD</calLoadNames>
    <numReceptor>2</numReceptor>
    <temperatureLoad>1 2 291.8500061035156 356.90000915527344</temperatureLoad>
    <antennaId>Antenna_2</antennaId>
    <feedId>0</feedId>
    <spectralWindowId>SpectralWindow_14</spectralWindowId>
  </row>
  <row>
    <timeInterval>7041628863024582403 4363486347660386807</timeInterval>
    <numCalload>2</numCalload>
    <calLoadNames>1 2 AMBIENT_LOAD HOT_LOAD</calLoadNames>
    <numReceptor>2</numReceptor>
    <temperatureLoad>1 2 292.6499938964844 357.3000030517578</temperatureLoad>
    <antennaId>Antenna_3</antennaId>
    <feedId>0</feedId>
    <spectralWindowId>SpectralWindow_14</spectralWindowId>
  </row>
  <row>
    <timeInterval>7041628863241998903 4363486347225553807</timeInterval>
    <numCalload>2</numCalload>
    <calLoadNames>1 2 AMBIENT_LOAD HOT_LOAD</calLoadNames>
    <numReceptor>2</numReceptor>
    <temperatureLoad>1 2 291.54998779296875 356.9499969482422</temperatureLoad>
    <antennaId>Antenna_4</antennaId>
    <feedId>0</feedId>
    <spectralWindowId>SpectralWindow_14</spectralWindowId>
  </row>
  <row>
    <timeInterval>7041628862145699403 4363486349418152807</timeInterval>
    <numCalload>2</numCalload>
    <calLoadNames>1 2 AMBIENT_LOAD HOT_LOAD</calLoadNames>
    <numReceptor>2</numReceptor>
    <temperatureLoad>1 2 290.59999084472656 357.25</temperatureLoad>
    <antennaId>Antenna_0</antennaId>
    <feedId>0</feedId>
    <spectralWindowId>SpectralWindow_15</spectralWindowId>
  </row>
  <row>
    <timeInterval>7041628862390549403 4363486348928452807</timeInterval>
    <numCalload>2</numCalload>
    <calLoadNames>1 2 AMBIENT_LOAD HOT_LOAD</calLoadNames>
    <numReceptor>2</numReceptor>
    <temperatureLoad>1 2 292.0500030517578 355.6499938964844</temperatureLoad>
    <antennaId>Antenna_1</antennaId>
    <feedId>0</feedId>
    <spectralWindowId>SpectralWindow_15</spectralWindowId>
  </row>
  <row>
    <timeInterval>7041628862719605403 4363486348270340807</timeInterval>
    <numCalload>2</numCalload>
    <calLoadNames>1 2 AMBIENT_LOAD HOT_LOAD</calLoadNames>
    <numReceptor>2</numReceptor>
    <temperatureLoad>1 2 291.8500061035156 356.90000915527344</temperatureLoad>
    <antennaId>Antenna_2</antennaId>
    <feedId>0</feedId>
    <spectralWindowId>SpectralWindow_15</spectralWindowId>
  </row>
  <row>
    <timeInterval>7041628863024582403 4363486347660386807</timeInterval>
    <numCalload>2</numCalload>
    <calLoadNames>1 2 AMBIENT_LOAD HOT_LOAD</calLoadNames>
    <numReceptor>2</numReceptor>
    <temperatureLoad>1 2 292.6499938964844 357.3000030517578</temperatureLoad>
    <antennaId>Antenna_3</antennaId>
    <feedId>0</feedId>
    <spectralWindowId>SpectralWindow_15</spectralWindowId>
  </row>
  <row>
    <timeInterval>7041628863241998903 4363486347225553807</timeInterval>
    <numCalload>2</numCalload>
    <calLoadNames>1 2 AMBIENT_LOAD HOT_LOAD</calLoadNames>
    <numReceptor>2</numReceptor>
    <temperatureLoad>1 2 291.54998779296875 356.9499969482422</temperatureLoad>
    <antennaId>Antenna_4</antennaId>
    <feedId>0</feedId>
    <spectralWindowId>SpectralWindow_15</spectralWindowId>
  </row>
  <row>
    <timeInterval>7041628862145699403 4363486349418152807</timeInterval>
    <numCalload>2</numCalload>
    <calLoadNames>1 2 AMBIENT_LOAD HOT_LOAD</calLoadNames>
    <numReceptor>2</numReceptor>
    <temperatureLoad>1 2 290.59999084472656 357.25</temperatureLoad>
    <antennaId>Antenna_0</antennaId>
    <feedId>0</feedId>
    <spectralWindowId>SpectralWindow_16</spectralWindowId>
  </row>
  <row>
    <timeInterval>7041628862390549403 4363486348928452807</timeInterval>
    <numCalload>2</numCalload>
    <calLoadNames>1 2 AMBIENT_LOAD HOT_LOAD</calLoadNames>
    <numReceptor>2</numReceptor>
    <temperatureLoad>1 2 292.0500030517578 355.6499938964844</temperatureLoad>
    <antennaId>Antenna_1</antennaId>
    <feedId>0</feedId>
    <spectralWindowId>SpectralWindow_16</spectralWindowId>
  </row>
  <row>
    <timeInterval>7041628862719605403 4363486348270340807</timeInterval>
    <numCalload>2</numCalload>
    <calLoadNames>1 2 AMBIENT_LOAD HOT_LOAD</calLoadNames>
    <numReceptor>2</numReceptor>
    <temperatureLoad>1 2 291.8500061035156 356.90000915527344</temperatureLoad>
    <antennaId>Antenna_2</antennaId>
    <feedId>0</feedId>
    <spectralWindowId>SpectralWindow_16</spectralWindowId>
  </row>
  <row>
    <timeInterval>7041628863024582403 4363486347660386807</timeInterval>
    <numCalload>2</numCalload>
    <calLoadNames>1 2 AMBIENT_LOAD HOT_LOAD</calLoadNames>
    <numReceptor>2</numReceptor>
    <temperatureLoad>1 2 292.6499938964844 357.3000030517578</temperatureLoad>
    <antennaId>Antenna_3</antennaId>
    <feedId>0</feedId>
    <spectralWindowId>SpectralWindow_16</spectralWindowId>
  </row>
  <row>
    <timeInterval>7041628863241998903 4363486347225553807</timeInterval>
    <numCalload>2</numCalload>
    <calLoadNames>1 2 AMBIENT_LOAD HOT_LOAD</calLoadNames>
    <numReceptor>2</numReceptor>
    <temperatureLoad>1 2 291.54998779296875 356.9499969482422</temperatureLoad>
    <antennaId>Antenna_4</antennaId>
    <feedId>0</feedId>
    <spectralWindowId>SpectralWindow_16</spectralWindowId>
  </row>
  <row>
    <timeInterval>7041628862145699403 4363486349418152807</timeInterval>
    <numCalload>2</numCalload>
    <calLoadNames>1 2 AMBIENT_LOAD HOT_LOAD</calLoadNames>
    <numReceptor>2</numReceptor>
    <temperatureLoad>1 2 290.59999084472656 357.25</temperatureLoad>
    <antennaId>Antenna_0</antennaId>
    <feedId>0</feedId>
    <spectralWindowId>SpectralWindow_17</spectralWindowId>
  </row>
  <row>
    <timeInterval>7041628862390549403 4363486348928452807</timeInterval>
    <numCalload>2</numCalload>
    <calLoadNames>1 2 AMBIENT_LOAD HOT_LOAD</calLoadNames>
    <numReceptor>2</numReceptor>
    <temperatureLoad>1 2 292.0500030517578 355.6499938964844</temperatureLoad>
    <antennaId>Antenna_1</antennaId>
    <feedId>0</feedId>
    <spectralWindowId>SpectralWindow_17</spectralWindowId>
  </row>
  <row>
    <timeInterval>7041628862719605403 4363486348270340807</timeInterval>
    <numCalload>2</numCalload>
    <calLoadNames>1 2 AMBIENT_LOAD HOT_LOAD</calLoadNames>
    <numReceptor>2</numReceptor>
    <temperatureLoad>1 2 291.8500061035156 356.90000915527344</temperatureLoad>
    <antennaId>Antenna_2</antennaId>
    <feedId>0</feedId>
    <spectralWindowId>SpectralWindow_17</spectralWindowId>
  </row>
  <row>
    <timeInterval>7041628863024582403 4363486347660386807</timeInterval>
    <numCalload>2</numCalload>
    <calLoadNames>1 2 AMBIENT_LOAD HOT_LOAD</calLoadNames>
    <numReceptor>2</numReceptor>
    <temperatureLoad>1 2 292.6499938964844 357.3000030517578</temperatureLoad>
    <antennaId>Antenna_3</antennaId>
    <feedId>0</feedId>
    <spectralWindowId>SpectralWindow_17</spectralWindowId>
  </row>
  <row>
    <timeInterval>7041628863241998903 4363486347225553807</timeInterval>
    <numCalload>2</numCalload>
    <calLoadNames>1 2 AMBIENT_LOAD HOT_LOAD</calLoadNames>
    <numReceptor>2</numReceptor>
    <temperatureLoad>1 2 291.54998779296875 356.9499969482422</temperatureLoad>
    <antennaId>Antenna_4</antennaId>
    <feedId>0</feedId>
    <spectralWindowId>SpectralWindow_17</spectralWindowId>
  </row>
</CalDeviceTable>

