<?xml version="1.0" encoding="UTF-8"?>
<CalDataTable xmlns:xsi="http://www.w3.org/2001/XMLSchema-instance" xmlns:cldata="http://Alma/XASDM/CalDataTable" schemaVersion="3" schemaRevision="1.60.8.2">
  <Entity entityId="uid://A002/X551c98/X1" entityIdEncrypted="na" entityTypeName="CalDataTable" schemaVersion="1" documentVersion="1" />
  <ContainerEntity entityId="uid://A002/X551c61/X1" entityIdEncrypted="na" entityTypeName="ASDM" schemaVersion="1" documentVersion="1" />
  <row>
    <calDataId>CalData_0</calDataId>
    <startTimeObserved>4859885836823000000</startTimeObserved>
    <endTimeObserved>4859885983669000000</endTimeObserved>
    <execBlockUID>
      <EntityRef entityId="uid://A002/X551c61/X1" partId="X00000000" entityTypeName="ASDM" documentVersion="1" />
    </execBlockUID>
    <calDataType>FULL_RESOLUTION_AUTO</calDataType>
    <calType>CAL_ATMOSPHERE</calType>
    <numScan>1</numScan>
    <scanSet>1 1 1</scanSet>
    <assocCalNature>ASSOCIATED_EXECBLOCK</assocCalNature>
  </row>
  <row>
    <calDataId>CalData_1</calDataId>
    <startTimeObserved>4859886036522000000</startTimeObserved>
    <endTimeObserved>4859886049304000000</endTimeObserved>
    <execBlockUID>
      <EntityRef entityId="uid://A002/X551c61/X1" partId="X00000000" entityTypeName="ASDM" documentVersion="1" />
    </execBlockUID>
    <calDataType>CHANNEL_AVERAGE_CROSS</calDataType>
    <calType>CAL_AMPLI</calType>
    <numScan>1</numScan>
    <scanSet>1 1 2</scanSet>
    <assocCalNature>ASSOCIATED_EXECBLOCK</assocCalNature>
  </row>
  <row>
    <calDataId>CalData_2</calDataId>
    <startTimeObserved>4859886036522000000</startTimeObserved>
    <endTimeObserved>4859886049304000000</endTimeObserved>
    <execBlockUID>
      <EntityRef entityId="uid://A002/X551c61/X1" partId="X00000000" entityTypeName="ASDM" documentVersion="1" />
    </execBlockUID>
    <calDataType>CHANNEL_AVERAGE_CROSS</calDataType>
    <calType>CAL_PHASE</calType>
    <numScan>1</numScan>
    <scanSet>1 1 2</scanSet>
    <assocCalNature>ASSOCIATED_EXECBLOCK</assocCalNature>
  </row>
  <row>
    <calDataId>CalData_3</calDataId>
    <startTimeObserved>4859886133470000000</startTimeObserved>
    <endTimeObserved>4859886276823000000</endTimeObserved>
    <execBlockUID>
      <EntityRef entityId="uid://A002/X551c61/X1" partId="X00000000" entityTypeName="ASDM" documentVersion="1" />
    </execBlockUID>
    <calDataType>FULL_RESOLUTION_AUTO</calDataType>
    <calType>CAL_ATMOSPHERE</calType>
    <numScan>1</numScan>
    <scanSet>1 1 3</scanSet>
    <assocCalNature>ASSOCIATED_EXECBLOCK</assocCalNature>
  </row>
  <row>
    <calDataId>CalData_4</calDataId>
    <startTimeObserved>4859886293660000000</startTimeObserved>
    <endTimeObserved>4859886307188000000</endTimeObserved>
    <execBlockUID>
      <EntityRef entityId="uid://A002/X551c61/X1" partId="X00000000" entityTypeName="ASDM" documentVersion="1" />
    </execBlockUID>
    <calDataType>CHANNEL_AVERAGE_CROSS</calDataType>
    <calType>CAL_AMPLI</calType>
    <numScan>1</numScan>
    <scanSet>1 1 4</scanSet>
    <assocCalNature>ASSOCIATED_EXECBLOCK</assocCalNature>
  </row>
  <row>
    <calDataId>CalData_5</calDataId>
    <startTimeObserved>4859886293660000000</startTimeObserved>
    <endTimeObserved>4859886307188000000</endTimeObserved>
    <execBlockUID>
      <EntityRef entityId="uid://A002/X551c61/X1" partId="X00000000" entityTypeName="ASDM" documentVersion="1" />
    </execBlockUID>
    <calDataType>CHANNEL_AVERAGE_CROSS</calDataType>
    <calType>CAL_PHASE</calType>
    <numScan>1</numScan>
    <scanSet>1 1 4</scanSet>
    <assocCalNature>ASSOCIATED_EXECBLOCK</assocCalNature>
  </row>
  <row>
    <calDataId>CalData_6</calDataId>
    <startTimeObserved>4859886327612000000</startTimeObserved>
    <endTimeObserved>4859886471677000000</endTimeObserved>
    <execBlockUID>
      <EntityRef entityId="uid://A002/X551c61/X1" partId="X00000000" entityTypeName="ASDM" documentVersion="1" />
    </execBlockUID>
    <calDataType>FULL_RESOLUTION_AUTO</calDataType>
    <calType>CAL_ATMOSPHERE</calType>
    <numScan>1</numScan>
    <scanSet>1 1 5</scanSet>
    <assocCalNature>ASSOCIATED_EXECBLOCK</assocCalNature>
  </row>
  <row>
    <calDataId>CalData_7</calDataId>
    <startTimeObserved>4859886488564000000</startTimeObserved>
    <endTimeObserved>4859886501911000000</endTimeObserved>
    <execBlockUID>
      <EntityRef entityId="uid://A002/X551c61/X1" partId="X00000000" entityTypeName="ASDM" documentVersion="1" />
    </execBlockUID>
    <calDataType>CHANNEL_AVERAGE_CROSS</calDataType>
    <calType>CAL_AMPLI</calType>
    <numScan>1</numScan>
    <scanSet>1 1 6</scanSet>
    <assocCalNature>ASSOCIATED_EXECBLOCK</assocCalNature>
  </row>
  <row>
    <calDataId>CalData_8</calDataId>
    <startTimeObserved>4859886488564000000</startTimeObserved>
    <endTimeObserved>4859886501911000000</endTimeObserved>
    <execBlockUID>
      <EntityRef entityId="uid://A002/X551c61/X1" partId="X00000000" entityTypeName="ASDM" documentVersion="1" />
    </execBlockUID>
    <calDataType>CHANNEL_AVERAGE_CROSS</calDataType>
    <calType>CAL_PHASE</calType>
    <numScan>1</numScan>
    <scanSet>1 1 6</scanSet>
    <assocCalNature>ASSOCIATED_EXECBLOCK</assocCalNature>
  </row>
  <row>
    <calDataId>CalData_9</calDataId>
    <startTimeObserved>4859886524226000000</startTimeObserved>
    <endTimeObserved>4859886667386000000</endTimeObserved>
    <execBlockUID>
      <EntityRef entityId="uid://A002/X551c61/X1" partId="X00000000" entityTypeName="ASDM" documentVersion="1" />
    </execBlockUID>
    <calDataType>FULL_RESOLUTION_AUTO</calDataType>
    <calType>CAL_ATMOSPHERE</calType>
    <numScan>1</numScan>
    <scanSet>1 1 7</scanSet>
    <assocCalNature>ASSOCIATED_EXECBLOCK</assocCalNature>
  </row>
  <row>
    <calDataId>CalData_10</calDataId>
    <startTimeObserved>4859886684728000000</startTimeObserved>
    <endTimeObserved>4859886698829000000</endTimeObserved>
    <execBlockUID>
      <EntityRef entityId="uid://A002/X551c61/X1" partId="X00000000" entityTypeName="ASDM" documentVersion="1" />
    </execBlockUID>
    <calDataType>CHANNEL_AVERAGE_CROSS</calDataType>
    <calType>CAL_AMPLI</calType>
    <numScan>1</numScan>
    <scanSet>1 1 8</scanSet>
    <assocCalNature>ASSOCIATED_EXECBLOCK</assocCalNature>
  </row>
  <row>
    <calDataId>CalData_11</calDataId>
    <startTimeObserved>4859886684728000000</startTimeObserved>
    <endTimeObserved>4859886698829000000</endTimeObserved>
    <execBlockUID>
      <EntityRef entityId="uid://A002/X551c61/X1" partId="X00000000" entityTypeName="ASDM" documentVersion="1" />
    </execBlockUID>
    <calDataType>CHANNEL_AVERAGE_CROSS</calDataType>
    <calType>CAL_PHASE</calType>
    <numScan>1</numScan>
    <scanSet>1 1 8</scanSet>
    <assocCalNature>ASSOCIATED_EXECBLOCK</assocCalNature>
  </row>
</CalDataTable>

