<?xml version="1.0" encoding="UTF-8"?>
<CalFluxTable xmlns:xsi="http://www.w3.org/2001/XMLSchema-instance" xmlns:clflx="http://Alma/XASDM/CalFluxTable" schemaVersion="3" schemaRevision="1.60.8.2">
  <Entity entityId="uid://A002/X551c9a/X1" entityIdEncrypted="na" entityTypeName="CalFluxTable" schemaVersion="1" documentVersion="1" />
  <ContainerEntity entityId="uid://A002/X551c61/X1" entityIdEncrypted="na" entityTypeName="ASDM" schemaVersion="1" documentVersion="1" />
  <row>
    <sourceName>3c279</sourceName>
    <startValidTime>4859886038969000000</startValidTime>
    <endValidTime>4859886051751000000</endValidTime>
    <numFrequencyRanges>4</numFrequencyRanges>
    <numStokes>2</numStokes>
    <frequencyRanges>2 4 2 8.53859375E10 8.71671875E10 8.53859375E10 8.71671875E10 8.53859375E10 8.71671875E10 8.53859375E10 8.71671875E10</frequencyRanges>
    <fluxMethod>EFFICIENCY</fluxMethod>
    <flux>2 2 4 43.7208848396937 38.69748413562775 43.52905205885569 40.34924827019373 35.32672623793284 37.24291181564331 34.475178599357605 38.99525419871012</flux>
    <fluxError>2 2 4 0.0 0.0 0.0 0.0 0.0 0.0 0.0 0.0</fluxError>
    <stokes>1 2 XX YY</stokes>
    <calDataId>CalData_1</calDataId>
    <calReductionId>CalReduction_1</calReductionId>
  </row>
  <row>
    <sourceName>3c279</sourceName>
    <startValidTime>4859886296308000000</startValidTime>
    <endValidTime>4859886309836000000</endValidTime>
    <numFrequencyRanges>4</numFrequencyRanges>
    <numStokes>2</numStokes>
    <frequencyRanges>2 4 2 8.53859375E10 8.71671875E10 8.53859375E10 8.71671875E10 8.53859375E10 8.71671875E10 8.53859375E10 8.71671875E10</frequencyRanges>
    <fluxMethod>EFFICIENCY</fluxMethod>
    <flux>2 2 4 39.55525795618693 34.91460899511973 51.20565211772919 38.47318716843923 39.76224768161774 40.425173004468284 36.47651871045431 64.86016241709392</flux>
    <fluxError>2 2 4 0.0 0.0 0.0 0.0 0.0 0.0 0.0 0.0</fluxError>
    <stokes>1 2 XX YY</stokes>
    <calDataId>CalData_4</calDataId>
    <calReductionId>CalReduction_4</calReductionId>
  </row>
  <row>
    <sourceName>3c279</sourceName>
    <startValidTime>4859886491278500000</startValidTime>
    <endValidTime>4859886504625500000</endValidTime>
    <numFrequencyRanges>4</numFrequencyRanges>
    <numStokes>2</numStokes>
    <frequencyRanges>2 4 2 8.53859375E10 8.71671875E10 8.53859375E10 8.71671875E10 8.53859375E10 8.71671875E10 8.53859375E10 8.71671875E10</frequencyRanges>
    <fluxMethod>EFFICIENCY</fluxMethod>
    <flux>2 2 4 44.36412733793259 35.404882510503136 40.024975736935936 40.625713566939034 38.37491363286972 42.96460711956024 35.703205704689026 37.75747009118398</flux>
    <fluxError>2 2 4 0.0 0.0 0.0 0.0 0.0 0.0 0.0 0.0</fluxError>
    <stokes>1 2 XX YY</stokes>
    <calDataId>CalData_7</calDataId>
    <calReductionId>CalReduction_7</calReductionId>
  </row>
  <row>
    <sourceName>3c279</sourceName>
    <startValidTime>4859886686981500000</startValidTime>
    <endValidTime>4859886701082500000</endValidTime>
    <numFrequencyRanges>4</numFrequencyRanges>
    <numStokes>2</numStokes>
    <frequencyRanges>2 4 2 8.53859375E10 8.71671875E10 8.53859375E10 8.71671875E10 8.53859375E10 8.71671875E10 8.53859375E10 8.71671875E10</frequencyRanges>
    <fluxMethod>EFFICIENCY</fluxMethod>
    <flux>2 2 4 32.31254891554514 36.64815644423167 34.9248021642367 34.90697578589121 36.65900933742523 35.71840528647105 48.216353019078575 42.04692574342092</flux>
    <fluxError>2 2 4 0.0 0.0 0.0 0.0 0.0 0.0 0.0 0.0</fluxError>
    <stokes>1 2 XX YY</stokes>
    <calDataId>CalData_10</calDataId>
    <calReductionId>CalReduction_10</calReductionId>
  </row>
</CalFluxTable>

