<?xml version="1.0" encoding="UTF-8"?>
<ConfigDescriptionTable xmlns:xsi="http://www.w3.org/2001/XMLSchema-instance" xmlns:cnfdsc="http://Alma/XASDM/ConfigDescriptionTable" schemaVersion="3" schemaRevision="1.60.8.2">
  <Entity entityId="uid://A002/X551c9d/X1" entityIdEncrypted="na" entityTypeName="ConfigDescriptionTable" schemaVersion="1" documentVersion="1" />
  <ContainerEntity entityId="uid://A002/X551c61/X1" entityIdEncrypted="na" entityTypeName="ASDM" schemaVersion="1" documentVersion="1" />
  <row>
    <numAntenna>5</numAntenna>
    <numDataDescription>4</numDataDescription>
    <numFeed>1</numFeed>
    <correlationMode>CROSS_AND_AUTO</correlationMode>
    <configDescriptionId>ConfigDescription_0</configDescriptionId>
    <numAtmPhaseCorrection>1</numAtmPhaseCorrection>
    <atmPhaseCorrection>1 1 AP_UNCORRECTED</atmPhaseCorrection>
    <processorType>CORRELATOR</processorType>
    <spectralType>FULL_RESOLUTION</spectralType>
    <numAssocValues>2</numAssocValues>
    <assocNature>1 2 CHANNEL_AVERAGE BASEBAND_WIDE</assocNature>
    <antennaId>1 5 Antenna_0 Antenna_1 Antenna_2 Antenna_3 Antenna_4</antennaId>
    <assocConfigDescriptionId>1 2 ConfigDescription_1 ConfigDescription_2</assocConfigDescriptionId>
    <dataDescriptionId>1 4 DataDescription_1 DataDescription_3 DataDescription_5 DataDescription_7</dataDescriptionId>
    <feedId>1 5 0 0 0 0 0</feedId>
    <processorId>Processor_0</processorId>
    <switchCycleId>1 4 SwitchCycle_0 SwitchCycle_0 SwitchCycle_0 SwitchCycle_0</switchCycleId>
  </row>
  <row>
    <numAntenna>5</numAntenna>
    <numDataDescription>4</numDataDescription>
    <numFeed>1</numFeed>
    <correlationMode>CROSS_AND_AUTO</correlationMode>
    <configDescriptionId>ConfigDescription_1</configDescriptionId>
    <numAtmPhaseCorrection>1</numAtmPhaseCorrection>
    <atmPhaseCorrection>1 1 AP_UNCORRECTED</atmPhaseCorrection>
    <processorType>CORRELATOR</processorType>
    <spectralType>CHANNEL_AVERAGE</spectralType>
    <numAssocValues>2</numAssocValues>
    <assocNature>1 2 FULL_RESOLUTION BASEBAND_WIDE</assocNature>
    <antennaId>1 5 Antenna_0 Antenna_1 Antenna_2 Antenna_3 Antenna_4</antennaId>
    <assocConfigDescriptionId>1 2 ConfigDescription_0 ConfigDescription_2</assocConfigDescriptionId>
    <dataDescriptionId>1 4 DataDescription_2 DataDescription_4 DataDescription_6 DataDescription_8</dataDescriptionId>
    <feedId>1 5 0 0 0 0 0</feedId>
    <processorId>Processor_0</processorId>
    <switchCycleId>1 4 SwitchCycle_0 SwitchCycle_0 SwitchCycle_0 SwitchCycle_0</switchCycleId>
  </row>
  <row>
    <numAntenna>5</numAntenna>
    <numDataDescription>1</numDataDescription>
    <numFeed>1</numFeed>
    <correlationMode>AUTO_ONLY</correlationMode>
    <configDescriptionId>ConfigDescription_2</configDescriptionId>
    <numAtmPhaseCorrection>1</numAtmPhaseCorrection>
    <atmPhaseCorrection>1 1 AP_UNCORRECTED</atmPhaseCorrection>
    <processorType>RADIOMETER</processorType>
    <spectralType>BASEBAND_WIDE</spectralType>
    <numAssocValues>2</numAssocValues>
    <assocNature>1 2 FULL_RESOLUTION CHANNEL_AVERAGE</assocNature>
    <antennaId>1 5 Antenna_0 Antenna_1 Antenna_2 Antenna_3 Antenna_4</antennaId>
    <assocConfigDescriptionId>1 2 ConfigDescription_0 ConfigDescription_1</assocConfigDescriptionId>
    <dataDescriptionId>1 1 DataDescription_0</dataDescriptionId>
    <feedId>1 5 0 0 0 0 0</feedId>
    <processorId>Processor_1</processorId>
    <switchCycleId>1 1 SwitchCycle_0</switchCycleId>
  </row>
  <row>
    <numAntenna>5</numAntenna>
    <numDataDescription>4</numDataDescription>
    <numFeed>1</numFeed>
    <correlationMode>AUTO_ONLY</correlationMode>
    <configDescriptionId>ConfigDescription_3</configDescriptionId>
    <numAtmPhaseCorrection>1</numAtmPhaseCorrection>
    <atmPhaseCorrection>1 1 AP_UNCORRECTED</atmPhaseCorrection>
    <processorType>RADIOMETER</processorType>
    <spectralType>BASEBAND_WIDE</spectralType>
    <antennaId>1 5 Antenna_0 Antenna_1 Antenna_2 Antenna_3 Antenna_4</antennaId>
    <dataDescriptionId>1 4 DataDescription_9 DataDescription_10 DataDescription_11 DataDescription_12</dataDescriptionId>
    <feedId>1 5 0 0 0 0 0</feedId>
    <processorId>Processor_2</processorId>
    <switchCycleId>1 4 SwitchCycle_0 SwitchCycle_0 SwitchCycle_0 SwitchCycle_0</switchCycleId>
  </row>
</ConfigDescriptionTable>

