<?xml version="1.0" encoding="UTF-8"?>
<DataDescriptionTable xmlns:xsi="http://www.w3.org/2001/XMLSchema-instance" xmlns:dtdsc="http://Alma/XASDM/DataDescriptionTable">
  <Entity entityId="uid://A002/X551c9f/X1" entityIdEncrypted="na" entityTypeName="DataDescriptionTable" schemaVersion="1" documentVersion="1" />
  <ContainerEntity entityId="uid://A002/X551c61/X1" entityIdEncrypted="na" entityTypeName="ASDM" schemaVersion="1" documentVersion="1" />
  <row>
    <dataDescriptionId>DataDescription_0</dataDescriptionId>
    <polOrHoloId>Polarization_1</polOrHoloId>
    <spectralWindowId>SpectralWindow_0</spectralWindowId>
  </row>
  <row>
    <dataDescriptionId>DataDescription_1</dataDescriptionId>
    <polOrHoloId>Polarization_0</polOrHoloId>
    <spectralWindowId>SpectralWindow_6</spectralWindowId>
  </row>
  <row>
    <dataDescriptionId>DataDescription_2</dataDescriptionId>
    <polOrHoloId>Polarization_0</polOrHoloId>
    <spectralWindowId>SpectralWindow_7</spectralWindowId>
  </row>
  <row>
    <dataDescriptionId>DataDescription_3</dataDescriptionId>
    <polOrHoloId>Polarization_0</polOrHoloId>
    <spectralWindowId>SpectralWindow_8</spectralWindowId>
  </row>
  <row>
    <dataDescriptionId>DataDescription_4</dataDescriptionId>
    <polOrHoloId>Polarization_0</polOrHoloId>
    <spectralWindowId>SpectralWindow_9</spectralWindowId>
  </row>
  <row>
    <dataDescriptionId>DataDescription_5</dataDescriptionId>
    <polOrHoloId>Polarization_0</polOrHoloId>
    <spectralWindowId>SpectralWindow_10</spectralWindowId>
  </row>
  <row>
    <dataDescriptionId>DataDescription_6</dataDescriptionId>
    <polOrHoloId>Polarization_0</polOrHoloId>
    <spectralWindowId>SpectralWindow_11</spectralWindowId>
  </row>
  <row>
    <dataDescriptionId>DataDescription_7</dataDescriptionId>
    <polOrHoloId>Polarization_0</polOrHoloId>
    <spectralWindowId>SpectralWindow_12</spectralWindowId>
  </row>
  <row>
    <dataDescriptionId>DataDescription_8</dataDescriptionId>
    <polOrHoloId>Polarization_0</polOrHoloId>
    <spectralWindowId>SpectralWindow_13</spectralWindowId>
  </row>
  <row>
    <dataDescriptionId>DataDescription_9</dataDescriptionId>
    <polOrHoloId>Polarization_0</polOrHoloId>
    <spectralWindowId>SpectralWindow_14</spectralWindowId>
  </row>
  <row>
    <dataDescriptionId>DataDescription_10</dataDescriptionId>
    <polOrHoloId>Polarization_0</polOrHoloId>
    <spectralWindowId>SpectralWindow_15</spectralWindowId>
  </row>
  <row>
    <dataDescriptionId>DataDescription_11</dataDescriptionId>
    <polOrHoloId>Polarization_0</polOrHoloId>
    <spectralWindowId>SpectralWindow_16</spectralWindowId>
  </row>
  <row>
    <dataDescriptionId>DataDescription_12</dataDescriptionId>
    <polOrHoloId>Polarization_0</polOrHoloId>
    <spectralWindowId>SpectralWindow_17</spectralWindowId>
  </row>
</DataDescriptionTable>

