<?xml version="1.0" encoding="UTF-8"?>
<FeedTable xmlns:xsi="http://www.w3.org/2001/XMLSchema-instance" xmlns:feed="http://Alma/XASDM/FeedTable" schemaVersion="3" schemaRevision="1.60.8.2">
  <Entity entityId="uid://A002/X551ca1/X1" entityIdEncrypted="na" entityTypeName="FeedTable" schemaVersion="1" documentVersion="1" />
  <ContainerEntity entityId="uid://A002/X551c61/X1" entityIdEncrypted="na" entityTypeName="ASDM" schemaVersion="1" documentVersion="1" />
  <row>
    <feedId>0</feedId>
    <timeInterval>7041628858540387903 4363486356628775807</timeInterval>
    <numReceptor>2</numReceptor>
    <beamOffset>2 2 2 0.0 0.0 0.0 0.0</beamOffset>
    <focusReference>2 2 3 -99999.0 -99999.0 -99999.0 -99999.0 -99999.0 -99999.0</focusReference>
    <polarizationTypes>1 2 X Y</polarizationTypes>
    <polResponse>2 2 2 0.0 0.0 0.0 0.0 0.0 0.0 0.0 0.0</polResponse>
    <receptorAngle>1 2 -10.0 80.0</receptorAngle>
    <antennaId>Antenna_0</antennaId>
    <receiverId>1 2 0 0</receiverId>
    <spectralWindowId>SpectralWindow_1</spectralWindowId>
  </row>
  <row>
    <feedId>0</feedId>
    <timeInterval>7041628858540387903 4363486356628775807</timeInterval>
    <numReceptor>2</numReceptor>
    <beamOffset>2 2 2 0.0 0.0 0.0 0.0</beamOffset>
    <focusReference>2 2 3 -99999.0 -99999.0 -99999.0 -99999.0 -99999.0 -99999.0</focusReference>
    <polarizationTypes>1 2 X Y</polarizationTypes>
    <polResponse>2 2 2 0.0 0.0 0.0 0.0 0.0 0.0 0.0 0.0</polResponse>
    <receptorAngle>1 2 -10.0 80.0</receptorAngle>
    <antennaId>Antenna_0</antennaId>
    <receiverId>1 2 0 0</receiverId>
    <spectralWindowId>SpectralWindow_2</spectralWindowId>
  </row>
  <row>
    <feedId>0</feedId>
    <timeInterval>7041628858540387903 4363486356628775807</timeInterval>
    <numReceptor>2</numReceptor>
    <beamOffset>2 2 2 0.0 0.0 0.0 0.0</beamOffset>
    <focusReference>2 2 3 -99999.0 -99999.0 -99999.0 -99999.0 -99999.0 -99999.0</focusReference>
    <polarizationTypes>1 2 X Y</polarizationTypes>
    <polResponse>2 2 2 0.0 0.0 0.0 0.0 0.0 0.0 0.0 0.0</polResponse>
    <receptorAngle>1 2 -10.0 80.0</receptorAngle>
    <antennaId>Antenna_0</antennaId>
    <receiverId>1 2 0 0</receiverId>
    <spectralWindowId>SpectralWindow_3</spectralWindowId>
  </row>
  <row>
    <feedId>0</feedId>
    <timeInterval>7041628858540387903 4363486356628775807</timeInterval>
    <numReceptor>2</numReceptor>
    <beamOffset>2 2 2 0.0 0.0 0.0 0.0</beamOffset>
    <focusReference>2 2 3 -99999.0 -99999.0 -99999.0 -99999.0 -99999.0 -99999.0</focusReference>
    <polarizationTypes>1 2 X Y</polarizationTypes>
    <polResponse>2 2 2 0.0 0.0 0.0 0.0 0.0 0.0 0.0 0.0</polResponse>
    <receptorAngle>1 2 -10.0 80.0</receptorAngle>
    <antennaId>Antenna_0</antennaId>
    <receiverId>1 2 0 0</receiverId>
    <spectralWindowId>SpectralWindow_4</spectralWindowId>
  </row>
  <row>
    <feedId>0</feedId>
    <timeInterval>7041628858540387903 4363486356628775807</timeInterval>
    <numReceptor>2</numReceptor>
    <beamOffset>2 2 2 0.0 0.0 0.0 0.0</beamOffset>
    <focusReference>2 2 3 -99999.0 -99999.0 -99999.0 -99999.0 -99999.0 -99999.0</focusReference>
    <polarizationTypes>1 2 X Y</polarizationTypes>
    <polResponse>2 2 2 0.0 0.0 0.0 0.0 0.0 0.0 0.0 0.0</polResponse>
    <receptorAngle>1 2 -10.0 80.0</receptorAngle>
    <antennaId>Antenna_0</antennaId>
    <receiverId>1 2 0 0</receiverId>
    <spectralWindowId>SpectralWindow_5</spectralWindowId>
  </row>
  <row>
    <feedId>0</feedId>
    <timeInterval>7041628858540387903 4363486356628775807</timeInterval>
    <numReceptor>2</numReceptor>
    <beamOffset>2 2 2 0.0 0.0 0.0 0.0</beamOffset>
    <focusReference>2 2 3 -99999.0 -99999.0 -99999.0 -99999.0 -99999.0 -99999.0</focusReference>
    <polarizationTypes>1 2 X Y</polarizationTypes>
    <polResponse>2 2 2 0.0 0.0 0.0 0.0 0.0 0.0 0.0 0.0</polResponse>
    <receptorAngle>1 2 -10.0 80.0</receptorAngle>
    <antennaId>Antenna_0</antennaId>
    <receiverId>1 2 0 0</receiverId>
    <spectralWindowId>SpectralWindow_6</spectralWindowId>
  </row>
  <row>
    <feedId>0</feedId>
    <timeInterval>7041628858540387903 4363486356628775807</timeInterval>
    <numReceptor>2</numReceptor>
    <beamOffset>2 2 2 0.0 0.0 0.0 0.0</beamOffset>
    <focusReference>2 2 3 -99999.0 -99999.0 -99999.0 -99999.0 -99999.0 -99999.0</focusReference>
    <polarizationTypes>1 2 X Y</polarizationTypes>
    <polResponse>2 2 2 0.0 0.0 0.0 0.0 0.0 0.0 0.0 0.0</polResponse>
    <receptorAngle>1 2 -10.0 80.0</receptorAngle>
    <antennaId>Antenna_0</antennaId>
    <receiverId>1 2 0 0</receiverId>
    <spectralWindowId>SpectralWindow_7</spectralWindowId>
  </row>
  <row>
    <feedId>0</feedId>
    <timeInterval>7041628858540387903 4363486356628775807</timeInterval>
    <numReceptor>2</numReceptor>
    <beamOffset>2 2 2 0.0 0.0 0.0 0.0</beamOffset>
    <focusReference>2 2 3 -99999.0 -99999.0 -99999.0 -99999.0 -99999.0 -99999.0</focusReference>
    <polarizationTypes>1 2 X Y</polarizationTypes>
    <polResponse>2 2 2 0.0 0.0 0.0 0.0 0.0 0.0 0.0 0.0</polResponse>
    <receptorAngle>1 2 -10.0 80.0</receptorAngle>
    <antennaId>Antenna_0</antennaId>
    <receiverId>1 2 0 0</receiverId>
    <spectralWindowId>SpectralWindow_8</spectralWindowId>
  </row>
  <row>
    <feedId>0</feedId>
    <timeInterval>7041628858540387903 4363486356628775807</timeInterval>
    <numReceptor>2</numReceptor>
    <beamOffset>2 2 2 0.0 0.0 0.0 0.0</beamOffset>
    <focusReference>2 2 3 -99999.0 -99999.0 -99999.0 -99999.0 -99999.0 -99999.0</focusReference>
    <polarizationTypes>1 2 X Y</polarizationTypes>
    <polResponse>2 2 2 0.0 0.0 0.0 0.0 0.0 0.0 0.0 0.0</polResponse>
    <receptorAngle>1 2 -10.0 80.0</receptorAngle>
    <antennaId>Antenna_0</antennaId>
    <receiverId>1 2 0 0</receiverId>
    <spectralWindowId>SpectralWindow_9</spectralWindowId>
  </row>
  <row>
    <feedId>0</feedId>
    <timeInterval>7041628858540387903 4363486356628775807</timeInterval>
    <numReceptor>2</numReceptor>
    <beamOffset>2 2 2 0.0 0.0 0.0 0.0</beamOffset>
    <focusReference>2 2 3 -99999.0 -99999.0 -99999.0 -99999.0 -99999.0 -99999.0</focusReference>
    <polarizationTypes>1 2 X Y</polarizationTypes>
    <polResponse>2 2 2 0.0 0.0 0.0 0.0 0.0 0.0 0.0 0.0</polResponse>
    <receptorAngle>1 2 -10.0 80.0</receptorAngle>
    <antennaId>Antenna_0</antennaId>
    <receiverId>1 2 0 0</receiverId>
    <spectralWindowId>SpectralWindow_10</spectralWindowId>
  </row>
  <row>
    <feedId>0</feedId>
    <timeInterval>7041628858540387903 4363486356628775807</timeInterval>
    <numReceptor>2</numReceptor>
    <beamOffset>2 2 2 0.0 0.0 0.0 0.0</beamOffset>
    <focusReference>2 2 3 -99999.0 -99999.0 -99999.0 -99999.0 -99999.0 -99999.0</focusReference>
    <polarizationTypes>1 2 X Y</polarizationTypes>
    <polResponse>2 2 2 0.0 0.0 0.0 0.0 0.0 0.0 0.0 0.0</polResponse>
    <receptorAngle>1 2 -10.0 80.0</receptorAngle>
    <antennaId>Antenna_0</antennaId>
    <receiverId>1 2 0 0</receiverId>
    <spectralWindowId>SpectralWindow_11</spectralWindowId>
  </row>
  <row>
    <feedId>0</feedId>
    <timeInterval>7041628858540387903 4363486356628775807</timeInterval>
    <numReceptor>2</numReceptor>
    <beamOffset>2 2 2 0.0 0.0 0.0 0.0</beamOffset>
    <focusReference>2 2 3 -99999.0 -99999.0 -99999.0 -99999.0 -99999.0 -99999.0</focusReference>
    <polarizationTypes>1 2 X Y</polarizationTypes>
    <polResponse>2 2 2 0.0 0.0 0.0 0.0 0.0 0.0 0.0 0.0</polResponse>
    <receptorAngle>1 2 -10.0 80.0</receptorAngle>
    <antennaId>Antenna_0</antennaId>
    <receiverId>1 2 0 0</receiverId>
    <spectralWindowId>SpectralWindow_12</spectralWindowId>
  </row>
  <row>
    <feedId>0</feedId>
    <timeInterval>7041628858540387903 4363486356628775807</timeInterval>
    <numReceptor>2</numReceptor>
    <beamOffset>2 2 2 0.0 0.0 0.0 0.0</beamOffset>
    <focusReference>2 2 3 -99999.0 -99999.0 -99999.0 -99999.0 -99999.0 -99999.0</focusReference>
    <polarizationTypes>1 2 X Y</polarizationTypes>
    <polResponse>2 2 2 0.0 0.0 0.0 0.0 0.0 0.0 0.0 0.0</polResponse>
    <receptorAngle>1 2 -10.0 80.0</receptorAngle>
    <antennaId>Antenna_0</antennaId>
    <receiverId>1 2 0 0</receiverId>
    <spectralWindowId>SpectralWindow_13</spectralWindowId>
  </row>
  <row>
    <feedId>0</feedId>
    <timeInterval>7041628858540387903 4363486356628775807</timeInterval>
    <numReceptor>2</numReceptor>
    <beamOffset>2 2 2 0.0 0.0 0.0 0.0</beamOffset>
    <focusReference>2 2 3 -99999.0 -99999.0 -99999.0 -99999.0 -99999.0 -99999.0</focusReference>
    <polarizationTypes>1 2 X Y</polarizationTypes>
    <polResponse>2 2 2 0.0 0.0 0.0 0.0 0.0 0.0 0.0 0.0</polResponse>
    <receptorAngle>1 2 -10.0 80.0</receptorAngle>
    <antennaId>Antenna_1</antennaId>
    <receiverId>1 2 0 0</receiverId>
    <spectralWindowId>SpectralWindow_1</spectralWindowId>
  </row>
  <row>
    <feedId>0</feedId>
    <timeInterval>7041628858540387903 4363486356628775807</timeInterval>
    <numReceptor>2</numReceptor>
    <beamOffset>2 2 2 0.0 0.0 0.0 0.0</beamOffset>
    <focusReference>2 2 3 -99999.0 -99999.0 -99999.0 -99999.0 -99999.0 -99999.0</focusReference>
    <polarizationTypes>1 2 X Y</polarizationTypes>
    <polResponse>2 2 2 0.0 0.0 0.0 0.0 0.0 0.0 0.0 0.0</polResponse>
    <receptorAngle>1 2 -10.0 80.0</receptorAngle>
    <antennaId>Antenna_1</antennaId>
    <receiverId>1 2 0 0</receiverId>
    <spectralWindowId>SpectralWindow_2</spectralWindowId>
  </row>
  <row>
    <feedId>0</feedId>
    <timeInterval>7041628858540387903 4363486356628775807</timeInterval>
    <numReceptor>2</numReceptor>
    <beamOffset>2 2 2 0.0 0.0 0.0 0.0</beamOffset>
    <focusReference>2 2 3 -99999.0 -99999.0 -99999.0 -99999.0 -99999.0 -99999.0</focusReference>
    <polarizationTypes>1 2 X Y</polarizationTypes>
    <polResponse>2 2 2 0.0 0.0 0.0 0.0 0.0 0.0 0.0 0.0</polResponse>
    <receptorAngle>1 2 -10.0 80.0</receptorAngle>
    <antennaId>Antenna_1</antennaId>
    <receiverId>1 2 0 0</receiverId>
    <spectralWindowId>SpectralWindow_3</spectralWindowId>
  </row>
  <row>
    <feedId>0</feedId>
    <timeInterval>7041628858540387903 4363486356628775807</timeInterval>
    <numReceptor>2</numReceptor>
    <beamOffset>2 2 2 0.0 0.0 0.0 0.0</beamOffset>
    <focusReference>2 2 3 -99999.0 -99999.0 -99999.0 -99999.0 -99999.0 -99999.0</focusReference>
    <polarizationTypes>1 2 X Y</polarizationTypes>
    <polResponse>2 2 2 0.0 0.0 0.0 0.0 0.0 0.0 0.0 0.0</polResponse>
    <receptorAngle>1 2 -10.0 80.0</receptorAngle>
    <antennaId>Antenna_1</antennaId>
    <receiverId>1 2 0 0</receiverId>
    <spectralWindowId>SpectralWindow_4</spectralWindowId>
  </row>
  <row>
    <feedId>0</feedId>
    <timeInterval>7041628858540387903 4363486356628775807</timeInterval>
    <numReceptor>2</numReceptor>
    <beamOffset>2 2 2 0.0 0.0 0.0 0.0</beamOffset>
    <focusReference>2 2 3 -99999.0 -99999.0 -99999.0 -99999.0 -99999.0 -99999.0</focusReference>
    <polarizationTypes>1 2 X Y</polarizationTypes>
    <polResponse>2 2 2 0.0 0.0 0.0 0.0 0.0 0.0 0.0 0.0</polResponse>
    <receptorAngle>1 2 -10.0 80.0</receptorAngle>
    <antennaId>Antenna_1</antennaId>
    <receiverId>1 2 0 0</receiverId>
    <spectralWindowId>SpectralWindow_5</spectralWindowId>
  </row>
  <row>
    <feedId>0</feedId>
    <timeInterval>7041628858540387903 4363486356628775807</timeInterval>
    <numReceptor>2</numReceptor>
    <beamOffset>2 2 2 0.0 0.0 0.0 0.0</beamOffset>
    <focusReference>2 2 3 -99999.0 -99999.0 -99999.0 -99999.0 -99999.0 -99999.0</focusReference>
    <polarizationTypes>1 2 X Y</polarizationTypes>
    <polResponse>2 2 2 0.0 0.0 0.0 0.0 0.0 0.0 0.0 0.0</polResponse>
    <receptorAngle>1 2 -10.0 80.0</receptorAngle>
    <antennaId>Antenna_1</antennaId>
    <receiverId>1 2 0 0</receiverId>
    <spectralWindowId>SpectralWindow_6</spectralWindowId>
  </row>
  <row>
    <feedId>0</feedId>
    <timeInterval>7041628858540387903 4363486356628775807</timeInterval>
    <numReceptor>2</numReceptor>
    <beamOffset>2 2 2 0.0 0.0 0.0 0.0</beamOffset>
    <focusReference>2 2 3 -99999.0 -99999.0 -99999.0 -99999.0 -99999.0 -99999.0</focusReference>
    <polarizationTypes>1 2 X Y</polarizationTypes>
    <polResponse>2 2 2 0.0 0.0 0.0 0.0 0.0 0.0 0.0 0.0</polResponse>
    <receptorAngle>1 2 -10.0 80.0</receptorAngle>
    <antennaId>Antenna_1</antennaId>
    <receiverId>1 2 0 0</receiverId>
    <spectralWindowId>SpectralWindow_7</spectralWindowId>
  </row>
  <row>
    <feedId>0</feedId>
    <timeInterval>7041628858540387903 4363486356628775807</timeInterval>
    <numReceptor>2</numReceptor>
    <beamOffset>2 2 2 0.0 0.0 0.0 0.0</beamOffset>
    <focusReference>2 2 3 -99999.0 -99999.0 -99999.0 -99999.0 -99999.0 -99999.0</focusReference>
    <polarizationTypes>1 2 X Y</polarizationTypes>
    <polResponse>2 2 2 0.0 0.0 0.0 0.0 0.0 0.0 0.0 0.0</polResponse>
    <receptorAngle>1 2 -10.0 80.0</receptorAngle>
    <antennaId>Antenna_1</antennaId>
    <receiverId>1 2 0 0</receiverId>
    <spectralWindowId>SpectralWindow_8</spectralWindowId>
  </row>
  <row>
    <feedId>0</feedId>
    <timeInterval>7041628858540387903 4363486356628775807</timeInterval>
    <numReceptor>2</numReceptor>
    <beamOffset>2 2 2 0.0 0.0 0.0 0.0</beamOffset>
    <focusReference>2 2 3 -99999.0 -99999.0 -99999.0 -99999.0 -99999.0 -99999.0</focusReference>
    <polarizationTypes>1 2 X Y</polarizationTypes>
    <polResponse>2 2 2 0.0 0.0 0.0 0.0 0.0 0.0 0.0 0.0</polResponse>
    <receptorAngle>1 2 -10.0 80.0</receptorAngle>
    <antennaId>Antenna_1</antennaId>
    <receiverId>1 2 0 0</receiverId>
    <spectralWindowId>SpectralWindow_9</spectralWindowId>
  </row>
  <row>
    <feedId>0</feedId>
    <timeInterval>7041628858540387903 4363486356628775807</timeInterval>
    <numReceptor>2</numReceptor>
    <beamOffset>2 2 2 0.0 0.0 0.0 0.0</beamOffset>
    <focusReference>2 2 3 -99999.0 -99999.0 -99999.0 -99999.0 -99999.0 -99999.0</focusReference>
    <polarizationTypes>1 2 X Y</polarizationTypes>
    <polResponse>2 2 2 0.0 0.0 0.0 0.0 0.0 0.0 0.0 0.0</polResponse>
    <receptorAngle>1 2 -10.0 80.0</receptorAngle>
    <antennaId>Antenna_1</antennaId>
    <receiverId>1 2 0 0</receiverId>
    <spectralWindowId>SpectralWindow_10</spectralWindowId>
  </row>
  <row>
    <feedId>0</feedId>
    <timeInterval>7041628858540387903 4363486356628775807</timeInterval>
    <numReceptor>2</numReceptor>
    <beamOffset>2 2 2 0.0 0.0 0.0 0.0</beamOffset>
    <focusReference>2 2 3 -99999.0 -99999.0 -99999.0 -99999.0 -99999.0 -99999.0</focusReference>
    <polarizationTypes>1 2 X Y</polarizationTypes>
    <polResponse>2 2 2 0.0 0.0 0.0 0.0 0.0 0.0 0.0 0.0</polResponse>
    <receptorAngle>1 2 -10.0 80.0</receptorAngle>
    <antennaId>Antenna_1</antennaId>
    <receiverId>1 2 0 0</receiverId>
    <spectralWindowId>SpectralWindow_11</spectralWindowId>
  </row>
  <row>
    <feedId>0</feedId>
    <timeInterval>7041628858540387903 4363486356628775807</timeInterval>
    <numReceptor>2</numReceptor>
    <beamOffset>2 2 2 0.0 0.0 0.0 0.0</beamOffset>
    <focusReference>2 2 3 -99999.0 -99999.0 -99999.0 -99999.0 -99999.0 -99999.0</focusReference>
    <polarizationTypes>1 2 X Y</polarizationTypes>
    <polResponse>2 2 2 0.0 0.0 0.0 0.0 0.0 0.0 0.0 0.0</polResponse>
    <receptorAngle>1 2 -10.0 80.0</receptorAngle>
    <antennaId>Antenna_1</antennaId>
    <receiverId>1 2 0 0</receiverId>
    <spectralWindowId>SpectralWindow_12</spectralWindowId>
  </row>
  <row>
    <feedId>0</feedId>
    <timeInterval>7041628858540387903 4363486356628775807</timeInterval>
    <numReceptor>2</numReceptor>
    <beamOffset>2 2 2 0.0 0.0 0.0 0.0</beamOffset>
    <focusReference>2 2 3 -99999.0 -99999.0 -99999.0 -99999.0 -99999.0 -99999.0</focusReference>
    <polarizationTypes>1 2 X Y</polarizationTypes>
    <polResponse>2 2 2 0.0 0.0 0.0 0.0 0.0 0.0 0.0 0.0</polResponse>
    <receptorAngle>1 2 -10.0 80.0</receptorAngle>
    <antennaId>Antenna_1</antennaId>
    <receiverId>1 2 0 0</receiverId>
    <spectralWindowId>SpectralWindow_13</spectralWindowId>
  </row>
  <row>
    <feedId>0</feedId>
    <timeInterval>7041628858540387903 4363486356628775807</timeInterval>
    <numReceptor>2</numReceptor>
    <beamOffset>2 2 2 0.0 0.0 0.0 0.0</beamOffset>
    <focusReference>2 2 3 -99999.0 -99999.0 -99999.0 -99999.0 -99999.0 -99999.0</focusReference>
    <polarizationTypes>1 2 X Y</polarizationTypes>
    <polResponse>2 2 2 0.0 0.0 0.0 0.0 0.0 0.0 0.0 0.0</polResponse>
    <receptorAngle>1 2 -10.0 80.0</receptorAngle>
    <antennaId>Antenna_2</antennaId>
    <receiverId>1 2 0 0</receiverId>
    <spectralWindowId>SpectralWindow_1</spectralWindowId>
  </row>
  <row>
    <feedId>0</feedId>
    <timeInterval>7041628858540387903 4363486356628775807</timeInterval>
    <numReceptor>2</numReceptor>
    <beamOffset>2 2 2 0.0 0.0 0.0 0.0</beamOffset>
    <focusReference>2 2 3 -99999.0 -99999.0 -99999.0 -99999.0 -99999.0 -99999.0</focusReference>
    <polarizationTypes>1 2 X Y</polarizationTypes>
    <polResponse>2 2 2 0.0 0.0 0.0 0.0 0.0 0.0 0.0 0.0</polResponse>
    <receptorAngle>1 2 -10.0 80.0</receptorAngle>
    <antennaId>Antenna_2</antennaId>
    <receiverId>1 2 0 0</receiverId>
    <spectralWindowId>SpectralWindow_2</spectralWindowId>
  </row>
  <row>
    <feedId>0</feedId>
    <timeInterval>7041628858540387903 4363486356628775807</timeInterval>
    <numReceptor>2</numReceptor>
    <beamOffset>2 2 2 0.0 0.0 0.0 0.0</beamOffset>
    <focusReference>2 2 3 -99999.0 -99999.0 -99999.0 -99999.0 -99999.0 -99999.0</focusReference>
    <polarizationTypes>1 2 X Y</polarizationTypes>
    <polResponse>2 2 2 0.0 0.0 0.0 0.0 0.0 0.0 0.0 0.0</polResponse>
    <receptorAngle>1 2 -10.0 80.0</receptorAngle>
    <antennaId>Antenna_2</antennaId>
    <receiverId>1 2 0 0</receiverId>
    <spectralWindowId>SpectralWindow_3</spectralWindowId>
  </row>
  <row>
    <feedId>0</feedId>
    <timeInterval>7041628858540387903 4363486356628775807</timeInterval>
    <numReceptor>2</numReceptor>
    <beamOffset>2 2 2 0.0 0.0 0.0 0.0</beamOffset>
    <focusReference>2 2 3 -99999.0 -99999.0 -99999.0 -99999.0 -99999.0 -99999.0</focusReference>
    <polarizationTypes>1 2 X Y</polarizationTypes>
    <polResponse>2 2 2 0.0 0.0 0.0 0.0 0.0 0.0 0.0 0.0</polResponse>
    <receptorAngle>1 2 -10.0 80.0</receptorAngle>
    <antennaId>Antenna_2</antennaId>
    <receiverId>1 2 0 0</receiverId>
    <spectralWindowId>SpectralWindow_4</spectralWindowId>
  </row>
  <row>
    <feedId>0</feedId>
    <timeInterval>7041628858540387903 4363486356628775807</timeInterval>
    <numReceptor>2</numReceptor>
    <beamOffset>2 2 2 0.0 0.0 0.0 0.0</beamOffset>
    <focusReference>2 2 3 -99999.0 -99999.0 -99999.0 -99999.0 -99999.0 -99999.0</focusReference>
    <polarizationTypes>1 2 X Y</polarizationTypes>
    <polResponse>2 2 2 0.0 0.0 0.0 0.0 0.0 0.0 0.0 0.0</polResponse>
    <receptorAngle>1 2 -10.0 80.0</receptorAngle>
    <antennaId>Antenna_2</antennaId>
    <receiverId>1 2 0 0</receiverId>
    <spectralWindowId>SpectralWindow_5</spectralWindowId>
  </row>
  <row>
    <feedId>0</feedId>
    <timeInterval>7041628858540387903 4363486356628775807</timeInterval>
    <numReceptor>2</numReceptor>
    <beamOffset>2 2 2 0.0 0.0 0.0 0.0</beamOffset>
    <focusReference>2 2 3 -99999.0 -99999.0 -99999.0 -99999.0 -99999.0 -99999.0</focusReference>
    <polarizationTypes>1 2 X Y</polarizationTypes>
    <polResponse>2 2 2 0.0 0.0 0.0 0.0 0.0 0.0 0.0 0.0</polResponse>
    <receptorAngle>1 2 -10.0 80.0</receptorAngle>
    <antennaId>Antenna_2</antennaId>
    <receiverId>1 2 0 0</receiverId>
    <spectralWindowId>SpectralWindow_6</spectralWindowId>
  </row>
  <row>
    <feedId>0</feedId>
    <timeInterval>7041628858540387903 4363486356628775807</timeInterval>
    <numReceptor>2</numReceptor>
    <beamOffset>2 2 2 0.0 0.0 0.0 0.0</beamOffset>
    <focusReference>2 2 3 -99999.0 -99999.0 -99999.0 -99999.0 -99999.0 -99999.0</focusReference>
    <polarizationTypes>1 2 X Y</polarizationTypes>
    <polResponse>2 2 2 0.0 0.0 0.0 0.0 0.0 0.0 0.0 0.0</polResponse>
    <receptorAngle>1 2 -10.0 80.0</receptorAngle>
    <antennaId>Antenna_2</antennaId>
    <receiverId>1 2 0 0</receiverId>
    <spectralWindowId>SpectralWindow_7</spectralWindowId>
  </row>
  <row>
    <feedId>0</feedId>
    <timeInterval>7041628858540387903 4363486356628775807</timeInterval>
    <numReceptor>2</numReceptor>
    <beamOffset>2 2 2 0.0 0.0 0.0 0.0</beamOffset>
    <focusReference>2 2 3 -99999.0 -99999.0 -99999.0 -99999.0 -99999.0 -99999.0</focusReference>
    <polarizationTypes>1 2 X Y</polarizationTypes>
    <polResponse>2 2 2 0.0 0.0 0.0 0.0 0.0 0.0 0.0 0.0</polResponse>
    <receptorAngle>1 2 -10.0 80.0</receptorAngle>
    <antennaId>Antenna_2</antennaId>
    <receiverId>1 2 0 0</receiverId>
    <spectralWindowId>SpectralWindow_8</spectralWindowId>
  </row>
  <row>
    <feedId>0</feedId>
    <timeInterval>7041628858540387903 4363486356628775807</timeInterval>
    <numReceptor>2</numReceptor>
    <beamOffset>2 2 2 0.0 0.0 0.0 0.0</beamOffset>
    <focusReference>2 2 3 -99999.0 -99999.0 -99999.0 -99999.0 -99999.0 -99999.0</focusReference>
    <polarizationTypes>1 2 X Y</polarizationTypes>
    <polResponse>2 2 2 0.0 0.0 0.0 0.0 0.0 0.0 0.0 0.0</polResponse>
    <receptorAngle>1 2 -10.0 80.0</receptorAngle>
    <antennaId>Antenna_2</antennaId>
    <receiverId>1 2 0 0</receiverId>
    <spectralWindowId>SpectralWindow_9</spectralWindowId>
  </row>
  <row>
    <feedId>0</feedId>
    <timeInterval>7041628858540387903 4363486356628775807</timeInterval>
    <numReceptor>2</numReceptor>
    <beamOffset>2 2 2 0.0 0.0 0.0 0.0</beamOffset>
    <focusReference>2 2 3 -99999.0 -99999.0 -99999.0 -99999.0 -99999.0 -99999.0</focusReference>
    <polarizationTypes>1 2 X Y</polarizationTypes>
    <polResponse>2 2 2 0.0 0.0 0.0 0.0 0.0 0.0 0.0 0.0</polResponse>
    <receptorAngle>1 2 -10.0 80.0</receptorAngle>
    <antennaId>Antenna_2</antennaId>
    <receiverId>1 2 0 0</receiverId>
    <spectralWindowId>SpectralWindow_10</spectralWindowId>
  </row>
  <row>
    <feedId>0</feedId>
    <timeInterval>7041628858540387903 4363486356628775807</timeInterval>
    <numReceptor>2</numReceptor>
    <beamOffset>2 2 2 0.0 0.0 0.0 0.0</beamOffset>
    <focusReference>2 2 3 -99999.0 -99999.0 -99999.0 -99999.0 -99999.0 -99999.0</focusReference>
    <polarizationTypes>1 2 X Y</polarizationTypes>
    <polResponse>2 2 2 0.0 0.0 0.0 0.0 0.0 0.0 0.0 0.0</polResponse>
    <receptorAngle>1 2 -10.0 80.0</receptorAngle>
    <antennaId>Antenna_2</antennaId>
    <receiverId>1 2 0 0</receiverId>
    <spectralWindowId>SpectralWindow_11</spectralWindowId>
  </row>
  <row>
    <feedId>0</feedId>
    <timeInterval>7041628858540387903 4363486356628775807</timeInterval>
    <numReceptor>2</numReceptor>
    <beamOffset>2 2 2 0.0 0.0 0.0 0.0</beamOffset>
    <focusReference>2 2 3 -99999.0 -99999.0 -99999.0 -99999.0 -99999.0 -99999.0</focusReference>
    <polarizationTypes>1 2 X Y</polarizationTypes>
    <polResponse>2 2 2 0.0 0.0 0.0 0.0 0.0 0.0 0.0 0.0</polResponse>
    <receptorAngle>1 2 -10.0 80.0</receptorAngle>
    <antennaId>Antenna_2</antennaId>
    <receiverId>1 2 0 0</receiverId>
    <spectralWindowId>SpectralWindow_12</spectralWindowId>
  </row>
  <row>
    <feedId>0</feedId>
    <timeInterval>7041628858540387903 4363486356628775807</timeInterval>
    <numReceptor>2</numReceptor>
    <beamOffset>2 2 2 0.0 0.0 0.0 0.0</beamOffset>
    <focusReference>2 2 3 -99999.0 -99999.0 -99999.0 -99999.0 -99999.0 -99999.0</focusReference>
    <polarizationTypes>1 2 X Y</polarizationTypes>
    <polResponse>2 2 2 0.0 0.0 0.0 0.0 0.0 0.0 0.0 0.0</polResponse>
    <receptorAngle>1 2 -10.0 80.0</receptorAngle>
    <antennaId>Antenna_2</antennaId>
    <receiverId>1 2 0 0</receiverId>
    <spectralWindowId>SpectralWindow_13</spectralWindowId>
  </row>
  <row>
    <feedId>0</feedId>
    <timeInterval>7041628858540387903 4363486356628775807</timeInterval>
    <numReceptor>2</numReceptor>
    <beamOffset>2 2 2 0.0 0.0 0.0 0.0</beamOffset>
    <focusReference>2 2 3 -99999.0 -99999.0 -99999.0 -99999.0 -99999.0 -99999.0</focusReference>
    <polarizationTypes>1 2 X Y</polarizationTypes>
    <polResponse>2 2 2 0.0 0.0 0.0 0.0 0.0 0.0 0.0 0.0</polResponse>
    <receptorAngle>1 2 -10.0 80.0</receptorAngle>
    <antennaId>Antenna_3</antennaId>
    <receiverId>1 2 0 0</receiverId>
    <spectralWindowId>SpectralWindow_1</spectralWindowId>
  </row>
  <row>
    <feedId>0</feedId>
    <timeInterval>7041628858540387903 4363486356628775807</timeInterval>
    <numReceptor>2</numReceptor>
    <beamOffset>2 2 2 0.0 0.0 0.0 0.0</beamOffset>
    <focusReference>2 2 3 -99999.0 -99999.0 -99999.0 -99999.0 -99999.0 -99999.0</focusReference>
    <polarizationTypes>1 2 X Y</polarizationTypes>
    <polResponse>2 2 2 0.0 0.0 0.0 0.0 0.0 0.0 0.0 0.0</polResponse>
    <receptorAngle>1 2 -10.0 80.0</receptorAngle>
    <antennaId>Antenna_3</antennaId>
    <receiverId>1 2 0 0</receiverId>
    <spectralWindowId>SpectralWindow_2</spectralWindowId>
  </row>
  <row>
    <feedId>0</feedId>
    <timeInterval>7041628858540387903 4363486356628775807</timeInterval>
    <numReceptor>2</numReceptor>
    <beamOffset>2 2 2 0.0 0.0 0.0 0.0</beamOffset>
    <focusReference>2 2 3 -99999.0 -99999.0 -99999.0 -99999.0 -99999.0 -99999.0</focusReference>
    <polarizationTypes>1 2 X Y</polarizationTypes>
    <polResponse>2 2 2 0.0 0.0 0.0 0.0 0.0 0.0 0.0 0.0</polResponse>
    <receptorAngle>1 2 -10.0 80.0</receptorAngle>
    <antennaId>Antenna_3</antennaId>
    <receiverId>1 2 0 0</receiverId>
    <spectralWindowId>SpectralWindow_3</spectralWindowId>
  </row>
  <row>
    <feedId>0</feedId>
    <timeInterval>7041628858540387903 4363486356628775807</timeInterval>
    <numReceptor>2</numReceptor>
    <beamOffset>2 2 2 0.0 0.0 0.0 0.0</beamOffset>
    <focusReference>2 2 3 -99999.0 -99999.0 -99999.0 -99999.0 -99999.0 -99999.0</focusReference>
    <polarizationTypes>1 2 X Y</polarizationTypes>
    <polResponse>2 2 2 0.0 0.0 0.0 0.0 0.0 0.0 0.0 0.0</polResponse>
    <receptorAngle>1 2 -10.0 80.0</receptorAngle>
    <antennaId>Antenna_3</antennaId>
    <receiverId>1 2 0 0</receiverId>
    <spectralWindowId>SpectralWindow_4</spectralWindowId>
  </row>
  <row>
    <feedId>0</feedId>
    <timeInterval>7041628858540387903 4363486356628775807</timeInterval>
    <numReceptor>2</numReceptor>
    <beamOffset>2 2 2 0.0 0.0 0.0 0.0</beamOffset>
    <focusReference>2 2 3 -99999.0 -99999.0 -99999.0 -99999.0 -99999.0 -99999.0</focusReference>
    <polarizationTypes>1 2 X Y</polarizationTypes>
    <polResponse>2 2 2 0.0 0.0 0.0 0.0 0.0 0.0 0.0 0.0</polResponse>
    <receptorAngle>1 2 -10.0 80.0</receptorAngle>
    <antennaId>Antenna_3</antennaId>
    <receiverId>1 2 0 0</receiverId>
    <spectralWindowId>SpectralWindow_5</spectralWindowId>
  </row>
  <row>
    <feedId>0</feedId>
    <timeInterval>7041628858540387903 4363486356628775807</timeInterval>
    <numReceptor>2</numReceptor>
    <beamOffset>2 2 2 0.0 0.0 0.0 0.0</beamOffset>
    <focusReference>2 2 3 -99999.0 -99999.0 -99999.0 -99999.0 -99999.0 -99999.0</focusReference>
    <polarizationTypes>1 2 X Y</polarizationTypes>
    <polResponse>2 2 2 0.0 0.0 0.0 0.0 0.0 0.0 0.0 0.0</polResponse>
    <receptorAngle>1 2 -10.0 80.0</receptorAngle>
    <antennaId>Antenna_3</antennaId>
    <receiverId>1 2 0 0</receiverId>
    <spectralWindowId>SpectralWindow_6</spectralWindowId>
  </row>
  <row>
    <feedId>0</feedId>
    <timeInterval>7041628858540387903 4363486356628775807</timeInterval>
    <numReceptor>2</numReceptor>
    <beamOffset>2 2 2 0.0 0.0 0.0 0.0</beamOffset>
    <focusReference>2 2 3 -99999.0 -99999.0 -99999.0 -99999.0 -99999.0 -99999.0</focusReference>
    <polarizationTypes>1 2 X Y</polarizationTypes>
    <polResponse>2 2 2 0.0 0.0 0.0 0.0 0.0 0.0 0.0 0.0</polResponse>
    <receptorAngle>1 2 -10.0 80.0</receptorAngle>
    <antennaId>Antenna_3</antennaId>
    <receiverId>1 2 0 0</receiverId>
    <spectralWindowId>SpectralWindow_7</spectralWindowId>
  </row>
  <row>
    <feedId>0</feedId>
    <timeInterval>7041628858540387903 4363486356628775807</timeInterval>
    <numReceptor>2</numReceptor>
    <beamOffset>2 2 2 0.0 0.0 0.0 0.0</beamOffset>
    <focusReference>2 2 3 -99999.0 -99999.0 -99999.0 -99999.0 -99999.0 -99999.0</focusReference>
    <polarizationTypes>1 2 X Y</polarizationTypes>
    <polResponse>2 2 2 0.0 0.0 0.0 0.0 0.0 0.0 0.0 0.0</polResponse>
    <receptorAngle>1 2 -10.0 80.0</receptorAngle>
    <antennaId>Antenna_3</antennaId>
    <receiverId>1 2 0 0</receiverId>
    <spectralWindowId>SpectralWindow_8</spectralWindowId>
  </row>
  <row>
    <feedId>0</feedId>
    <timeInterval>7041628858540387903 4363486356628775807</timeInterval>
    <numReceptor>2</numReceptor>
    <beamOffset>2 2 2 0.0 0.0 0.0 0.0</beamOffset>
    <focusReference>2 2 3 -99999.0 -99999.0 -99999.0 -99999.0 -99999.0 -99999.0</focusReference>
    <polarizationTypes>1 2 X Y</polarizationTypes>
    <polResponse>2 2 2 0.0 0.0 0.0 0.0 0.0 0.0 0.0 0.0</polResponse>
    <receptorAngle>1 2 -10.0 80.0</receptorAngle>
    <antennaId>Antenna_3</antennaId>
    <receiverId>1 2 0 0</receiverId>
    <spectralWindowId>SpectralWindow_9</spectralWindowId>
  </row>
  <row>
    <feedId>0</feedId>
    <timeInterval>7041628858540387903 4363486356628775807</timeInterval>
    <numReceptor>2</numReceptor>
    <beamOffset>2 2 2 0.0 0.0 0.0 0.0</beamOffset>
    <focusReference>2 2 3 -99999.0 -99999.0 -99999.0 -99999.0 -99999.0 -99999.0</focusReference>
    <polarizationTypes>1 2 X Y</polarizationTypes>
    <polResponse>2 2 2 0.0 0.0 0.0 0.0 0.0 0.0 0.0 0.0</polResponse>
    <receptorAngle>1 2 -10.0 80.0</receptorAngle>
    <antennaId>Antenna_3</antennaId>
    <receiverId>1 2 0 0</receiverId>
    <spectralWindowId>SpectralWindow_10</spectralWindowId>
  </row>
  <row>
    <feedId>0</feedId>
    <timeInterval>7041628858540387903 4363486356628775807</timeInterval>
    <numReceptor>2</numReceptor>
    <beamOffset>2 2 2 0.0 0.0 0.0 0.0</beamOffset>
    <focusReference>2 2 3 -99999.0 -99999.0 -99999.0 -99999.0 -99999.0 -99999.0</focusReference>
    <polarizationTypes>1 2 X Y</polarizationTypes>
    <polResponse>2 2 2 0.0 0.0 0.0 0.0 0.0 0.0 0.0 0.0</polResponse>
    <receptorAngle>1 2 -10.0 80.0</receptorAngle>
    <antennaId>Antenna_3</antennaId>
    <receiverId>1 2 0 0</receiverId>
    <spectralWindowId>SpectralWindow_11</spectralWindowId>
  </row>
  <row>
    <feedId>0</feedId>
    <timeInterval>7041628858540387903 4363486356628775807</timeInterval>
    <numReceptor>2</numReceptor>
    <beamOffset>2 2 2 0.0 0.0 0.0 0.0</beamOffset>
    <focusReference>2 2 3 -99999.0 -99999.0 -99999.0 -99999.0 -99999.0 -99999.0</focusReference>
    <polarizationTypes>1 2 X Y</polarizationTypes>
    <polResponse>2 2 2 0.0 0.0 0.0 0.0 0.0 0.0 0.0 0.0</polResponse>
    <receptorAngle>1 2 -10.0 80.0</receptorAngle>
    <antennaId>Antenna_3</antennaId>
    <receiverId>1 2 0 0</receiverId>
    <spectralWindowId>SpectralWindow_12</spectralWindowId>
  </row>
  <row>
    <feedId>0</feedId>
    <timeInterval>7041628858540387903 4363486356628775807</timeInterval>
    <numReceptor>2</numReceptor>
    <beamOffset>2 2 2 0.0 0.0 0.0 0.0</beamOffset>
    <focusReference>2 2 3 -99999.0 -99999.0 -99999.0 -99999.0 -99999.0 -99999.0</focusReference>
    <polarizationTypes>1 2 X Y</polarizationTypes>
    <polResponse>2 2 2 0.0 0.0 0.0 0.0 0.0 0.0 0.0 0.0</polResponse>
    <receptorAngle>1 2 -10.0 80.0</receptorAngle>
    <antennaId>Antenna_3</antennaId>
    <receiverId>1 2 0 0</receiverId>
    <spectralWindowId>SpectralWindow_13</spectralWindowId>
  </row>
  <row>
    <feedId>0</feedId>
    <timeInterval>7041628858540387903 4363486356628775807</timeInterval>
    <numReceptor>2</numReceptor>
    <beamOffset>2 2 2 0.0 0.0 0.0 0.0</beamOffset>
    <focusReference>2 2 3 -99999.0 -99999.0 -99999.0 -99999.0 -99999.0 -99999.0</focusReference>
    <polarizationTypes>1 2 X Y</polarizationTypes>
    <polResponse>2 2 2 0.0 0.0 0.0 0.0 0.0 0.0 0.0 0.0</polResponse>
    <receptorAngle>1 2 -10.0 80.0</receptorAngle>
    <antennaId>Antenna_4</antennaId>
    <receiverId>1 2 0 0</receiverId>
    <spectralWindowId>SpectralWindow_1</spectralWindowId>
  </row>
  <row>
    <feedId>0</feedId>
    <timeInterval>7041628858540387903 4363486356628775807</timeInterval>
    <numReceptor>2</numReceptor>
    <beamOffset>2 2 2 0.0 0.0 0.0 0.0</beamOffset>
    <focusReference>2 2 3 -99999.0 -99999.0 -99999.0 -99999.0 -99999.0 -99999.0</focusReference>
    <polarizationTypes>1 2 X Y</polarizationTypes>
    <polResponse>2 2 2 0.0 0.0 0.0 0.0 0.0 0.0 0.0 0.0</polResponse>
    <receptorAngle>1 2 -10.0 80.0</receptorAngle>
    <antennaId>Antenna_4</antennaId>
    <receiverId>1 2 0 0</receiverId>
    <spectralWindowId>SpectralWindow_2</spectralWindowId>
  </row>
  <row>
    <feedId>0</feedId>
    <timeInterval>7041628858540387903 4363486356628775807</timeInterval>
    <numReceptor>2</numReceptor>
    <beamOffset>2 2 2 0.0 0.0 0.0 0.0</beamOffset>
    <focusReference>2 2 3 -99999.0 -99999.0 -99999.0 -99999.0 -99999.0 -99999.0</focusReference>
    <polarizationTypes>1 2 X Y</polarizationTypes>
    <polResponse>2 2 2 0.0 0.0 0.0 0.0 0.0 0.0 0.0 0.0</polResponse>
    <receptorAngle>1 2 -10.0 80.0</receptorAngle>
    <antennaId>Antenna_4</antennaId>
    <receiverId>1 2 0 0</receiverId>
    <spectralWindowId>SpectralWindow_3</spectralWindowId>
  </row>
  <row>
    <feedId>0</feedId>
    <timeInterval>7041628858540387903 4363486356628775807</timeInterval>
    <numReceptor>2</numReceptor>
    <beamOffset>2 2 2 0.0 0.0 0.0 0.0</beamOffset>
    <focusReference>2 2 3 -99999.0 -99999.0 -99999.0 -99999.0 -99999.0 -99999.0</focusReference>
    <polarizationTypes>1 2 X Y</polarizationTypes>
    <polResponse>2 2 2 0.0 0.0 0.0 0.0 0.0 0.0 0.0 0.0</polResponse>
    <receptorAngle>1 2 -10.0 80.0</receptorAngle>
    <antennaId>Antenna_4</antennaId>
    <receiverId>1 2 0 0</receiverId>
    <spectralWindowId>SpectralWindow_4</spectralWindowId>
  </row>
  <row>
    <feedId>0</feedId>
    <timeInterval>7041628858540387903 4363486356628775807</timeInterval>
    <numReceptor>2</numReceptor>
    <beamOffset>2 2 2 0.0 0.0 0.0 0.0</beamOffset>
    <focusReference>2 2 3 -99999.0 -99999.0 -99999.0 -99999.0 -99999.0 -99999.0</focusReference>
    <polarizationTypes>1 2 X Y</polarizationTypes>
    <polResponse>2 2 2 0.0 0.0 0.0 0.0 0.0 0.0 0.0 0.0</polResponse>
    <receptorAngle>1 2 -10.0 80.0</receptorAngle>
    <antennaId>Antenna_4</antennaId>
    <receiverId>1 2 0 0</receiverId>
    <spectralWindowId>SpectralWindow_5</spectralWindowId>
  </row>
  <row>
    <feedId>0</feedId>
    <timeInterval>7041628858540387903 4363486356628775807</timeInterval>
    <numReceptor>2</numReceptor>
    <beamOffset>2 2 2 0.0 0.0 0.0 0.0</beamOffset>
    <focusReference>2 2 3 -99999.0 -99999.0 -99999.0 -99999.0 -99999.0 -99999.0</focusReference>
    <polarizationTypes>1 2 X Y</polarizationTypes>
    <polResponse>2 2 2 0.0 0.0 0.0 0.0 0.0 0.0 0.0 0.0</polResponse>
    <receptorAngle>1 2 -10.0 80.0</receptorAngle>
    <antennaId>Antenna_4</antennaId>
    <receiverId>1 2 0 0</receiverId>
    <spectralWindowId>SpectralWindow_6</spectralWindowId>
  </row>
  <row>
    <feedId>0</feedId>
    <timeInterval>7041628858540387903 4363486356628775807</timeInterval>
    <numReceptor>2</numReceptor>
    <beamOffset>2 2 2 0.0 0.0 0.0 0.0</beamOffset>
    <focusReference>2 2 3 -99999.0 -99999.0 -99999.0 -99999.0 -99999.0 -99999.0</focusReference>
    <polarizationTypes>1 2 X Y</polarizationTypes>
    <polResponse>2 2 2 0.0 0.0 0.0 0.0 0.0 0.0 0.0 0.0</polResponse>
    <receptorAngle>1 2 -10.0 80.0</receptorAngle>
    <antennaId>Antenna_4</antennaId>
    <receiverId>1 2 0 0</receiverId>
    <spectralWindowId>SpectralWindow_7</spectralWindowId>
  </row>
  <row>
    <feedId>0</feedId>
    <timeInterval>7041628858540387903 4363486356628775807</timeInterval>
    <numReceptor>2</numReceptor>
    <beamOffset>2 2 2 0.0 0.0 0.0 0.0</beamOffset>
    <focusReference>2 2 3 -99999.0 -99999.0 -99999.0 -99999.0 -99999.0 -99999.0</focusReference>
    <polarizationTypes>1 2 X Y</polarizationTypes>
    <polResponse>2 2 2 0.0 0.0 0.0 0.0 0.0 0.0 0.0 0.0</polResponse>
    <receptorAngle>1 2 -10.0 80.0</receptorAngle>
    <antennaId>Antenna_4</antennaId>
    <receiverId>1 2 0 0</receiverId>
    <spectralWindowId>SpectralWindow_8</spectralWindowId>
  </row>
  <row>
    <feedId>0</feedId>
    <timeInterval>7041628858540387903 4363486356628775807</timeInterval>
    <numReceptor>2</numReceptor>
    <beamOffset>2 2 2 0.0 0.0 0.0 0.0</beamOffset>
    <focusReference>2 2 3 -99999.0 -99999.0 -99999.0 -99999.0 -99999.0 -99999.0</focusReference>
    <polarizationTypes>1 2 X Y</polarizationTypes>
    <polResponse>2 2 2 0.0 0.0 0.0 0.0 0.0 0.0 0.0 0.0</polResponse>
    <receptorAngle>1 2 -10.0 80.0</receptorAngle>
    <antennaId>Antenna_4</antennaId>
    <receiverId>1 2 0 0</receiverId>
    <spectralWindowId>SpectralWindow_9</spectralWindowId>
  </row>
  <row>
    <feedId>0</feedId>
    <timeInterval>7041628858540387903 4363486356628775807</timeInterval>
    <numReceptor>2</numReceptor>
    <beamOffset>2 2 2 0.0 0.0 0.0 0.0</beamOffset>
    <focusReference>2 2 3 -99999.0 -99999.0 -99999.0 -99999.0 -99999.0 -99999.0</focusReference>
    <polarizationTypes>1 2 X Y</polarizationTypes>
    <polResponse>2 2 2 0.0 0.0 0.0 0.0 0.0 0.0 0.0 0.0</polResponse>
    <receptorAngle>1 2 -10.0 80.0</receptorAngle>
    <antennaId>Antenna_4</antennaId>
    <receiverId>1 2 0 0</receiverId>
    <spectralWindowId>SpectralWindow_10</spectralWindowId>
  </row>
  <row>
    <feedId>0</feedId>
    <timeInterval>7041628858540387903 4363486356628775807</timeInterval>
    <numReceptor>2</numReceptor>
    <beamOffset>2 2 2 0.0 0.0 0.0 0.0</beamOffset>
    <focusReference>2 2 3 -99999.0 -99999.0 -99999.0 -99999.0 -99999.0 -99999.0</focusReference>
    <polarizationTypes>1 2 X Y</polarizationTypes>
    <polResponse>2 2 2 0.0 0.0 0.0 0.0 0.0 0.0 0.0 0.0</polResponse>
    <receptorAngle>1 2 -10.0 80.0</receptorAngle>
    <antennaId>Antenna_4</antennaId>
    <receiverId>1 2 0 0</receiverId>
    <spectralWindowId>SpectralWindow_11</spectralWindowId>
  </row>
  <row>
    <feedId>0</feedId>
    <timeInterval>7041628858540387903 4363486356628775807</timeInterval>
    <numReceptor>2</numReceptor>
    <beamOffset>2 2 2 0.0 0.0 0.0 0.0</beamOffset>
    <focusReference>2 2 3 -99999.0 -99999.0 -99999.0 -99999.0 -99999.0 -99999.0</focusReference>
    <polarizationTypes>1 2 X Y</polarizationTypes>
    <polResponse>2 2 2 0.0 0.0 0.0 0.0 0.0 0.0 0.0 0.0</polResponse>
    <receptorAngle>1 2 -10.0 80.0</receptorAngle>
    <antennaId>Antenna_4</antennaId>
    <receiverId>1 2 0 0</receiverId>
    <spectralWindowId>SpectralWindow_12</spectralWindowId>
  </row>
  <row>
    <feedId>0</feedId>
    <timeInterval>7041628858540387903 4363486356628775807</timeInterval>
    <numReceptor>2</numReceptor>
    <beamOffset>2 2 2 0.0 0.0 0.0 0.0</beamOffset>
    <focusReference>2 2 3 -99999.0 -99999.0 -99999.0 -99999.0 -99999.0 -99999.0</focusReference>
    <polarizationTypes>1 2 X Y</polarizationTypes>
    <polResponse>2 2 2 0.0 0.0 0.0 0.0 0.0 0.0 0.0 0.0</polResponse>
    <receptorAngle>1 2 -10.0 80.0</receptorAngle>
    <antennaId>Antenna_4</antennaId>
    <receiverId>1 2 0 0</receiverId>
    <spectralWindowId>SpectralWindow_13</spectralWindowId>
  </row>
  <row>
    <feedId>0</feedId>
    <timeInterval>7041628858540387903 4363486356628775807</timeInterval>
    <numReceptor>2</numReceptor>
    <beamOffset>2 2 2 0.0 0.0 0.0 0.0</beamOffset>
    <focusReference>2 2 3 -99999.0 -99999.0 -99999.0 -99999.0 -99999.0 -99999.0</focusReference>
    <polarizationTypes>1 2 X Y</polarizationTypes>
    <polResponse>2 2 2 0.0 0.0 0.0 0.0 0.0 0.0 0.0 0.0</polResponse>
    <receptorAngle>1 2 -10.0 80.0</receptorAngle>
    <antennaId>Antenna_0</antennaId>
    <receiverId>1 2 0 0</receiverId>
    <spectralWindowId>SpectralWindow_14</spectralWindowId>
  </row>
  <row>
    <feedId>0</feedId>
    <timeInterval>7041628858540387903 4363486356628775807</timeInterval>
    <numReceptor>2</numReceptor>
    <beamOffset>2 2 2 0.0 0.0 0.0 0.0</beamOffset>
    <focusReference>2 2 3 -99999.0 -99999.0 -99999.0 -99999.0 -99999.0 -99999.0</focusReference>
    <polarizationTypes>1 2 X Y</polarizationTypes>
    <polResponse>2 2 2 0.0 0.0 0.0 0.0 0.0 0.0 0.0 0.0</polResponse>
    <receptorAngle>1 2 -10.0 80.0</receptorAngle>
    <antennaId>Antenna_0</antennaId>
    <receiverId>1 2 0 0</receiverId>
    <spectralWindowId>SpectralWindow_15</spectralWindowId>
  </row>
  <row>
    <feedId>0</feedId>
    <timeInterval>7041628858540387903 4363486356628775807</timeInterval>
    <numReceptor>2</numReceptor>
    <beamOffset>2 2 2 0.0 0.0 0.0 0.0</beamOffset>
    <focusReference>2 2 3 -99999.0 -99999.0 -99999.0 -99999.0 -99999.0 -99999.0</focusReference>
    <polarizationTypes>1 2 X Y</polarizationTypes>
    <polResponse>2 2 2 0.0 0.0 0.0 0.0 0.0 0.0 0.0 0.0</polResponse>
    <receptorAngle>1 2 -10.0 80.0</receptorAngle>
    <antennaId>Antenna_0</antennaId>
    <receiverId>1 2 0 0</receiverId>
    <spectralWindowId>SpectralWindow_16</spectralWindowId>
  </row>
  <row>
    <feedId>0</feedId>
    <timeInterval>7041628858540387903 4363486356628775807</timeInterval>
    <numReceptor>2</numReceptor>
    <beamOffset>2 2 2 0.0 0.0 0.0 0.0</beamOffset>
    <focusReference>2 2 3 -99999.0 -99999.0 -99999.0 -99999.0 -99999.0 -99999.0</focusReference>
    <polarizationTypes>1 2 X Y</polarizationTypes>
    <polResponse>2 2 2 0.0 0.0 0.0 0.0 0.0 0.0 0.0 0.0</polResponse>
    <receptorAngle>1 2 -10.0 80.0</receptorAngle>
    <antennaId>Antenna_0</antennaId>
    <receiverId>1 2 0 0</receiverId>
    <spectralWindowId>SpectralWindow_17</spectralWindowId>
  </row>
  <row>
    <feedId>0</feedId>
    <timeInterval>7041628858540387903 4363486356628775807</timeInterval>
    <numReceptor>2</numReceptor>
    <beamOffset>2 2 2 0.0 0.0 0.0 0.0</beamOffset>
    <focusReference>2 2 3 -99999.0 -99999.0 -99999.0 -99999.0 -99999.0 -99999.0</focusReference>
    <polarizationTypes>1 2 X Y</polarizationTypes>
    <polResponse>2 2 2 0.0 0.0 0.0 0.0 0.0 0.0 0.0 0.0</polResponse>
    <receptorAngle>1 2 -10.0 80.0</receptorAngle>
    <antennaId>Antenna_1</antennaId>
    <receiverId>1 2 0 0</receiverId>
    <spectralWindowId>SpectralWindow_14</spectralWindowId>
  </row>
  <row>
    <feedId>0</feedId>
    <timeInterval>7041628858540387903 4363486356628775807</timeInterval>
    <numReceptor>2</numReceptor>
    <beamOffset>2 2 2 0.0 0.0 0.0 0.0</beamOffset>
    <focusReference>2 2 3 -99999.0 -99999.0 -99999.0 -99999.0 -99999.0 -99999.0</focusReference>
    <polarizationTypes>1 2 X Y</polarizationTypes>
    <polResponse>2 2 2 0.0 0.0 0.0 0.0 0.0 0.0 0.0 0.0</polResponse>
    <receptorAngle>1 2 -10.0 80.0</receptorAngle>
    <antennaId>Antenna_1</antennaId>
    <receiverId>1 2 0 0</receiverId>
    <spectralWindowId>SpectralWindow_15</spectralWindowId>
  </row>
  <row>
    <feedId>0</feedId>
    <timeInterval>7041628858540387903 4363486356628775807</timeInterval>
    <numReceptor>2</numReceptor>
    <beamOffset>2 2 2 0.0 0.0 0.0 0.0</beamOffset>
    <focusReference>2 2 3 -99999.0 -99999.0 -99999.0 -99999.0 -99999.0 -99999.0</focusReference>
    <polarizationTypes>1 2 X Y</polarizationTypes>
    <polResponse>2 2 2 0.0 0.0 0.0 0.0 0.0 0.0 0.0 0.0</polResponse>
    <receptorAngle>1 2 -10.0 80.0</receptorAngle>
    <antennaId>Antenna_1</antennaId>
    <receiverId>1 2 0 0</receiverId>
    <spectralWindowId>SpectralWindow_16</spectralWindowId>
  </row>
  <row>
    <feedId>0</feedId>
    <timeInterval>7041628858540387903 4363486356628775807</timeInterval>
    <numReceptor>2</numReceptor>
    <beamOffset>2 2 2 0.0 0.0 0.0 0.0</beamOffset>
    <focusReference>2 2 3 -99999.0 -99999.0 -99999.0 -99999.0 -99999.0 -99999.0</focusReference>
    <polarizationTypes>1 2 X Y</polarizationTypes>
    <polResponse>2 2 2 0.0 0.0 0.0 0.0 0.0 0.0 0.0 0.0</polResponse>
    <receptorAngle>1 2 -10.0 80.0</receptorAngle>
    <antennaId>Antenna_1</antennaId>
    <receiverId>1 2 0 0</receiverId>
    <spectralWindowId>SpectralWindow_17</spectralWindowId>
  </row>
  <row>
    <feedId>0</feedId>
    <timeInterval>7041628858540387903 4363486356628775807</timeInterval>
    <numReceptor>2</numReceptor>
    <beamOffset>2 2 2 0.0 0.0 0.0 0.0</beamOffset>
    <focusReference>2 2 3 -99999.0 -99999.0 -99999.0 -99999.0 -99999.0 -99999.0</focusReference>
    <polarizationTypes>1 2 X Y</polarizationTypes>
    <polResponse>2 2 2 0.0 0.0 0.0 0.0 0.0 0.0 0.0 0.0</polResponse>
    <receptorAngle>1 2 -10.0 80.0</receptorAngle>
    <antennaId>Antenna_2</antennaId>
    <receiverId>1 2 0 0</receiverId>
    <spectralWindowId>SpectralWindow_14</spectralWindowId>
  </row>
  <row>
    <feedId>0</feedId>
    <timeInterval>7041628858540387903 4363486356628775807</timeInterval>
    <numReceptor>2</numReceptor>
    <beamOffset>2 2 2 0.0 0.0 0.0 0.0</beamOffset>
    <focusReference>2 2 3 -99999.0 -99999.0 -99999.0 -99999.0 -99999.0 -99999.0</focusReference>
    <polarizationTypes>1 2 X Y</polarizationTypes>
    <polResponse>2 2 2 0.0 0.0 0.0 0.0 0.0 0.0 0.0 0.0</polResponse>
    <receptorAngle>1 2 -10.0 80.0</receptorAngle>
    <antennaId>Antenna_2</antennaId>
    <receiverId>1 2 0 0</receiverId>
    <spectralWindowId>SpectralWindow_15</spectralWindowId>
  </row>
  <row>
    <feedId>0</feedId>
    <timeInterval>7041628858540387903 4363486356628775807</timeInterval>
    <numReceptor>2</numReceptor>
    <beamOffset>2 2 2 0.0 0.0 0.0 0.0</beamOffset>
    <focusReference>2 2 3 -99999.0 -99999.0 -99999.0 -99999.0 -99999.0 -99999.0</focusReference>
    <polarizationTypes>1 2 X Y</polarizationTypes>
    <polResponse>2 2 2 0.0 0.0 0.0 0.0 0.0 0.0 0.0 0.0</polResponse>
    <receptorAngle>1 2 -10.0 80.0</receptorAngle>
    <antennaId>Antenna_2</antennaId>
    <receiverId>1 2 0 0</receiverId>
    <spectralWindowId>SpectralWindow_16</spectralWindowId>
  </row>
  <row>
    <feedId>0</feedId>
    <timeInterval>7041628858540387903 4363486356628775807</timeInterval>
    <numReceptor>2</numReceptor>
    <beamOffset>2 2 2 0.0 0.0 0.0 0.0</beamOffset>
    <focusReference>2 2 3 -99999.0 -99999.0 -99999.0 -99999.0 -99999.0 -99999.0</focusReference>
    <polarizationTypes>1 2 X Y</polarizationTypes>
    <polResponse>2 2 2 0.0 0.0 0.0 0.0 0.0 0.0 0.0 0.0</polResponse>
    <receptorAngle>1 2 -10.0 80.0</receptorAngle>
    <antennaId>Antenna_2</antennaId>
    <receiverId>1 2 0 0</receiverId>
    <spectralWindowId>SpectralWindow_17</spectralWindowId>
  </row>
  <row>
    <feedId>0</feedId>
    <timeInterval>7041628858540387903 4363486356628775807</timeInterval>
    <numReceptor>2</numReceptor>
    <beamOffset>2 2 2 0.0 0.0 0.0 0.0</beamOffset>
    <focusReference>2 2 3 -99999.0 -99999.0 -99999.0 -99999.0 -99999.0 -99999.0</focusReference>
    <polarizationTypes>1 2 X Y</polarizationTypes>
    <polResponse>2 2 2 0.0 0.0 0.0 0.0 0.0 0.0 0.0 0.0</polResponse>
    <receptorAngle>1 2 -10.0 80.0</receptorAngle>
    <antennaId>Antenna_3</antennaId>
    <receiverId>1 2 0 0</receiverId>
    <spectralWindowId>SpectralWindow_14</spectralWindowId>
  </row>
  <row>
    <feedId>0</feedId>
    <timeInterval>7041628858540387903 4363486356628775807</timeInterval>
    <numReceptor>2</numReceptor>
    <beamOffset>2 2 2 0.0 0.0 0.0 0.0</beamOffset>
    <focusReference>2 2 3 -99999.0 -99999.0 -99999.0 -99999.0 -99999.0 -99999.0</focusReference>
    <polarizationTypes>1 2 X Y</polarizationTypes>
    <polResponse>2 2 2 0.0 0.0 0.0 0.0 0.0 0.0 0.0 0.0</polResponse>
    <receptorAngle>1 2 -10.0 80.0</receptorAngle>
    <antennaId>Antenna_3</antennaId>
    <receiverId>1 2 0 0</receiverId>
    <spectralWindowId>SpectralWindow_15</spectralWindowId>
  </row>
  <row>
    <feedId>0</feedId>
    <timeInterval>7041628858540387903 4363486356628775807</timeInterval>
    <numReceptor>2</numReceptor>
    <beamOffset>2 2 2 0.0 0.0 0.0 0.0</beamOffset>
    <focusReference>2 2 3 -99999.0 -99999.0 -99999.0 -99999.0 -99999.0 -99999.0</focusReference>
    <polarizationTypes>1 2 X Y</polarizationTypes>
    <polResponse>2 2 2 0.0 0.0 0.0 0.0 0.0 0.0 0.0 0.0</polResponse>
    <receptorAngle>1 2 -10.0 80.0</receptorAngle>
    <antennaId>Antenna_3</antennaId>
    <receiverId>1 2 0 0</receiverId>
    <spectralWindowId>SpectralWindow_16</spectralWindowId>
  </row>
  <row>
    <feedId>0</feedId>
    <timeInterval>7041628858540387903 4363486356628775807</timeInterval>
    <numReceptor>2</numReceptor>
    <beamOffset>2 2 2 0.0 0.0 0.0 0.0</beamOffset>
    <focusReference>2 2 3 -99999.0 -99999.0 -99999.0 -99999.0 -99999.0 -99999.0</focusReference>
    <polarizationTypes>1 2 X Y</polarizationTypes>
    <polResponse>2 2 2 0.0 0.0 0.0 0.0 0.0 0.0 0.0 0.0</polResponse>
    <receptorAngle>1 2 -10.0 80.0</receptorAngle>
    <antennaId>Antenna_3</antennaId>
    <receiverId>1 2 0 0</receiverId>
    <spectralWindowId>SpectralWindow_17</spectralWindowId>
  </row>
  <row>
    <feedId>0</feedId>
    <timeInterval>7041628858540387903 4363486356628775807</timeInterval>
    <numReceptor>2</numReceptor>
    <beamOffset>2 2 2 0.0 0.0 0.0 0.0</beamOffset>
    <focusReference>2 2 3 -99999.0 -99999.0 -99999.0 -99999.0 -99999.0 -99999.0</focusReference>
    <polarizationTypes>1 2 X Y</polarizationTypes>
    <polResponse>2 2 2 0.0 0.0 0.0 0.0 0.0 0.0 0.0 0.0</polResponse>
    <receptorAngle>1 2 -10.0 80.0</receptorAngle>
    <antennaId>Antenna_4</antennaId>
    <receiverId>1 2 0 0</receiverId>
    <spectralWindowId>SpectralWindow_14</spectralWindowId>
  </row>
  <row>
    <feedId>0</feedId>
    <timeInterval>7041628858540387903 4363486356628775807</timeInterval>
    <numReceptor>2</numReceptor>
    <beamOffset>2 2 2 0.0 0.0 0.0 0.0</beamOffset>
    <focusReference>2 2 3 -99999.0 -99999.0 -99999.0 -99999.0 -99999.0 -99999.0</focusReference>
    <polarizationTypes>1 2 X Y</polarizationTypes>
    <polResponse>2 2 2 0.0 0.0 0.0 0.0 0.0 0.0 0.0 0.0</polResponse>
    <receptorAngle>1 2 -10.0 80.0</receptorAngle>
    <antennaId>Antenna_4</antennaId>
    <receiverId>1 2 0 0</receiverId>
    <spectralWindowId>SpectralWindow_15</spectralWindowId>
  </row>
  <row>
    <feedId>0</feedId>
    <timeInterval>7041628858540387903 4363486356628775807</timeInterval>
    <numReceptor>2</numReceptor>
    <beamOffset>2 2 2 0.0 0.0 0.0 0.0</beamOffset>
    <focusReference>2 2 3 -99999.0 -99999.0 -99999.0 -99999.0 -99999.0 -99999.0</focusReference>
    <polarizationTypes>1 2 X Y</polarizationTypes>
    <polResponse>2 2 2 0.0 0.0 0.0 0.0 0.0 0.0 0.0 0.0</polResponse>
    <receptorAngle>1 2 -10.0 80.0</receptorAngle>
    <antennaId>Antenna_4</antennaId>
    <receiverId>1 2 0 0</receiverId>
    <spectralWindowId>SpectralWindow_16</spectralWindowId>
  </row>
  <row>
    <feedId>0</feedId>
    <timeInterval>7041628858540387903 4363486356628775807</timeInterval>
    <numReceptor>2</numReceptor>
    <beamOffset>2 2 2 0.0 0.0 0.0 0.0</beamOffset>
    <focusReference>2 2 3 -99999.0 -99999.0 -99999.0 -99999.0 -99999.0 -99999.0</focusReference>
    <polarizationTypes>1 2 X Y</polarizationTypes>
    <polResponse>2 2 2 0.0 0.0 0.0 0.0 0.0 0.0 0.0 0.0</polResponse>
    <receptorAngle>1 2 -10.0 80.0</receptorAngle>
    <antennaId>Antenna_4</antennaId>
    <receiverId>1 2 0 0</receiverId>
    <spectralWindowId>SpectralWindow_17</spectralWindowId>
  </row>
</FeedTable>

