<?xml version="1.0" encoding="UTF-8"?>
<FieldTable xmlns:xsi="http://www.w3.org/2001/XMLSchema-instance" xmlns:field="http://Alma/XASDM/FieldTable" schemaVersion="3" schemaRevision="1.60.8.2">
  <Entity entityId="uid://A002/X551ca2/X1" entityIdEncrypted="na" entityTypeName="FieldTable" schemaVersion="1" documentVersion="1" />
  <ContainerEntity entityId="uid://A002/X551c61/X1" entityIdEncrypted="na" entityTypeName="ASDM" schemaVersion="1" documentVersion="1" />
  <row>
    <fieldId>Field_0</fieldId>
    <fieldName>3c279</fieldName>
    <numPoly>1</numPoly>
    <delayDir>2 1 2 3.3867508069367207 -0.10104256455186422</delayDir>
    <phaseDir>2 1 2 3.3867508069367207 -0.10104256455186422</phaseDir>
    <referenceDir>2 1 2 3.3867508069367207 -0.10104256455186422</referenceDir>
    <time>4859885941440000000</time>
    <code>none</code>
    <directionCode>J2000</directionCode>
    <sourceId>0</sourceId>
  </row>
</FieldTable>

