<?xml version="1.0" encoding="UTF-8"?>
<FocusModelTable xmlns:xsi="http://www.w3.org/2001/XMLSchema-instance" xmlns:focsm="http://Alma/XASDM/FocusModelTable" schemaVersion="3" schemaRevision="1.60.8.2">
  <Entity entityId="uid://A002/X551ca5/X1" entityIdEncrypted="na" entityTypeName="FocusModelTable" schemaVersion="1" documentVersion="1" />
  <ContainerEntity entityId="uid://A002/X551c61/X1" entityIdEncrypted="na" entityTypeName="ASDM" schemaVersion="1" documentVersion="1" />
  <row>
    <focusModelId>0</focusModelId>
    <polarizationType>BOTH</polarizationType>
    <receiverBand>ALMA_RB_03</receiverBand>
    <numCoeff>14</numCoeff>
    <coeffName>1 14 "ALPHA" "BETA" "XC" "XR" "XS" "XTA" "YC" "YR" "YS" "YTA" "ZC" "ZR" "ZS" "ZTA"</coeffName>
    <coeffFormula>1 14 "Unspecified" "Unspecified" "Unspecified" "Unspecified" "Unspecified" "Unspecified" "Unspecified" "Unspecified" "Unspecified" "Unspecified" "Unspecified" "Unspecified" "Unspecified" "Unspecified"</coeffFormula>
    <coeffVal>1 14 0.0 0.0 0.0 -1.44E-4 0.0 0.0 -0.00409 -0.005944 0.0 0.0 0.0 -0.002284 0.00188 0.0</coeffVal>
    <assocNature>UNDEFINED</assocNature>
    <antennaId>Antenna_0</antennaId>
    <assocFocusModelId>-99</assocFocusModelId>
  </row>
  <row>
    <focusModelId>0</focusModelId>
    <polarizationType>BOTH</polarizationType>
    <receiverBand>ALMA_RB_03</receiverBand>
    <numCoeff>14</numCoeff>
    <coeffName>1 14 "ALPHA" "BETA" "XC" "XR" "XS" "XTA" "YC" "YR" "YS" "YTA" "ZC" "ZR" "ZS" "ZTA"</coeffName>
    <coeffFormula>1 14 "Unspecified" "Unspecified" "Unspecified" "Unspecified" "Unspecified" "Unspecified" "Unspecified" "Unspecified" "Unspecified" "Unspecified" "Unspecified" "Unspecified" "Unspecified" "Unspecified"</coeffFormula>
    <coeffVal>1 14 0.0 0.0 0.0 -0.002247 0.0 0.0 -0.00365 -0.0042250003 0.0 0.0 0.0 0.001503 0.00197 0.0</coeffVal>
    <assocNature>UNDEFINED</assocNature>
    <antennaId>Antenna_4</antennaId>
    <assocFocusModelId>-99</assocFocusModelId>
  </row>
  <row>
    <focusModelId>0</focusModelId>
    <polarizationType>BOTH</polarizationType>
    <receiverBand>ALMA_RB_03</receiverBand>
    <numCoeff>14</numCoeff>
    <coeffName>1 14 "ALPHA" "BETA" "XC" "XR" "XS" "XTA" "YC" "YR" "YS" "YTA" "ZC" "ZR" "ZS" "ZTA"</coeffName>
    <coeffFormula>1 14 "Unspecified" "Unspecified" "Unspecified" "Unspecified" "Unspecified" "Unspecified" "Unspecified" "Unspecified" "Unspecified" "Unspecified" "Unspecified" "Unspecified" "Unspecified" "Unspecified"</coeffFormula>
    <coeffVal>1 14 0.0 0.0 0.0 -0.001669 0.0 0.0 -0.00406 -3.7700002E-4 0.0 0.0 0.0 -0.002542 0.00178 0.0</coeffVal>
    <assocNature>UNDEFINED</assocNature>
    <antennaId>Antenna_3</antennaId>
    <assocFocusModelId>-99</assocFocusModelId>
  </row>
  <row>
    <focusModelId>0</focusModelId>
    <polarizationType>BOTH</polarizationType>
    <receiverBand>ALMA_RB_03</receiverBand>
    <numCoeff>14</numCoeff>
    <coeffName>1 14 "ALPHA" "BETA" "XC" "XR" "XS" "XTA" "YC" "YR" "YS" "YTA" "ZC" "ZR" "ZS" "ZTA"</coeffName>
    <coeffFormula>1 14 "Unspecified" "Unspecified" "Unspecified" "Unspecified" "Unspecified" "Unspecified" "Unspecified" "Unspecified" "Unspecified" "Unspecified" "Unspecified" "Unspecified" "Unspecified" "Unspecified"</coeffFormula>
    <coeffVal>1 14 0.0 0.0 0.0 -9.82E-4 0.0 0.0 -0.00387 -0.002262 0.0 0.0 0.0 -1.9600001E-4 0.0023 0.0</coeffVal>
    <assocNature>UNDEFINED</assocNature>
    <antennaId>Antenna_1</antennaId>
    <assocFocusModelId>-99</assocFocusModelId>
  </row>
  <row>
    <focusModelId>0</focusModelId>
    <polarizationType>BOTH</polarizationType>
    <receiverBand>ALMA_RB_03</receiverBand>
    <numCoeff>14</numCoeff>
    <coeffName>1 14 "ALPHA" "BETA" "XC" "XR" "XS" "XTA" "YC" "YR" "YS" "YTA" "ZC" "ZR" "ZS" "ZTA"</coeffName>
    <coeffFormula>1 14 "Unspecified" "Unspecified" "Unspecified" "Unspecified" "Unspecified" "Unspecified" "Unspecified" "Unspecified" "Unspecified" "Unspecified" "Unspecified" "Unspecified" "Unspecified" "Unspecified"</coeffFormula>
    <coeffVal>1 14 0.0 0.0 0.0 -0.002131 0.0 0.0 -0.00372 -0.002596 0.0 0.0 0.0 -0.001206 0.00185 0.0</coeffVal>
    <assocNature>UNDEFINED</assocNature>
    <antennaId>Antenna_2</antennaId>
    <assocFocusModelId>-99</assocFocusModelId>
  </row>
</FocusModelTable>

