<?xml version="1.0" encoding="UTF-8"?>
<MainTable xmlns:xsi="http://www.w3.org/2001/XMLSchema-instance" xmlns:main="http://Alma/XASDM/MainTable" schemaVersion="3" schemaRevision="1.60.8.2">
  <Entity entityId="uid://A002/X551c94/X1" entityIdEncrypted="na" entityTypeName="MainTable" schemaVersion="1" documentVersion="1" />
  <ContainerEntity entityId="uid://A002/X551c61/X1" entityIdEncrypted="na" entityTypeName="ASDM" schemaVersion="1" documentVersion="1" />
  <row>
    <time>4859885944320000000</time>
    <numAntenna>5</numAntenna>
    <timeSampling>INTEGRATION</timeSampling>
    <interval>5760000000</interval>
    <numIntegration>6</numIntegration>
    <scanNumber>1</scanNumber>
    <subscanNumber>1</subscanNumber>
    <dataSize>627593</dataSize>
    <dataUID>
      <EntityRef entityId="uid://A002/X551c61/X4" partId="X00000000" entityTypeName="Main" documentVersion="1" />
    </dataUID>
    <configDescriptionId>ConfigDescription_0</configDescriptionId>
    <execBlockId>ExecBlock_0</execBlockId>
    <fieldId>Field_0</fieldId>
    <stateId>1 5 State_0 State_0 State_0 State_0 State_0</stateId>
  </row>
  <row>
    <time>4859885944320000000</time>
    <numAntenna>5</numAntenna>
    <timeSampling>SUBINTEGRATION</timeSampling>
    <interval>5760000000</interval>
    <numIntegration>6</numIntegration>
    <scanNumber>1</scanNumber>
    <subscanNumber>1</subscanNumber>
    <dataSize>16192</dataSize>
    <dataUID>
      <EntityRef entityId="uid://A002/X551c61/X3" partId="X00000000" entityTypeName="Main" documentVersion="1" />
    </dataUID>
    <configDescriptionId>ConfigDescription_1</configDescriptionId>
    <execBlockId>ExecBlock_0</execBlockId>
    <fieldId>Field_0</fieldId>
    <stateId>1 5 State_0 State_0 State_0 State_0 State_0</stateId>
  </row>
  <row>
    <time>4859885944320000000</time>
    <numAntenna>5</numAntenna>
    <timeSampling>SUBINTEGRATION</timeSampling>
    <interval>5760000000</interval>
    <numIntegration>6</numIntegration>
    <scanNumber>1</scanNumber>
    <subscanNumber>1</subscanNumber>
    <dataSize>2683</dataSize>
    <dataUID>
      <EntityRef entityId="uid://A002/X551c61/X5" partId="X00000000" entityTypeName="Main" documentVersion="1" />
    </dataUID>
    <configDescriptionId>ConfigDescription_2</configDescriptionId>
    <execBlockId>ExecBlock_0</execBlockId>
    <fieldId>Field_0</fieldId>
    <stateId>1 5 State_0 State_0 State_0 State_0 State_0</stateId>
  </row>
  <row>
    <time>4859885944320000000</time>
    <numAntenna>5</numAntenna>
    <timeSampling>INTEGRATION</timeSampling>
    <interval>5760000000</interval>
    <numIntegration>57</numIntegration>
    <scanNumber>1</scanNumber>
    <subscanNumber>1</subscanNumber>
    <dataSize>-99</dataSize>
    <dataUID>
      <EntityRef entityId="uid://A002/X551c61/X2" partId="X00000000" entityTypeName="Main" documentVersion="1" />
    </dataUID>
    <configDescriptionId>ConfigDescription_3</configDescriptionId>
    <execBlockId>ExecBlock_0</execBlockId>
    <fieldId>Field_0</fieldId>
    <stateId>1 5 State_0 State_0 State_0 State_0 State_0</stateId>
  </row>
  <row>
    <time>4859885962512000000</time>
    <numAntenna>5</numAntenna>
    <timeSampling>INTEGRATION</timeSampling>
    <interval>5760000000</interval>
    <numIntegration>6</numIntegration>
    <scanNumber>1</scanNumber>
    <subscanNumber>2</subscanNumber>
    <dataSize>378149</dataSize>
    <dataUID>
      <EntityRef entityId="uid://A002/X551c61/Xa" partId="X00000000" entityTypeName="Main" documentVersion="1" />
    </dataUID>
    <configDescriptionId>ConfigDescription_0</configDescriptionId>
    <execBlockId>ExecBlock_0</execBlockId>
    <fieldId>Field_0</fieldId>
    <stateId>1 5 State_1 State_1 State_1 State_1 State_1</stateId>
  </row>
  <row>
    <time>4859885962512000000</time>
    <numAntenna>5</numAntenna>
    <timeSampling>SUBINTEGRATION</timeSampling>
    <interval>5760000000</interval>
    <numIntegration>6</numIntegration>
    <scanNumber>1</scanNumber>
    <subscanNumber>2</subscanNumber>
    <dataSize>12484</dataSize>
    <dataUID>
      <EntityRef entityId="uid://A002/X551c61/X9" partId="X00000000" entityTypeName="Main" documentVersion="1" />
    </dataUID>
    <configDescriptionId>ConfigDescription_1</configDescriptionId>
    <execBlockId>ExecBlock_0</execBlockId>
    <fieldId>Field_0</fieldId>
    <stateId>1 5 State_1 State_1 State_1 State_1 State_1</stateId>
  </row>
  <row>
    <time>4859885962512000000</time>
    <numAntenna>5</numAntenna>
    <timeSampling>SUBINTEGRATION</timeSampling>
    <interval>5760000000</interval>
    <numIntegration>6</numIntegration>
    <scanNumber>1</scanNumber>
    <subscanNumber>2</subscanNumber>
    <dataSize>2631</dataSize>
    <dataUID>
      <EntityRef entityId="uid://A002/X551c61/Xb" partId="X00000000" entityTypeName="Main" documentVersion="1" />
    </dataUID>
    <configDescriptionId>ConfigDescription_2</configDescriptionId>
    <execBlockId>ExecBlock_0</execBlockId>
    <fieldId>Field_0</fieldId>
    <stateId>1 5 State_1 State_1 State_1 State_1 State_1</stateId>
  </row>
  <row>
    <time>4859885962512000000</time>
    <numAntenna>5</numAntenna>
    <timeSampling>INTEGRATION</timeSampling>
    <interval>5760000000</interval>
    <numIntegration>57</numIntegration>
    <scanNumber>1</scanNumber>
    <subscanNumber>2</subscanNumber>
    <dataSize>-99</dataSize>
    <dataUID>
      <EntityRef entityId="uid://A002/X551c61/X6" partId="X00000000" entityTypeName="Main" documentVersion="1" />
    </dataUID>
    <configDescriptionId>ConfigDescription_3</configDescriptionId>
    <execBlockId>ExecBlock_0</execBlockId>
    <fieldId>Field_0</fieldId>
    <stateId>1 5 State_1 State_1 State_1 State_1 State_1</stateId>
  </row>
  <row>
    <time>4859885970864000000</time>
    <numAntenna>5</numAntenna>
    <timeSampling>INTEGRATION</timeSampling>
    <interval>5760000000</interval>
    <numIntegration>6</numIntegration>
    <scanNumber>1</scanNumber>
    <subscanNumber>3</subscanNumber>
    <dataSize>378149</dataSize>
    <dataUID>
      <EntityRef entityId="uid://A002/X551c61/Xd" partId="X00000000" entityTypeName="Main" documentVersion="1" />
    </dataUID>
    <configDescriptionId>ConfigDescription_0</configDescriptionId>
    <execBlockId>ExecBlock_0</execBlockId>
    <fieldId>Field_0</fieldId>
    <stateId>1 5 State_2 State_2 State_2 State_2 State_2</stateId>
  </row>
  <row>
    <time>4859885970864000000</time>
    <numAntenna>5</numAntenna>
    <timeSampling>SUBINTEGRATION</timeSampling>
    <interval>5760000000</interval>
    <numIntegration>6</numIntegration>
    <scanNumber>1</scanNumber>
    <subscanNumber>3</subscanNumber>
    <dataSize>12484</dataSize>
    <dataUID>
      <EntityRef entityId="uid://A002/X551c61/Xc" partId="X00000000" entityTypeName="Main" documentVersion="1" />
    </dataUID>
    <configDescriptionId>ConfigDescription_1</configDescriptionId>
    <execBlockId>ExecBlock_0</execBlockId>
    <fieldId>Field_0</fieldId>
    <stateId>1 5 State_2 State_2 State_2 State_2 State_2</stateId>
  </row>
  <row>
    <time>4859885970864000000</time>
    <numAntenna>5</numAntenna>
    <timeSampling>SUBINTEGRATION</timeSampling>
    <interval>5760000000</interval>
    <numIntegration>6</numIntegration>
    <scanNumber>1</scanNumber>
    <subscanNumber>3</subscanNumber>
    <dataSize>2631</dataSize>
    <dataUID>
      <EntityRef entityId="uid://A002/X551c61/Xe" partId="X00000000" entityTypeName="Main" documentVersion="1" />
    </dataUID>
    <configDescriptionId>ConfigDescription_2</configDescriptionId>
    <execBlockId>ExecBlock_0</execBlockId>
    <fieldId>Field_0</fieldId>
    <stateId>1 5 State_2 State_2 State_2 State_2 State_2</stateId>
  </row>
  <row>
    <time>4859885970864000000</time>
    <numAntenna>5</numAntenna>
    <timeSampling>INTEGRATION</timeSampling>
    <interval>5760000000</interval>
    <numIntegration>57</numIntegration>
    <scanNumber>1</scanNumber>
    <subscanNumber>3</subscanNumber>
    <dataSize>-99</dataSize>
    <dataUID>
      <EntityRef entityId="uid://A002/X551c61/X7" partId="X00000000" entityTypeName="Main" documentVersion="1" />
    </dataUID>
    <configDescriptionId>ConfigDescription_3</configDescriptionId>
    <execBlockId>ExecBlock_0</execBlockId>
    <fieldId>Field_0</fieldId>
    <stateId>1 5 State_2 State_2 State_2 State_2 State_2</stateId>
  </row>
  <row>
    <time>4859885979216000000</time>
    <numAntenna>5</numAntenna>
    <timeSampling>INTEGRATION</timeSampling>
    <interval>5760000000</interval>
    <numIntegration>6</numIntegration>
    <scanNumber>1</scanNumber>
    <subscanNumber>4</subscanNumber>
    <dataSize>627595</dataSize>
    <dataUID>
      <EntityRef entityId="uid://A002/X551c61/X10" partId="X00000000" entityTypeName="Main" documentVersion="1" />
    </dataUID>
    <configDescriptionId>ConfigDescription_0</configDescriptionId>
    <execBlockId>ExecBlock_0</execBlockId>
    <fieldId>Field_0</fieldId>
    <stateId>1 5 State_0 State_0 State_0 State_0 State_0</stateId>
  </row>
  <row>
    <time>4859885979216000000</time>
    <numAntenna>5</numAntenna>
    <timeSampling>SUBINTEGRATION</timeSampling>
    <interval>5760000000</interval>
    <numIntegration>6</numIntegration>
    <scanNumber>1</scanNumber>
    <subscanNumber>4</subscanNumber>
    <dataSize>16192</dataSize>
    <dataUID>
      <EntityRef entityId="uid://A002/X551c61/Xf" partId="X00000000" entityTypeName="Main" documentVersion="1" />
    </dataUID>
    <configDescriptionId>ConfigDescription_1</configDescriptionId>
    <execBlockId>ExecBlock_0</execBlockId>
    <fieldId>Field_0</fieldId>
    <stateId>1 5 State_0 State_0 State_0 State_0 State_0</stateId>
  </row>
  <row>
    <time>4859885979216000000</time>
    <numAntenna>5</numAntenna>
    <timeSampling>SUBINTEGRATION</timeSampling>
    <interval>5760000000</interval>
    <numIntegration>6</numIntegration>
    <scanNumber>1</scanNumber>
    <subscanNumber>4</subscanNumber>
    <dataSize>2633</dataSize>
    <dataUID>
      <EntityRef entityId="uid://A002/X551c61/X11" partId="X00000000" entityTypeName="Main" documentVersion="1" />
    </dataUID>
    <configDescriptionId>ConfigDescription_2</configDescriptionId>
    <execBlockId>ExecBlock_0</execBlockId>
    <fieldId>Field_0</fieldId>
    <stateId>1 5 State_0 State_0 State_0 State_0 State_0</stateId>
  </row>
  <row>
    <time>4859885979216000000</time>
    <numAntenna>5</numAntenna>
    <timeSampling>INTEGRATION</timeSampling>
    <interval>5760000000</interval>
    <numIntegration>57</numIntegration>
    <scanNumber>1</scanNumber>
    <subscanNumber>4</subscanNumber>
    <dataSize>-99</dataSize>
    <dataUID>
      <EntityRef entityId="uid://A002/X551c61/X8" partId="X00000000" entityTypeName="Main" documentVersion="1" />
    </dataUID>
    <configDescriptionId>ConfigDescription_3</configDescriptionId>
    <execBlockId>ExecBlock_0</execBlockId>
    <fieldId>Field_0</fieldId>
    <stateId>1 5 State_0 State_0 State_0 State_0 State_0</stateId>
  </row>
  <row>
    <time>4859886045360000000</time>
    <numAntenna>5</numAntenna>
    <timeSampling>INTEGRATION</timeSampling>
    <interval>5760000000</interval>
    <numIntegration>6</numIntegration>
    <scanNumber>2</scanNumber>
    <subscanNumber>1</subscanNumber>
    <dataSize>378151</dataSize>
    <dataUID>
      <EntityRef entityId="uid://A002/X551c61/X14" partId="X00000000" entityTypeName="Main" documentVersion="1" />
    </dataUID>
    <configDescriptionId>ConfigDescription_0</configDescriptionId>
    <execBlockId>ExecBlock_0</execBlockId>
    <fieldId>Field_0</fieldId>
    <stateId>1 5 State_0 State_0 State_0 State_0 State_0</stateId>
  </row>
  <row>
    <time>4859886045360000000</time>
    <numAntenna>5</numAntenna>
    <timeSampling>SUBINTEGRATION</timeSampling>
    <interval>5760000000</interval>
    <numIntegration>6</numIntegration>
    <scanNumber>2</scanNumber>
    <subscanNumber>1</subscanNumber>
    <dataSize>12486</dataSize>
    <dataUID>
      <EntityRef entityId="uid://A002/X551c61/X13" partId="X00000000" entityTypeName="Main" documentVersion="1" />
    </dataUID>
    <configDescriptionId>ConfigDescription_1</configDescriptionId>
    <execBlockId>ExecBlock_0</execBlockId>
    <fieldId>Field_0</fieldId>
    <stateId>1 5 State_0 State_0 State_0 State_0 State_0</stateId>
  </row>
  <row>
    <time>4859886045360000000</time>
    <numAntenna>5</numAntenna>
    <timeSampling>SUBINTEGRATION</timeSampling>
    <interval>5760000000</interval>
    <numIntegration>6</numIntegration>
    <scanNumber>2</scanNumber>
    <subscanNumber>1</subscanNumber>
    <dataSize>2633</dataSize>
    <dataUID>
      <EntityRef entityId="uid://A002/X551c61/X15" partId="X00000000" entityTypeName="Main" documentVersion="1" />
    </dataUID>
    <configDescriptionId>ConfigDescription_2</configDescriptionId>
    <execBlockId>ExecBlock_0</execBlockId>
    <fieldId>Field_0</fieldId>
    <stateId>1 5 State_0 State_0 State_0 State_0 State_0</stateId>
  </row>
  <row>
    <time>4859886045360000000</time>
    <numAntenna>5</numAntenna>
    <timeSampling>INTEGRATION</timeSampling>
    <interval>5760000000</interval>
    <numIntegration>57</numIntegration>
    <scanNumber>2</scanNumber>
    <subscanNumber>1</subscanNumber>
    <dataSize>-99</dataSize>
    <dataUID>
      <EntityRef entityId="uid://A002/X551c61/X12" partId="X00000000" entityTypeName="Main" documentVersion="1" />
    </dataUID>
    <configDescriptionId>ConfigDescription_3</configDescriptionId>
    <execBlockId>ExecBlock_0</execBlockId>
    <fieldId>Field_0</fieldId>
    <stateId>1 5 State_0 State_0 State_0 State_0 State_0</stateId>
  </row>
  <row>
    <time>4859886238992000000</time>
    <numAntenna>5</numAntenna>
    <timeSampling>INTEGRATION</timeSampling>
    <interval>5760000000</interval>
    <numIntegration>6</numIntegration>
    <scanNumber>3</scanNumber>
    <subscanNumber>1</subscanNumber>
    <dataSize>627595</dataSize>
    <dataUID>
      <EntityRef entityId="uid://A002/X551c61/X18" partId="X00000000" entityTypeName="Main" documentVersion="1" />
    </dataUID>
    <configDescriptionId>ConfigDescription_0</configDescriptionId>
    <execBlockId>ExecBlock_0</execBlockId>
    <fieldId>Field_0</fieldId>
    <stateId>1 5 State_0 State_0 State_0 State_0 State_0</stateId>
  </row>
  <row>
    <time>4859886238992000000</time>
    <numAntenna>5</numAntenna>
    <timeSampling>SUBINTEGRATION</timeSampling>
    <interval>5760000000</interval>
    <numIntegration>6</numIntegration>
    <scanNumber>3</scanNumber>
    <subscanNumber>1</subscanNumber>
    <dataSize>16194</dataSize>
    <dataUID>
      <EntityRef entityId="uid://A002/X551c61/X17" partId="X00000000" entityTypeName="Main" documentVersion="1" />
    </dataUID>
    <configDescriptionId>ConfigDescription_1</configDescriptionId>
    <execBlockId>ExecBlock_0</execBlockId>
    <fieldId>Field_0</fieldId>
    <stateId>1 5 State_0 State_0 State_0 State_0 State_0</stateId>
  </row>
  <row>
    <time>4859886238992000000</time>
    <numAntenna>5</numAntenna>
    <timeSampling>SUBINTEGRATION</timeSampling>
    <interval>5760000000</interval>
    <numIntegration>6</numIntegration>
    <scanNumber>3</scanNumber>
    <subscanNumber>1</subscanNumber>
    <dataSize>2633</dataSize>
    <dataUID>
      <EntityRef entityId="uid://A002/X551c61/X19" partId="X00000000" entityTypeName="Main" documentVersion="1" />
    </dataUID>
    <configDescriptionId>ConfigDescription_2</configDescriptionId>
    <execBlockId>ExecBlock_0</execBlockId>
    <fieldId>Field_0</fieldId>
    <stateId>1 5 State_0 State_0 State_0 State_0 State_0</stateId>
  </row>
  <row>
    <time>4859886238992000000</time>
    <numAntenna>5</numAntenna>
    <timeSampling>INTEGRATION</timeSampling>
    <interval>5760000000</interval>
    <numIntegration>57</numIntegration>
    <scanNumber>3</scanNumber>
    <subscanNumber>1</subscanNumber>
    <dataSize>-99</dataSize>
    <dataUID>
      <EntityRef entityId="uid://A002/X551c61/X16" partId="X00000000" entityTypeName="Main" documentVersion="1" />
    </dataUID>
    <configDescriptionId>ConfigDescription_3</configDescriptionId>
    <execBlockId>ExecBlock_0</execBlockId>
    <fieldId>Field_0</fieldId>
    <stateId>1 5 State_0 State_0 State_0 State_0 State_0</stateId>
  </row>
  <row>
    <time>4859886256080000000</time>
    <numAntenna>5</numAntenna>
    <timeSampling>INTEGRATION</timeSampling>
    <interval>5760000000</interval>
    <numIntegration>6</numIntegration>
    <scanNumber>3</scanNumber>
    <subscanNumber>2</subscanNumber>
    <dataSize>378151</dataSize>
    <dataUID>
      <EntityRef entityId="uid://A002/X551c61/X1e" partId="X00000000" entityTypeName="Main" documentVersion="1" />
    </dataUID>
    <configDescriptionId>ConfigDescription_0</configDescriptionId>
    <execBlockId>ExecBlock_0</execBlockId>
    <fieldId>Field_0</fieldId>
    <stateId>1 5 State_1 State_1 State_1 State_1 State_1</stateId>
  </row>
  <row>
    <time>4859886256080000000</time>
    <numAntenna>5</numAntenna>
    <timeSampling>SUBINTEGRATION</timeSampling>
    <interval>5760000000</interval>
    <numIntegration>6</numIntegration>
    <scanNumber>3</scanNumber>
    <subscanNumber>2</subscanNumber>
    <dataSize>12486</dataSize>
    <dataUID>
      <EntityRef entityId="uid://A002/X551c61/X1d" partId="X00000000" entityTypeName="Main" documentVersion="1" />
    </dataUID>
    <configDescriptionId>ConfigDescription_1</configDescriptionId>
    <execBlockId>ExecBlock_0</execBlockId>
    <fieldId>Field_0</fieldId>
    <stateId>1 5 State_1 State_1 State_1 State_1 State_1</stateId>
  </row>
  <row>
    <time>4859886256080000000</time>
    <numAntenna>5</numAntenna>
    <timeSampling>SUBINTEGRATION</timeSampling>
    <interval>5760000000</interval>
    <numIntegration>6</numIntegration>
    <scanNumber>3</scanNumber>
    <subscanNumber>2</subscanNumber>
    <dataSize>2633</dataSize>
    <dataUID>
      <EntityRef entityId="uid://A002/X551c61/X1f" partId="X00000000" entityTypeName="Main" documentVersion="1" />
    </dataUID>
    <configDescriptionId>ConfigDescription_2</configDescriptionId>
    <execBlockId>ExecBlock_0</execBlockId>
    <fieldId>Field_0</fieldId>
    <stateId>1 5 State_1 State_1 State_1 State_1 State_1</stateId>
  </row>
  <row>
    <time>4859886256080000000</time>
    <numAntenna>5</numAntenna>
    <timeSampling>INTEGRATION</timeSampling>
    <interval>5760000000</interval>
    <numIntegration>57</numIntegration>
    <scanNumber>3</scanNumber>
    <subscanNumber>2</subscanNumber>
    <dataSize>-99</dataSize>
    <dataUID>
      <EntityRef entityId="uid://A002/X551c61/X1a" partId="X00000000" entityTypeName="Main" documentVersion="1" />
    </dataUID>
    <configDescriptionId>ConfigDescription_3</configDescriptionId>
    <execBlockId>ExecBlock_0</execBlockId>
    <fieldId>Field_0</fieldId>
    <stateId>1 5 State_1 State_1 State_1 State_1 State_1</stateId>
  </row>
  <row>
    <time>4859886264432000000</time>
    <numAntenna>5</numAntenna>
    <timeSampling>INTEGRATION</timeSampling>
    <interval>5760000000</interval>
    <numIntegration>6</numIntegration>
    <scanNumber>3</scanNumber>
    <subscanNumber>3</subscanNumber>
    <dataSize>378151</dataSize>
    <dataUID>
      <EntityRef entityId="uid://A002/X551c61/X21" partId="X00000000" entityTypeName="Main" documentVersion="1" />
    </dataUID>
    <configDescriptionId>ConfigDescription_0</configDescriptionId>
    <execBlockId>ExecBlock_0</execBlockId>
    <fieldId>Field_0</fieldId>
    <stateId>1 5 State_2 State_2 State_2 State_2 State_2</stateId>
  </row>
  <row>
    <time>4859886264432000000</time>
    <numAntenna>5</numAntenna>
    <timeSampling>SUBINTEGRATION</timeSampling>
    <interval>5760000000</interval>
    <numIntegration>6</numIntegration>
    <scanNumber>3</scanNumber>
    <subscanNumber>3</subscanNumber>
    <dataSize>12486</dataSize>
    <dataUID>
      <EntityRef entityId="uid://A002/X551c61/X20" partId="X00000000" entityTypeName="Main" documentVersion="1" />
    </dataUID>
    <configDescriptionId>ConfigDescription_1</configDescriptionId>
    <execBlockId>ExecBlock_0</execBlockId>
    <fieldId>Field_0</fieldId>
    <stateId>1 5 State_2 State_2 State_2 State_2 State_2</stateId>
  </row>
  <row>
    <time>4859886264432000000</time>
    <numAntenna>5</numAntenna>
    <timeSampling>SUBINTEGRATION</timeSampling>
    <interval>5760000000</interval>
    <numIntegration>6</numIntegration>
    <scanNumber>3</scanNumber>
    <subscanNumber>3</subscanNumber>
    <dataSize>2633</dataSize>
    <dataUID>
      <EntityRef entityId="uid://A002/X551c61/X22" partId="X00000000" entityTypeName="Main" documentVersion="1" />
    </dataUID>
    <configDescriptionId>ConfigDescription_2</configDescriptionId>
    <execBlockId>ExecBlock_0</execBlockId>
    <fieldId>Field_0</fieldId>
    <stateId>1 5 State_2 State_2 State_2 State_2 State_2</stateId>
  </row>
  <row>
    <time>4859886264432000000</time>
    <numAntenna>5</numAntenna>
    <timeSampling>INTEGRATION</timeSampling>
    <interval>5760000000</interval>
    <numIntegration>57</numIntegration>
    <scanNumber>3</scanNumber>
    <subscanNumber>3</subscanNumber>
    <dataSize>-99</dataSize>
    <dataUID>
      <EntityRef entityId="uid://A002/X551c61/X1b" partId="X00000000" entityTypeName="Main" documentVersion="1" />
    </dataUID>
    <configDescriptionId>ConfigDescription_3</configDescriptionId>
    <execBlockId>ExecBlock_0</execBlockId>
    <fieldId>Field_0</fieldId>
    <stateId>1 5 State_2 State_2 State_2 State_2 State_2</stateId>
  </row>
  <row>
    <time>4859886272784000000</time>
    <numAntenna>5</numAntenna>
    <timeSampling>INTEGRATION</timeSampling>
    <interval>5760000000</interval>
    <numIntegration>6</numIntegration>
    <scanNumber>3</scanNumber>
    <subscanNumber>4</subscanNumber>
    <dataSize>627595</dataSize>
    <dataUID>
      <EntityRef entityId="uid://A002/X551c61/X24" partId="X00000000" entityTypeName="Main" documentVersion="1" />
    </dataUID>
    <configDescriptionId>ConfigDescription_0</configDescriptionId>
    <execBlockId>ExecBlock_0</execBlockId>
    <fieldId>Field_0</fieldId>
    <stateId>1 5 State_0 State_0 State_0 State_0 State_0</stateId>
  </row>
  <row>
    <time>4859886272784000000</time>
    <numAntenna>5</numAntenna>
    <timeSampling>SUBINTEGRATION</timeSampling>
    <interval>5760000000</interval>
    <numIntegration>6</numIntegration>
    <scanNumber>3</scanNumber>
    <subscanNumber>4</subscanNumber>
    <dataSize>16194</dataSize>
    <dataUID>
      <EntityRef entityId="uid://A002/X551c61/X23" partId="X00000000" entityTypeName="Main" documentVersion="1" />
    </dataUID>
    <configDescriptionId>ConfigDescription_1</configDescriptionId>
    <execBlockId>ExecBlock_0</execBlockId>
    <fieldId>Field_0</fieldId>
    <stateId>1 5 State_0 State_0 State_0 State_0 State_0</stateId>
  </row>
  <row>
    <time>4859886272784000000</time>
    <numAntenna>5</numAntenna>
    <timeSampling>SUBINTEGRATION</timeSampling>
    <interval>5760000000</interval>
    <numIntegration>6</numIntegration>
    <scanNumber>3</scanNumber>
    <subscanNumber>4</subscanNumber>
    <dataSize>2633</dataSize>
    <dataUID>
      <EntityRef entityId="uid://A002/X551c61/X25" partId="X00000000" entityTypeName="Main" documentVersion="1" />
    </dataUID>
    <configDescriptionId>ConfigDescription_2</configDescriptionId>
    <execBlockId>ExecBlock_0</execBlockId>
    <fieldId>Field_0</fieldId>
    <stateId>1 5 State_0 State_0 State_0 State_0 State_0</stateId>
  </row>
  <row>
    <time>4859886272784000000</time>
    <numAntenna>5</numAntenna>
    <timeSampling>INTEGRATION</timeSampling>
    <interval>5760000000</interval>
    <numIntegration>57</numIntegration>
    <scanNumber>3</scanNumber>
    <subscanNumber>4</subscanNumber>
    <dataSize>-99</dataSize>
    <dataUID>
      <EntityRef entityId="uid://A002/X551c61/X1c" partId="X00000000" entityTypeName="Main" documentVersion="1" />
    </dataUID>
    <configDescriptionId>ConfigDescription_3</configDescriptionId>
    <execBlockId>ExecBlock_0</execBlockId>
    <fieldId>Field_0</fieldId>
    <stateId>1 5 State_0 State_0 State_0 State_0 State_0</stateId>
  </row>
  <row>
    <time>4859886303072000000</time>
    <numAntenna>5</numAntenna>
    <timeSampling>INTEGRATION</timeSampling>
    <interval>5760000000</interval>
    <numIntegration>6</numIntegration>
    <scanNumber>4</scanNumber>
    <subscanNumber>1</subscanNumber>
    <dataSize>378151</dataSize>
    <dataUID>
      <EntityRef entityId="uid://A002/X551c61/X28" partId="X00000000" entityTypeName="Main" documentVersion="1" />
    </dataUID>
    <configDescriptionId>ConfigDescription_0</configDescriptionId>
    <execBlockId>ExecBlock_0</execBlockId>
    <fieldId>Field_0</fieldId>
    <stateId>1 5 State_0 State_0 State_0 State_0 State_0</stateId>
  </row>
  <row>
    <time>4859886303072000000</time>
    <numAntenna>5</numAntenna>
    <timeSampling>SUBINTEGRATION</timeSampling>
    <interval>5760000000</interval>
    <numIntegration>6</numIntegration>
    <scanNumber>4</scanNumber>
    <subscanNumber>1</subscanNumber>
    <dataSize>12486</dataSize>
    <dataUID>
      <EntityRef entityId="uid://A002/X551c61/X27" partId="X00000000" entityTypeName="Main" documentVersion="1" />
    </dataUID>
    <configDescriptionId>ConfigDescription_1</configDescriptionId>
    <execBlockId>ExecBlock_0</execBlockId>
    <fieldId>Field_0</fieldId>
    <stateId>1 5 State_0 State_0 State_0 State_0 State_0</stateId>
  </row>
  <row>
    <time>4859886303072000000</time>
    <numAntenna>5</numAntenna>
    <timeSampling>SUBINTEGRATION</timeSampling>
    <interval>5760000000</interval>
    <numIntegration>6</numIntegration>
    <scanNumber>4</scanNumber>
    <subscanNumber>1</subscanNumber>
    <dataSize>2633</dataSize>
    <dataUID>
      <EntityRef entityId="uid://A002/X551c61/X29" partId="X00000000" entityTypeName="Main" documentVersion="1" />
    </dataUID>
    <configDescriptionId>ConfigDescription_2</configDescriptionId>
    <execBlockId>ExecBlock_0</execBlockId>
    <fieldId>Field_0</fieldId>
    <stateId>1 5 State_0 State_0 State_0 State_0 State_0</stateId>
  </row>
  <row>
    <time>4859886303072000000</time>
    <numAntenna>5</numAntenna>
    <timeSampling>INTEGRATION</timeSampling>
    <interval>5760000000</interval>
    <numIntegration>57</numIntegration>
    <scanNumber>4</scanNumber>
    <subscanNumber>1</subscanNumber>
    <dataSize>-99</dataSize>
    <dataUID>
      <EntityRef entityId="uid://A002/X551c61/X26" partId="X00000000" entityTypeName="Main" documentVersion="1" />
    </dataUID>
    <configDescriptionId>ConfigDescription_3</configDescriptionId>
    <execBlockId>ExecBlock_0</execBlockId>
    <fieldId>Field_0</fieldId>
    <stateId>1 5 State_0 State_0 State_0 State_0 State_0</stateId>
  </row>
  <row>
    <time>4859886433248000000</time>
    <numAntenna>5</numAntenna>
    <timeSampling>INTEGRATION</timeSampling>
    <interval>5760000000</interval>
    <numIntegration>6</numIntegration>
    <scanNumber>5</scanNumber>
    <subscanNumber>1</subscanNumber>
    <dataSize>627595</dataSize>
    <dataUID>
      <EntityRef entityId="uid://A002/X551c61/X2c" partId="X00000000" entityTypeName="Main" documentVersion="1" />
    </dataUID>
    <configDescriptionId>ConfigDescription_0</configDescriptionId>
    <execBlockId>ExecBlock_0</execBlockId>
    <fieldId>Field_0</fieldId>
    <stateId>1 5 State_0 State_0 State_0 State_0 State_0</stateId>
  </row>
  <row>
    <time>4859886433248000000</time>
    <numAntenna>5</numAntenna>
    <timeSampling>SUBINTEGRATION</timeSampling>
    <interval>5760000000</interval>
    <numIntegration>6</numIntegration>
    <scanNumber>5</scanNumber>
    <subscanNumber>1</subscanNumber>
    <dataSize>16194</dataSize>
    <dataUID>
      <EntityRef entityId="uid://A002/X551c61/X2b" partId="X00000000" entityTypeName="Main" documentVersion="1" />
    </dataUID>
    <configDescriptionId>ConfigDescription_1</configDescriptionId>
    <execBlockId>ExecBlock_0</execBlockId>
    <fieldId>Field_0</fieldId>
    <stateId>1 5 State_0 State_0 State_0 State_0 State_0</stateId>
  </row>
  <row>
    <time>4859886433248000000</time>
    <numAntenna>5</numAntenna>
    <timeSampling>SUBINTEGRATION</timeSampling>
    <interval>5760000000</interval>
    <numIntegration>6</numIntegration>
    <scanNumber>5</scanNumber>
    <subscanNumber>1</subscanNumber>
    <dataSize>2633</dataSize>
    <dataUID>
      <EntityRef entityId="uid://A002/X551c61/X2d" partId="X00000000" entityTypeName="Main" documentVersion="1" />
    </dataUID>
    <configDescriptionId>ConfigDescription_2</configDescriptionId>
    <execBlockId>ExecBlock_0</execBlockId>
    <fieldId>Field_0</fieldId>
    <stateId>1 5 State_0 State_0 State_0 State_0 State_0</stateId>
  </row>
  <row>
    <time>4859886433248000000</time>
    <numAntenna>5</numAntenna>
    <timeSampling>INTEGRATION</timeSampling>
    <interval>5760000000</interval>
    <numIntegration>57</numIntegration>
    <scanNumber>5</scanNumber>
    <subscanNumber>1</subscanNumber>
    <dataSize>-99</dataSize>
    <dataUID>
      <EntityRef entityId="uid://A002/X551c61/X2a" partId="X00000000" entityTypeName="Main" documentVersion="1" />
    </dataUID>
    <configDescriptionId>ConfigDescription_3</configDescriptionId>
    <execBlockId>ExecBlock_0</execBlockId>
    <fieldId>Field_0</fieldId>
    <stateId>1 5 State_0 State_0 State_0 State_0 State_0</stateId>
  </row>
  <row>
    <time>4859886450624000000</time>
    <numAntenna>5</numAntenna>
    <timeSampling>INTEGRATION</timeSampling>
    <interval>5760000000</interval>
    <numIntegration>6</numIntegration>
    <scanNumber>5</scanNumber>
    <subscanNumber>2</subscanNumber>
    <dataSize>378151</dataSize>
    <dataUID>
      <EntityRef entityId="uid://A002/X551c61/X32" partId="X00000000" entityTypeName="Main" documentVersion="1" />
    </dataUID>
    <configDescriptionId>ConfigDescription_0</configDescriptionId>
    <execBlockId>ExecBlock_0</execBlockId>
    <fieldId>Field_0</fieldId>
    <stateId>1 5 State_1 State_1 State_1 State_1 State_1</stateId>
  </row>
  <row>
    <time>4859886450624000000</time>
    <numAntenna>5</numAntenna>
    <timeSampling>SUBINTEGRATION</timeSampling>
    <interval>5760000000</interval>
    <numIntegration>6</numIntegration>
    <scanNumber>5</scanNumber>
    <subscanNumber>2</subscanNumber>
    <dataSize>12486</dataSize>
    <dataUID>
      <EntityRef entityId="uid://A002/X551c61/X31" partId="X00000000" entityTypeName="Main" documentVersion="1" />
    </dataUID>
    <configDescriptionId>ConfigDescription_1</configDescriptionId>
    <execBlockId>ExecBlock_0</execBlockId>
    <fieldId>Field_0</fieldId>
    <stateId>1 5 State_1 State_1 State_1 State_1 State_1</stateId>
  </row>
  <row>
    <time>4859886450624000000</time>
    <numAntenna>5</numAntenna>
    <timeSampling>SUBINTEGRATION</timeSampling>
    <interval>5760000000</interval>
    <numIntegration>6</numIntegration>
    <scanNumber>5</scanNumber>
    <subscanNumber>2</subscanNumber>
    <dataSize>2633</dataSize>
    <dataUID>
      <EntityRef entityId="uid://A002/X551c61/X33" partId="X00000000" entityTypeName="Main" documentVersion="1" />
    </dataUID>
    <configDescriptionId>ConfigDescription_2</configDescriptionId>
    <execBlockId>ExecBlock_0</execBlockId>
    <fieldId>Field_0</fieldId>
    <stateId>1 5 State_1 State_1 State_1 State_1 State_1</stateId>
  </row>
  <row>
    <time>4859886450624000000</time>
    <numAntenna>5</numAntenna>
    <timeSampling>INTEGRATION</timeSampling>
    <interval>5760000000</interval>
    <numIntegration>57</numIntegration>
    <scanNumber>5</scanNumber>
    <subscanNumber>2</subscanNumber>
    <dataSize>-99</dataSize>
    <dataUID>
      <EntityRef entityId="uid://A002/X551c61/X2e" partId="X00000000" entityTypeName="Main" documentVersion="1" />
    </dataUID>
    <configDescriptionId>ConfigDescription_3</configDescriptionId>
    <execBlockId>ExecBlock_0</execBlockId>
    <fieldId>Field_0</fieldId>
    <stateId>1 5 State_1 State_1 State_1 State_1 State_1</stateId>
  </row>
  <row>
    <time>4859886458976000000</time>
    <numAntenna>5</numAntenna>
    <timeSampling>INTEGRATION</timeSampling>
    <interval>5760000000</interval>
    <numIntegration>6</numIntegration>
    <scanNumber>5</scanNumber>
    <subscanNumber>3</subscanNumber>
    <dataSize>378151</dataSize>
    <dataUID>
      <EntityRef entityId="uid://A002/X551c61/X35" partId="X00000000" entityTypeName="Main" documentVersion="1" />
    </dataUID>
    <configDescriptionId>ConfigDescription_0</configDescriptionId>
    <execBlockId>ExecBlock_0</execBlockId>
    <fieldId>Field_0</fieldId>
    <stateId>1 5 State_2 State_2 State_2 State_2 State_2</stateId>
  </row>
  <row>
    <time>4859886458976000000</time>
    <numAntenna>5</numAntenna>
    <timeSampling>SUBINTEGRATION</timeSampling>
    <interval>5760000000</interval>
    <numIntegration>6</numIntegration>
    <scanNumber>5</scanNumber>
    <subscanNumber>3</subscanNumber>
    <dataSize>12486</dataSize>
    <dataUID>
      <EntityRef entityId="uid://A002/X551c61/X34" partId="X00000000" entityTypeName="Main" documentVersion="1" />
    </dataUID>
    <configDescriptionId>ConfigDescription_1</configDescriptionId>
    <execBlockId>ExecBlock_0</execBlockId>
    <fieldId>Field_0</fieldId>
    <stateId>1 5 State_2 State_2 State_2 State_2 State_2</stateId>
  </row>
  <row>
    <time>4859886458976000000</time>
    <numAntenna>5</numAntenna>
    <timeSampling>SUBINTEGRATION</timeSampling>
    <interval>5760000000</interval>
    <numIntegration>6</numIntegration>
    <scanNumber>5</scanNumber>
    <subscanNumber>3</subscanNumber>
    <dataSize>2633</dataSize>
    <dataUID>
      <EntityRef entityId="uid://A002/X551c61/X36" partId="X00000000" entityTypeName="Main" documentVersion="1" />
    </dataUID>
    <configDescriptionId>ConfigDescription_2</configDescriptionId>
    <execBlockId>ExecBlock_0</execBlockId>
    <fieldId>Field_0</fieldId>
    <stateId>1 5 State_2 State_2 State_2 State_2 State_2</stateId>
  </row>
  <row>
    <time>4859886458976000000</time>
    <numAntenna>5</numAntenna>
    <timeSampling>INTEGRATION</timeSampling>
    <interval>5760000000</interval>
    <numIntegration>57</numIntegration>
    <scanNumber>5</scanNumber>
    <subscanNumber>3</subscanNumber>
    <dataSize>-99</dataSize>
    <dataUID>
      <EntityRef entityId="uid://A002/X551c61/X2f" partId="X00000000" entityTypeName="Main" documentVersion="1" />
    </dataUID>
    <configDescriptionId>ConfigDescription_3</configDescriptionId>
    <execBlockId>ExecBlock_0</execBlockId>
    <fieldId>Field_0</fieldId>
    <stateId>1 5 State_2 State_2 State_2 State_2 State_2</stateId>
  </row>
  <row>
    <time>4859886467328000000</time>
    <numAntenna>5</numAntenna>
    <timeSampling>INTEGRATION</timeSampling>
    <interval>5760000000</interval>
    <numIntegration>6</numIntegration>
    <scanNumber>5</scanNumber>
    <subscanNumber>4</subscanNumber>
    <dataSize>627595</dataSize>
    <dataUID>
      <EntityRef entityId="uid://A002/X551c61/X38" partId="X00000000" entityTypeName="Main" documentVersion="1" />
    </dataUID>
    <configDescriptionId>ConfigDescription_0</configDescriptionId>
    <execBlockId>ExecBlock_0</execBlockId>
    <fieldId>Field_0</fieldId>
    <stateId>1 5 State_0 State_0 State_0 State_0 State_0</stateId>
  </row>
  <row>
    <time>4859886467328000000</time>
    <numAntenna>5</numAntenna>
    <timeSampling>SUBINTEGRATION</timeSampling>
    <interval>5760000000</interval>
    <numIntegration>6</numIntegration>
    <scanNumber>5</scanNumber>
    <subscanNumber>4</subscanNumber>
    <dataSize>16194</dataSize>
    <dataUID>
      <EntityRef entityId="uid://A002/X551c61/X37" partId="X00000000" entityTypeName="Main" documentVersion="1" />
    </dataUID>
    <configDescriptionId>ConfigDescription_1</configDescriptionId>
    <execBlockId>ExecBlock_0</execBlockId>
    <fieldId>Field_0</fieldId>
    <stateId>1 5 State_0 State_0 State_0 State_0 State_0</stateId>
  </row>
  <row>
    <time>4859886467328000000</time>
    <numAntenna>5</numAntenna>
    <timeSampling>SUBINTEGRATION</timeSampling>
    <interval>5760000000</interval>
    <numIntegration>6</numIntegration>
    <scanNumber>5</scanNumber>
    <subscanNumber>4</subscanNumber>
    <dataSize>2633</dataSize>
    <dataUID>
      <EntityRef entityId="uid://A002/X551c61/X39" partId="X00000000" entityTypeName="Main" documentVersion="1" />
    </dataUID>
    <configDescriptionId>ConfigDescription_2</configDescriptionId>
    <execBlockId>ExecBlock_0</execBlockId>
    <fieldId>Field_0</fieldId>
    <stateId>1 5 State_0 State_0 State_0 State_0 State_0</stateId>
  </row>
  <row>
    <time>4859886467328000000</time>
    <numAntenna>5</numAntenna>
    <timeSampling>INTEGRATION</timeSampling>
    <interval>5760000000</interval>
    <numIntegration>57</numIntegration>
    <scanNumber>5</scanNumber>
    <subscanNumber>4</subscanNumber>
    <dataSize>-99</dataSize>
    <dataUID>
      <EntityRef entityId="uid://A002/X551c61/X30" partId="X00000000" entityTypeName="Main" documentVersion="1" />
    </dataUID>
    <configDescriptionId>ConfigDescription_3</configDescriptionId>
    <execBlockId>ExecBlock_0</execBlockId>
    <fieldId>Field_0</fieldId>
    <stateId>1 5 State_0 State_0 State_0 State_0 State_0</stateId>
  </row>
  <row>
    <time>4859886497952000000</time>
    <numAntenna>5</numAntenna>
    <timeSampling>INTEGRATION</timeSampling>
    <interval>5760000000</interval>
    <numIntegration>6</numIntegration>
    <scanNumber>6</scanNumber>
    <subscanNumber>1</subscanNumber>
    <dataSize>378151</dataSize>
    <dataUID>
      <EntityRef entityId="uid://A002/X551c61/X3c" partId="X00000000" entityTypeName="Main" documentVersion="1" />
    </dataUID>
    <configDescriptionId>ConfigDescription_0</configDescriptionId>
    <execBlockId>ExecBlock_0</execBlockId>
    <fieldId>Field_0</fieldId>
    <stateId>1 5 State_0 State_0 State_0 State_0 State_0</stateId>
  </row>
  <row>
    <time>4859886497952000000</time>
    <numAntenna>5</numAntenna>
    <timeSampling>SUBINTEGRATION</timeSampling>
    <interval>5760000000</interval>
    <numIntegration>6</numIntegration>
    <scanNumber>6</scanNumber>
    <subscanNumber>1</subscanNumber>
    <dataSize>12486</dataSize>
    <dataUID>
      <EntityRef entityId="uid://A002/X551c61/X3b" partId="X00000000" entityTypeName="Main" documentVersion="1" />
    </dataUID>
    <configDescriptionId>ConfigDescription_1</configDescriptionId>
    <execBlockId>ExecBlock_0</execBlockId>
    <fieldId>Field_0</fieldId>
    <stateId>1 5 State_0 State_0 State_0 State_0 State_0</stateId>
  </row>
  <row>
    <time>4859886497952000000</time>
    <numAntenna>5</numAntenna>
    <timeSampling>SUBINTEGRATION</timeSampling>
    <interval>5760000000</interval>
    <numIntegration>6</numIntegration>
    <scanNumber>6</scanNumber>
    <subscanNumber>1</subscanNumber>
    <dataSize>2633</dataSize>
    <dataUID>
      <EntityRef entityId="uid://A002/X551c61/X3d" partId="X00000000" entityTypeName="Main" documentVersion="1" />
    </dataUID>
    <configDescriptionId>ConfigDescription_2</configDescriptionId>
    <execBlockId>ExecBlock_0</execBlockId>
    <fieldId>Field_0</fieldId>
    <stateId>1 5 State_0 State_0 State_0 State_0 State_0</stateId>
  </row>
  <row>
    <time>4859886497952000000</time>
    <numAntenna>5</numAntenna>
    <timeSampling>INTEGRATION</timeSampling>
    <interval>5760000000</interval>
    <numIntegration>57</numIntegration>
    <scanNumber>6</scanNumber>
    <subscanNumber>1</subscanNumber>
    <dataSize>-99</dataSize>
    <dataUID>
      <EntityRef entityId="uid://A002/X551c61/X3a" partId="X00000000" entityTypeName="Main" documentVersion="1" />
    </dataUID>
    <configDescriptionId>ConfigDescription_3</configDescriptionId>
    <execBlockId>ExecBlock_0</execBlockId>
    <fieldId>Field_0</fieldId>
    <stateId>1 5 State_0 State_0 State_0 State_0 State_0</stateId>
  </row>
  <row>
    <time>4859886629904000000</time>
    <numAntenna>5</numAntenna>
    <timeSampling>INTEGRATION</timeSampling>
    <interval>5760000000</interval>
    <numIntegration>6</numIntegration>
    <scanNumber>7</scanNumber>
    <subscanNumber>1</subscanNumber>
    <dataSize>627595</dataSize>
    <dataUID>
      <EntityRef entityId="uid://A002/X551c61/X40" partId="X00000000" entityTypeName="Main" documentVersion="1" />
    </dataUID>
    <configDescriptionId>ConfigDescription_0</configDescriptionId>
    <execBlockId>ExecBlock_0</execBlockId>
    <fieldId>Field_0</fieldId>
    <stateId>1 5 State_0 State_0 State_0 State_0 State_0</stateId>
  </row>
  <row>
    <time>4859886629904000000</time>
    <numAntenna>5</numAntenna>
    <timeSampling>SUBINTEGRATION</timeSampling>
    <interval>5760000000</interval>
    <numIntegration>6</numIntegration>
    <scanNumber>7</scanNumber>
    <subscanNumber>1</subscanNumber>
    <dataSize>16194</dataSize>
    <dataUID>
      <EntityRef entityId="uid://A002/X551c61/X3f" partId="X00000000" entityTypeName="Main" documentVersion="1" />
    </dataUID>
    <configDescriptionId>ConfigDescription_1</configDescriptionId>
    <execBlockId>ExecBlock_0</execBlockId>
    <fieldId>Field_0</fieldId>
    <stateId>1 5 State_0 State_0 State_0 State_0 State_0</stateId>
  </row>
  <row>
    <time>4859886629904000000</time>
    <numAntenna>5</numAntenna>
    <timeSampling>SUBINTEGRATION</timeSampling>
    <interval>5760000000</interval>
    <numIntegration>6</numIntegration>
    <scanNumber>7</scanNumber>
    <subscanNumber>1</subscanNumber>
    <dataSize>2633</dataSize>
    <dataUID>
      <EntityRef entityId="uid://A002/X551c61/X41" partId="X00000000" entityTypeName="Main" documentVersion="1" />
    </dataUID>
    <configDescriptionId>ConfigDescription_2</configDescriptionId>
    <execBlockId>ExecBlock_0</execBlockId>
    <fieldId>Field_0</fieldId>
    <stateId>1 5 State_0 State_0 State_0 State_0 State_0</stateId>
  </row>
  <row>
    <time>4859886629904000000</time>
    <numAntenna>5</numAntenna>
    <timeSampling>INTEGRATION</timeSampling>
    <interval>5760000000</interval>
    <numIntegration>57</numIntegration>
    <scanNumber>7</scanNumber>
    <subscanNumber>1</subscanNumber>
    <dataSize>-99</dataSize>
    <dataUID>
      <EntityRef entityId="uid://A002/X551c61/X3e" partId="X00000000" entityTypeName="Main" documentVersion="1" />
    </dataUID>
    <configDescriptionId>ConfigDescription_3</configDescriptionId>
    <execBlockId>ExecBlock_0</execBlockId>
    <fieldId>Field_0</fieldId>
    <stateId>1 5 State_0 State_0 State_0 State_0 State_0</stateId>
  </row>
  <row>
    <time>4859886646752000000</time>
    <numAntenna>5</numAntenna>
    <timeSampling>INTEGRATION</timeSampling>
    <interval>5760000000</interval>
    <numIntegration>6</numIntegration>
    <scanNumber>7</scanNumber>
    <subscanNumber>2</subscanNumber>
    <dataSize>378151</dataSize>
    <dataUID>
      <EntityRef entityId="uid://A002/X551c61/X46" partId="X00000000" entityTypeName="Main" documentVersion="1" />
    </dataUID>
    <configDescriptionId>ConfigDescription_0</configDescriptionId>
    <execBlockId>ExecBlock_0</execBlockId>
    <fieldId>Field_0</fieldId>
    <stateId>1 5 State_1 State_1 State_1 State_1 State_1</stateId>
  </row>
  <row>
    <time>4859886646752000000</time>
    <numAntenna>5</numAntenna>
    <timeSampling>SUBINTEGRATION</timeSampling>
    <interval>5760000000</interval>
    <numIntegration>6</numIntegration>
    <scanNumber>7</scanNumber>
    <subscanNumber>2</subscanNumber>
    <dataSize>12486</dataSize>
    <dataUID>
      <EntityRef entityId="uid://A002/X551c61/X45" partId="X00000000" entityTypeName="Main" documentVersion="1" />
    </dataUID>
    <configDescriptionId>ConfigDescription_1</configDescriptionId>
    <execBlockId>ExecBlock_0</execBlockId>
    <fieldId>Field_0</fieldId>
    <stateId>1 5 State_1 State_1 State_1 State_1 State_1</stateId>
  </row>
  <row>
    <time>4859886646752000000</time>
    <numAntenna>5</numAntenna>
    <timeSampling>SUBINTEGRATION</timeSampling>
    <interval>5760000000</interval>
    <numIntegration>6</numIntegration>
    <scanNumber>7</scanNumber>
    <subscanNumber>2</subscanNumber>
    <dataSize>2633</dataSize>
    <dataUID>
      <EntityRef entityId="uid://A002/X551c61/X47" partId="X00000000" entityTypeName="Main" documentVersion="1" />
    </dataUID>
    <configDescriptionId>ConfigDescription_2</configDescriptionId>
    <execBlockId>ExecBlock_0</execBlockId>
    <fieldId>Field_0</fieldId>
    <stateId>1 5 State_1 State_1 State_1 State_1 State_1</stateId>
  </row>
  <row>
    <time>4859886646752000000</time>
    <numAntenna>5</numAntenna>
    <timeSampling>INTEGRATION</timeSampling>
    <interval>5760000000</interval>
    <numIntegration>57</numIntegration>
    <scanNumber>7</scanNumber>
    <subscanNumber>2</subscanNumber>
    <dataSize>-99</dataSize>
    <dataUID>
      <EntityRef entityId="uid://A002/X551c61/X42" partId="X00000000" entityTypeName="Main" documentVersion="1" />
    </dataUID>
    <configDescriptionId>ConfigDescription_3</configDescriptionId>
    <execBlockId>ExecBlock_0</execBlockId>
    <fieldId>Field_0</fieldId>
    <stateId>1 5 State_1 State_1 State_1 State_1 State_1</stateId>
  </row>
  <row>
    <time>4859886655104000000</time>
    <numAntenna>5</numAntenna>
    <timeSampling>INTEGRATION</timeSampling>
    <interval>5760000000</interval>
    <numIntegration>6</numIntegration>
    <scanNumber>7</scanNumber>
    <subscanNumber>3</subscanNumber>
    <dataSize>378151</dataSize>
    <dataUID>
      <EntityRef entityId="uid://A002/X551c61/X49" partId="X00000000" entityTypeName="Main" documentVersion="1" />
    </dataUID>
    <configDescriptionId>ConfigDescription_0</configDescriptionId>
    <execBlockId>ExecBlock_0</execBlockId>
    <fieldId>Field_0</fieldId>
    <stateId>1 5 State_2 State_2 State_2 State_2 State_2</stateId>
  </row>
  <row>
    <time>4859886655104000000</time>
    <numAntenna>5</numAntenna>
    <timeSampling>SUBINTEGRATION</timeSampling>
    <interval>5760000000</interval>
    <numIntegration>6</numIntegration>
    <scanNumber>7</scanNumber>
    <subscanNumber>3</subscanNumber>
    <dataSize>12486</dataSize>
    <dataUID>
      <EntityRef entityId="uid://A002/X551c61/X48" partId="X00000000" entityTypeName="Main" documentVersion="1" />
    </dataUID>
    <configDescriptionId>ConfigDescription_1</configDescriptionId>
    <execBlockId>ExecBlock_0</execBlockId>
    <fieldId>Field_0</fieldId>
    <stateId>1 5 State_2 State_2 State_2 State_2 State_2</stateId>
  </row>
  <row>
    <time>4859886655104000000</time>
    <numAntenna>5</numAntenna>
    <timeSampling>SUBINTEGRATION</timeSampling>
    <interval>5760000000</interval>
    <numIntegration>6</numIntegration>
    <scanNumber>7</scanNumber>
    <subscanNumber>3</subscanNumber>
    <dataSize>2633</dataSize>
    <dataUID>
      <EntityRef entityId="uid://A002/X551c61/X4a" partId="X00000000" entityTypeName="Main" documentVersion="1" />
    </dataUID>
    <configDescriptionId>ConfigDescription_2</configDescriptionId>
    <execBlockId>ExecBlock_0</execBlockId>
    <fieldId>Field_0</fieldId>
    <stateId>1 5 State_2 State_2 State_2 State_2 State_2</stateId>
  </row>
  <row>
    <time>4859886655104000000</time>
    <numAntenna>5</numAntenna>
    <timeSampling>INTEGRATION</timeSampling>
    <interval>5760000000</interval>
    <numIntegration>57</numIntegration>
    <scanNumber>7</scanNumber>
    <subscanNumber>3</subscanNumber>
    <dataSize>-99</dataSize>
    <dataUID>
      <EntityRef entityId="uid://A002/X551c61/X43" partId="X00000000" entityTypeName="Main" documentVersion="1" />
    </dataUID>
    <configDescriptionId>ConfigDescription_3</configDescriptionId>
    <execBlockId>ExecBlock_0</execBlockId>
    <fieldId>Field_0</fieldId>
    <stateId>1 5 State_2 State_2 State_2 State_2 State_2</stateId>
  </row>
  <row>
    <time>4859886663456000000</time>
    <numAntenna>5</numAntenna>
    <timeSampling>INTEGRATION</timeSampling>
    <interval>5760000000</interval>
    <numIntegration>6</numIntegration>
    <scanNumber>7</scanNumber>
    <subscanNumber>4</subscanNumber>
    <dataSize>627595</dataSize>
    <dataUID>
      <EntityRef entityId="uid://A002/X551c61/X4c" partId="X00000000" entityTypeName="Main" documentVersion="1" />
    </dataUID>
    <configDescriptionId>ConfigDescription_0</configDescriptionId>
    <execBlockId>ExecBlock_0</execBlockId>
    <fieldId>Field_0</fieldId>
    <stateId>1 5 State_0 State_0 State_0 State_0 State_0</stateId>
  </row>
  <row>
    <time>4859886663456000000</time>
    <numAntenna>5</numAntenna>
    <timeSampling>SUBINTEGRATION</timeSampling>
    <interval>5760000000</interval>
    <numIntegration>6</numIntegration>
    <scanNumber>7</scanNumber>
    <subscanNumber>4</subscanNumber>
    <dataSize>16194</dataSize>
    <dataUID>
      <EntityRef entityId="uid://A002/X551c61/X4b" partId="X00000000" entityTypeName="Main" documentVersion="1" />
    </dataUID>
    <configDescriptionId>ConfigDescription_1</configDescriptionId>
    <execBlockId>ExecBlock_0</execBlockId>
    <fieldId>Field_0</fieldId>
    <stateId>1 5 State_0 State_0 State_0 State_0 State_0</stateId>
  </row>
  <row>
    <time>4859886663456000000</time>
    <numAntenna>5</numAntenna>
    <timeSampling>SUBINTEGRATION</timeSampling>
    <interval>5760000000</interval>
    <numIntegration>6</numIntegration>
    <scanNumber>7</scanNumber>
    <subscanNumber>4</subscanNumber>
    <dataSize>2633</dataSize>
    <dataUID>
      <EntityRef entityId="uid://A002/X551c61/X4d" partId="X00000000" entityTypeName="Main" documentVersion="1" />
    </dataUID>
    <configDescriptionId>ConfigDescription_2</configDescriptionId>
    <execBlockId>ExecBlock_0</execBlockId>
    <fieldId>Field_0</fieldId>
    <stateId>1 5 State_0 State_0 State_0 State_0 State_0</stateId>
  </row>
  <row>
    <time>4859886663456000000</time>
    <numAntenna>5</numAntenna>
    <timeSampling>INTEGRATION</timeSampling>
    <interval>5760000000</interval>
    <numIntegration>57</numIntegration>
    <scanNumber>7</scanNumber>
    <subscanNumber>4</subscanNumber>
    <dataSize>-99</dataSize>
    <dataUID>
      <EntityRef entityId="uid://A002/X551c61/X44" partId="X00000000" entityTypeName="Main" documentVersion="1" />
    </dataUID>
    <configDescriptionId>ConfigDescription_3</configDescriptionId>
    <execBlockId>ExecBlock_0</execBlockId>
    <fieldId>Field_0</fieldId>
    <stateId>1 5 State_0 State_0 State_0 State_0 State_0</stateId>
  </row>
  <row>
    <time>4859886694032000000</time>
    <numAntenna>5</numAntenna>
    <timeSampling>INTEGRATION</timeSampling>
    <interval>5760000000</interval>
    <numIntegration>6</numIntegration>
    <scanNumber>8</scanNumber>
    <subscanNumber>1</subscanNumber>
    <dataSize>378151</dataSize>
    <dataUID>
      <EntityRef entityId="uid://A002/X551c61/X50" partId="X00000000" entityTypeName="Main" documentVersion="1" />
    </dataUID>
    <configDescriptionId>ConfigDescription_0</configDescriptionId>
    <execBlockId>ExecBlock_0</execBlockId>
    <fieldId>Field_0</fieldId>
    <stateId>1 5 State_0 State_0 State_0 State_0 State_0</stateId>
  </row>
  <row>
    <time>4859886694032000000</time>
    <numAntenna>5</numAntenna>
    <timeSampling>SUBINTEGRATION</timeSampling>
    <interval>5760000000</interval>
    <numIntegration>6</numIntegration>
    <scanNumber>8</scanNumber>
    <subscanNumber>1</subscanNumber>
    <dataSize>12486</dataSize>
    <dataUID>
      <EntityRef entityId="uid://A002/X551c61/X4f" partId="X00000000" entityTypeName="Main" documentVersion="1" />
    </dataUID>
    <configDescriptionId>ConfigDescription_1</configDescriptionId>
    <execBlockId>ExecBlock_0</execBlockId>
    <fieldId>Field_0</fieldId>
    <stateId>1 5 State_0 State_0 State_0 State_0 State_0</stateId>
  </row>
  <row>
    <time>4859886694032000000</time>
    <numAntenna>5</numAntenna>
    <timeSampling>SUBINTEGRATION</timeSampling>
    <interval>5760000000</interval>
    <numIntegration>6</numIntegration>
    <scanNumber>8</scanNumber>
    <subscanNumber>1</subscanNumber>
    <dataSize>2633</dataSize>
    <dataUID>
      <EntityRef entityId="uid://A002/X551c61/X51" partId="X00000000" entityTypeName="Main" documentVersion="1" />
    </dataUID>
    <configDescriptionId>ConfigDescription_2</configDescriptionId>
    <execBlockId>ExecBlock_0</execBlockId>
    <fieldId>Field_0</fieldId>
    <stateId>1 5 State_0 State_0 State_0 State_0 State_0</stateId>
  </row>
  <row>
    <time>4859886694032000000</time>
    <numAntenna>5</numAntenna>
    <timeSampling>INTEGRATION</timeSampling>
    <interval>5760000000</interval>
    <numIntegration>57</numIntegration>
    <scanNumber>8</scanNumber>
    <subscanNumber>1</subscanNumber>
    <dataSize>-99</dataSize>
    <dataUID>
      <EntityRef entityId="uid://A002/X551c61/X4e" partId="X00000000" entityTypeName="Main" documentVersion="1" />
    </dataUID>
    <configDescriptionId>ConfigDescription_3</configDescriptionId>
    <execBlockId>ExecBlock_0</execBlockId>
    <fieldId>Field_0</fieldId>
    <stateId>1 5 State_0 State_0 State_0 State_0 State_0</stateId>
  </row>
</MainTable>

