<?xml version="1.0" encoding="UTF-8"?>
<PointingModelTable xmlns:xsi="http://www.w3.org/2001/XMLSchema-instance" xmlns:pointm="http://Alma/XASDM/PointingModelTable" schemaVersion="3" schemaRevision="1.60.8.2">
  <Entity entityId="uid://A002/X551ca7/X1" entityIdEncrypted="na" entityTypeName="PointingModelTable" schemaVersion="1" documentVersion="1" />
  <ContainerEntity entityId="uid://A002/X551c61/X1" entityIdEncrypted="na" entityTypeName="ASDM" schemaVersion="1" documentVersion="1" />
  <row>
    <pointingModelId>0</pointingModelId>
    <numCoeff>19</numCoeff>
    <coeffName>1 19 "AN" "AW" "CA" "HACA" "HACA2" "HACA3" "HASA" "HASA2" "HASA3" "HECA2" "HECA3" "HECE" "HESA" "HESA2" "HESA3" "HESE" "IA" "IE" "NPAE"</coeffName>
    <coeffVal>1 19 31.38 38.18 162.6 -3.53 -1.5 -2.43 1.4 0.62 0.63 -0.81 -0.44 9.67 0.0 0.75 -0.43 -3.91 -1378.03 -461.18 22.12</coeffVal>
    <polarizationType>X</polarizationType>
    <receiverBand>ALMA_RB_03</receiverBand>
    <assocNature>Unspecified</assocNature>
    <antennaId>Antenna_2</antennaId>
    <assocPointingModelId>-99</assocPointingModelId>
  </row>
  <row>
    <pointingModelId>1</pointingModelId>
    <numCoeff>19</numCoeff>
    <coeffName>1 19 "AN" "AW" "CA" "HACA" "HACA2" "HACA3" "HASA" "HASA2" "HASA3" "HECA2" "HECA3" "HECE" "HESA" "HESA2" "HESA3" "HESE" "IA" "IE" "NPAE"</coeffName>
    <coeffVal>1 19 31.38 38.18 162.6 -3.53 -1.5 -2.43 1.4 0.62 0.63 -0.81 -0.44 9.67 0.0 0.75 -0.43 -3.91 -1378.03 -461.18 22.12</coeffVal>
    <polarizationType>Y</polarizationType>
    <receiverBand>ALMA_RB_03</receiverBand>
    <assocNature>Unspecified</assocNature>
    <antennaId>Antenna_2</antennaId>
    <assocPointingModelId>-99</assocPointingModelId>
  </row>
  <row>
    <pointingModelId>0</pointingModelId>
    <numCoeff>19</numCoeff>
    <coeffName>1 19 "AN" "AW" "CA" "HACA" "HACA2" "HACA3" "HASA" "HASA2" "HASA3" "HECA2" "HECA3" "HECE" "HESA" "HESA2" "HESA3" "HESE" "IA" "IE" "NPAE"</coeffName>
    <coeffVal>1 19 -4.48 -5.57 91.85 0.69 1.98 -1.46 -0.43 0.51 0.0 1.74 -0.59 8.61 0.0 -0.78 -0.5 -4.11 344.6 -124.85 1.6</coeffVal>
    <polarizationType>X</polarizationType>
    <receiverBand>ALMA_RB_03</receiverBand>
    <assocNature>Unspecified</assocNature>
    <antennaId>Antenna_3</antennaId>
    <assocPointingModelId>-99</assocPointingModelId>
  </row>
  <row>
    <pointingModelId>1</pointingModelId>
    <numCoeff>19</numCoeff>
    <coeffName>1 19 "AN" "AW" "CA" "HACA" "HACA2" "HACA3" "HASA" "HASA2" "HASA3" "HECA2" "HECA3" "HECE" "HESA" "HESA2" "HESA3" "HESE" "IA" "IE" "NPAE"</coeffName>
    <coeffVal>1 19 -4.48 -5.57 91.85 0.69 1.98 -1.46 -0.43 0.51 0.0 1.74 -0.59 8.61 0.0 -0.78 -0.5 -4.11 344.6 -124.85 1.6</coeffVal>
    <polarizationType>Y</polarizationType>
    <receiverBand>ALMA_RB_03</receiverBand>
    <assocNature>Unspecified</assocNature>
    <antennaId>Antenna_3</antennaId>
    <assocPointingModelId>-99</assocPointingModelId>
  </row>
  <row>
    <pointingModelId>0</pointingModelId>
    <numCoeff>19</numCoeff>
    <coeffName>1 19 "AN" "AW" "CA" "HACA" "HACA2" "HACA3" "HASA" "HASA2" "HASA3" "HECA2" "HECA3" "HECE" "HESA" "HESA2" "HESA3" "HESE" "IA" "IE" "NPAE"</coeffName>
    <coeffVal>1 19 16.91 12.67 100.38 -0.46 2.09 -0.49 -0.72 -0.22 -0.4 1.14 -0.17 6.82 0.0 -0.94 -0.02 -3.69 -667.22 -201.99 13.56</coeffVal>
    <polarizationType>X</polarizationType>
    <receiverBand>ALMA_RB_03</receiverBand>
    <assocNature>Unspecified</assocNature>
    <antennaId>Antenna_4</antennaId>
    <assocPointingModelId>-99</assocPointingModelId>
  </row>
  <row>
    <pointingModelId>1</pointingModelId>
    <numCoeff>19</numCoeff>
    <coeffName>1 19 "AN" "AW" "CA" "HACA" "HACA2" "HACA3" "HASA" "HASA2" "HASA3" "HECA2" "HECA3" "HECE" "HESA" "HESA2" "HESA3" "HESE" "IA" "IE" "NPAE"</coeffName>
    <coeffVal>1 19 16.91 12.67 100.38 -0.46 2.09 -0.49 -0.72 -0.22 -0.4 1.14 -0.17 6.82 0.0 -0.94 -0.02 -3.69 -667.22 -201.99 13.56</coeffVal>
    <polarizationType>Y</polarizationType>
    <receiverBand>ALMA_RB_03</receiverBand>
    <assocNature>Unspecified</assocNature>
    <antennaId>Antenna_4</antennaId>
    <assocPointingModelId>-99</assocPointingModelId>
  </row>
  <row>
    <pointingModelId>0</pointingModelId>
    <numCoeff>19</numCoeff>
    <coeffName>1 19 "AN" "AW" "CA" "HACA" "HACA2" "HACA3" "HASA" "HASA2" "HASA3" "HECA2" "HECA3" "HECE" "HESA" "HESA2" "HESA3" "HESE" "IA" "IE" "NPAE"</coeffName>
    <coeffVal>1 19 3.32 33.79 137.097 -5.8 -1.94 -0.9 0.33 -0.14 0.73 -0.83 -0.26 16.17 0.94 -0.5 0.24 2.06 118.49 -438.44 -13.23</coeffVal>
    <polarizationType>X</polarizationType>
    <receiverBand>ALMA_RB_03</receiverBand>
    <assocNature>Unspecified</assocNature>
    <antennaId>Antenna_1</antennaId>
    <assocPointingModelId>-99</assocPointingModelId>
  </row>
  <row>
    <pointingModelId>1</pointingModelId>
    <numCoeff>19</numCoeff>
    <coeffName>1 19 "AN" "AW" "CA" "HACA" "HACA2" "HACA3" "HASA" "HASA2" "HASA3" "HECA2" "HECA3" "HECE" "HESA" "HESA2" "HESA3" "HESE" "IA" "IE" "NPAE"</coeffName>
    <coeffVal>1 19 3.32 33.79 137.097 -5.8 -1.94 -0.9 0.33 -0.14 0.73 -0.83 -0.26 16.17 0.94 -0.5 0.24 2.06 118.49 -438.44 -13.23</coeffVal>
    <polarizationType>Y</polarizationType>
    <receiverBand>ALMA_RB_03</receiverBand>
    <assocNature>Unspecified</assocNature>
    <antennaId>Antenna_1</antennaId>
    <assocPointingModelId>-99</assocPointingModelId>
  </row>
  <row>
    <pointingModelId>0</pointingModelId>
    <numCoeff>19</numCoeff>
    <coeffName>1 19 "AN" "AW" "CA" "HACA" "HACA2" "HACA3" "HASA" "HASA2" "HASA3" "HECA2" "HECA3" "HECE" "HESA" "HESA2" "HESA3" "HESE" "IA" "IE" "NPAE"</coeffName>
    <coeffVal>1 19 12.55 25.73 76.9 7.71 1.79 -0.56 -1.42 -0.96 0.59 0.87 -0.58 0.32 0.38 -0.75 -0.9 -16.9 114.25 -187.91 16.13</coeffVal>
    <polarizationType>X</polarizationType>
    <receiverBand>ALMA_RB_03</receiverBand>
    <assocNature>Unspecified</assocNature>
    <antennaId>Antenna_0</antennaId>
    <assocPointingModelId>-99</assocPointingModelId>
  </row>
  <row>
    <pointingModelId>1</pointingModelId>
    <numCoeff>19</numCoeff>
    <coeffName>1 19 "AN" "AW" "CA" "HACA" "HACA2" "HACA3" "HASA" "HASA2" "HASA3" "HECA2" "HECA3" "HECE" "HESA" "HESA2" "HESA3" "HESE" "IA" "IE" "NPAE"</coeffName>
    <coeffVal>1 19 12.55 25.73 76.9 7.71 1.79 -0.56 -1.42 -0.96 0.59 0.87 -0.58 0.32 0.38 -0.75 -0.9 -16.9 114.25 -187.91 16.13</coeffVal>
    <polarizationType>Y</polarizationType>
    <receiverBand>ALMA_RB_03</receiverBand>
    <assocNature>Unspecified</assocNature>
    <antennaId>Antenna_0</antennaId>
    <assocPointingModelId>-99</assocPointingModelId>
  </row>
</PointingModelTable>

