<?xml version="1.0" encoding="UTF-8"?>
<ProcessorTable xmlns:xsi="http://www.w3.org/2001/XMLSchema-instance" xmlns:prcssr="http://Alma/XASDM/ProcessorTable" schemaVersion="3" schemaRevision="1.60.8.2">
  <Entity entityId="uid://A002/X551ca9/X1" entityIdEncrypted="na" entityTypeName="ProcessorTable" schemaVersion="1" documentVersion="1" />
  <ContainerEntity entityId="uid://A002/X551c61/X1" entityIdEncrypted="na" entityTypeName="ASDM" schemaVersion="1" documentVersion="1" />
  <row>
    <processorId>Processor_0</processorId>
    <modeId>CorrelatorMode_0</modeId>
    <processorType>CORRELATOR</processorType>
    <processorSubType>ALMA_CORRELATOR_MODE</processorSubType>
  </row>
  <row>
    <processorId>Processor_1</processorId>
    <modeId>AlmaRadiometer_3</modeId>
    <processorType>RADIOMETER</processorType>
    <processorSubType>ALMA_RADIOMETER</processorSubType>
  </row>
  <row>
    <processorId>Processor_2</processorId>
    <modeId>SquareLawDetector_3</modeId>
    <processorType>RADIOMETER</processorType>
    <processorSubType>SQUARE_LAW_DETECTOR</processorSubType>
  </row>
</ProcessorTable>

