<?xml version="1.0" encoding="UTF-8"?>
<ReceiverTable xmlns:xsi="http://www.w3.org/2001/XMLSchema-instance" xmlns:rcvr="http://Alma/XASDM/ReceiverTable" schemaVersion="3" schemaRevision="1.60.8.2">
  <Entity entityId="uid://A002/X551caa/X1" entityIdEncrypted="na" entityTypeName="ReceiverTable" schemaVersion="1" documentVersion="1" />
  <ContainerEntity entityId="uid://A002/X551c61/X1" entityIdEncrypted="na" entityTypeName="ASDM" schemaVersion="1" documentVersion="1" />
  <row>
    <receiverId>0</receiverId>
    <timeInterval>7041628858540387903 4363486356628775807</timeInterval>
    <name>WVR</name>
    <numLO>1</numLO>
    <frequencyBand>UNSPECIFIED</frequencyBand>
    <freqLO>1 1 9.226865E10</freqLO>
    <receiverSideband>NOSB</receiverSideband>
    <sidebandLO>1 1 DSB</sidebandLO>
    <spectralWindowId>SpectralWindow_0</spectralWindowId>
  </row>
  <row>
    <receiverId>0</receiverId>
    <timeInterval>7041628858540387903 4363486356628775807</timeInterval>
    <name>UNDEFINED</name>
    <numLO>3</numLO>
    <frequencyBand>ALMA_RB_03</frequencyBand>
    <freqLO>1 3 9.226865E10 8.96865E9 4.0E9</freqLO>
    <receiverSideband>SSB</receiverSideband>
    <sidebandLO>1 3 LSB LSB LSB</sidebandLO>
    <spectralWindowId>SpectralWindow_6</spectralWindowId>
  </row>
  <row>
    <receiverId>0</receiverId>
    <timeInterval>7041628858540387903 4363486356628775807</timeInterval>
    <name>UNDEFINED</name>
    <numLO>3</numLO>
    <frequencyBand>ALMA_RB_03</frequencyBand>
    <freqLO>1 3 9.226865E10 8.96865E9 4.0E9</freqLO>
    <receiverSideband>SSB</receiverSideband>
    <sidebandLO>1 3 LSB LSB LSB</sidebandLO>
    <spectralWindowId>SpectralWindow_7</spectralWindowId>
  </row>
  <row>
    <receiverId>0</receiverId>
    <timeInterval>7041628858540387903 4363486356628775807</timeInterval>
    <name>UNDEFINED</name>
    <numLO>3</numLO>
    <frequencyBand>ALMA_RB_03</frequencyBand>
    <freqLO>1 3 9.226865E10 8.96865E9 4.0E9</freqLO>
    <receiverSideband>SSB</receiverSideband>
    <sidebandLO>1 3 LSB LSB LSB</sidebandLO>
    <spectralWindowId>SpectralWindow_8</spectralWindowId>
  </row>
  <row>
    <receiverId>0</receiverId>
    <timeInterval>7041628858540387903 4363486356628775807</timeInterval>
    <name>UNDEFINED</name>
    <numLO>3</numLO>
    <frequencyBand>ALMA_RB_03</frequencyBand>
    <freqLO>1 3 9.226865E10 8.96865E9 4.0E9</freqLO>
    <receiverSideband>SSB</receiverSideband>
    <sidebandLO>1 3 LSB LSB LSB</sidebandLO>
    <spectralWindowId>SpectralWindow_9</spectralWindowId>
  </row>
  <row>
    <receiverId>0</receiverId>
    <timeInterval>7041628858540387903 4363486356628775807</timeInterval>
    <name>UNDEFINED</name>
    <numLO>3</numLO>
    <frequencyBand>ALMA_RB_03</frequencyBand>
    <freqLO>1 3 9.226865E10 8.96865E9 4.0E9</freqLO>
    <receiverSideband>SSB</receiverSideband>
    <sidebandLO>1 3 LSB LSB LSB</sidebandLO>
    <spectralWindowId>SpectralWindow_10</spectralWindowId>
  </row>
  <row>
    <receiverId>0</receiverId>
    <timeInterval>7041628858540387903 4363486356628775807</timeInterval>
    <name>UNDEFINED</name>
    <numLO>3</numLO>
    <frequencyBand>ALMA_RB_03</frequencyBand>
    <freqLO>1 3 9.226865E10 8.96865E9 4.0E9</freqLO>
    <receiverSideband>SSB</receiverSideband>
    <sidebandLO>1 3 LSB LSB LSB</sidebandLO>
    <spectralWindowId>SpectralWindow_11</spectralWindowId>
  </row>
  <row>
    <receiverId>0</receiverId>
    <timeInterval>7041628858540387903 4363486356628775807</timeInterval>
    <name>UNDEFINED</name>
    <numLO>3</numLO>
    <frequencyBand>ALMA_RB_03</frequencyBand>
    <freqLO>1 3 9.226865E10 8.96865E9 4.0E9</freqLO>
    <receiverSideband>SSB</receiverSideband>
    <sidebandLO>1 3 LSB LSB LSB</sidebandLO>
    <spectralWindowId>SpectralWindow_12</spectralWindowId>
  </row>
  <row>
    <receiverId>0</receiverId>
    <timeInterval>7041628858540387903 4363486356628775807</timeInterval>
    <name>UNDEFINED</name>
    <numLO>3</numLO>
    <frequencyBand>ALMA_RB_03</frequencyBand>
    <freqLO>1 3 9.226865E10 8.96865E9 4.0E9</freqLO>
    <receiverSideband>SSB</receiverSideband>
    <sidebandLO>1 3 LSB LSB LSB</sidebandLO>
    <spectralWindowId>SpectralWindow_13</spectralWindowId>
  </row>
  <row>
    <receiverId>1</receiverId>
    <timeInterval>7041628858540387903 4363486356628775807</timeInterval>
    <name>UNDEFINED</name>
    <numLO>3</numLO>
    <frequencyBand>ALMA_RB_03</frequencyBand>
    <freqLO>1 3 9.226865E10 8.96865E9 4.0E9</freqLO>
    <receiverSideband>NOSB</receiverSideband>
    <sidebandLO>1 3 LSB LSB LSB</sidebandLO>
    <spectralWindowId>SpectralWindow_6</spectralWindowId>
  </row>
  <row>
    <receiverId>1</receiverId>
    <timeInterval>7041628858540387903 4363486356628775807</timeInterval>
    <name>UNDEFINED</name>
    <numLO>3</numLO>
    <frequencyBand>ALMA_RB_03</frequencyBand>
    <freqLO>1 3 9.226865E10 8.96865E9 4.0E9</freqLO>
    <receiverSideband>NOSB</receiverSideband>
    <sidebandLO>1 3 LSB LSB LSB</sidebandLO>
    <spectralWindowId>SpectralWindow_7</spectralWindowId>
  </row>
  <row>
    <receiverId>0</receiverId>
    <timeInterval>7041628858540387903 4363486356628775807</timeInterval>
    <name>UNDEFINED</name>
    <numLO>3</numLO>
    <frequencyBand>ALMA_RB_03</frequencyBand>
    <freqLO>1 3 9.226865E10 8.96865E9 4.0E9</freqLO>
    <receiverSideband>NOSB</receiverSideband>
    <sidebandLO>1 3 LSB LSB LSB</sidebandLO>
    <spectralWindowId>SpectralWindow_14</spectralWindowId>
  </row>
  <row>
    <receiverId>1</receiverId>
    <timeInterval>7041628858540387903 4363486356628775807</timeInterval>
    <name>UNDEFINED</name>
    <numLO>3</numLO>
    <frequencyBand>ALMA_RB_03</frequencyBand>
    <freqLO>1 3 9.226865E10 8.96865E9 4.0E9</freqLO>
    <receiverSideband>NOSB</receiverSideband>
    <sidebandLO>1 3 LSB LSB LSB</sidebandLO>
    <spectralWindowId>SpectralWindow_8</spectralWindowId>
  </row>
  <row>
    <receiverId>1</receiverId>
    <timeInterval>7041628858540387903 4363486356628775807</timeInterval>
    <name>UNDEFINED</name>
    <numLO>3</numLO>
    <frequencyBand>ALMA_RB_03</frequencyBand>
    <freqLO>1 3 9.226865E10 8.96865E9 4.0E9</freqLO>
    <receiverSideband>NOSB</receiverSideband>
    <sidebandLO>1 3 LSB LSB LSB</sidebandLO>
    <spectralWindowId>SpectralWindow_9</spectralWindowId>
  </row>
  <row>
    <receiverId>0</receiverId>
    <timeInterval>7041628858540387903 4363486356628775807</timeInterval>
    <name>UNDEFINED</name>
    <numLO>3</numLO>
    <frequencyBand>ALMA_RB_03</frequencyBand>
    <freqLO>1 3 9.226865E10 8.96865E9 4.0E9</freqLO>
    <receiverSideband>NOSB</receiverSideband>
    <sidebandLO>1 3 LSB LSB LSB</sidebandLO>
    <spectralWindowId>SpectralWindow_15</spectralWindowId>
  </row>
  <row>
    <receiverId>1</receiverId>
    <timeInterval>7041628858540387903 4363486356628775807</timeInterval>
    <name>UNDEFINED</name>
    <numLO>3</numLO>
    <frequencyBand>ALMA_RB_03</frequencyBand>
    <freqLO>1 3 9.226865E10 8.96865E9 4.0E9</freqLO>
    <receiverSideband>NOSB</receiverSideband>
    <sidebandLO>1 3 LSB LSB LSB</sidebandLO>
    <spectralWindowId>SpectralWindow_10</spectralWindowId>
  </row>
  <row>
    <receiverId>1</receiverId>
    <timeInterval>7041628858540387903 4363486356628775807</timeInterval>
    <name>UNDEFINED</name>
    <numLO>3</numLO>
    <frequencyBand>ALMA_RB_03</frequencyBand>
    <freqLO>1 3 9.226865E10 8.96865E9 4.0E9</freqLO>
    <receiverSideband>NOSB</receiverSideband>
    <sidebandLO>1 3 LSB LSB LSB</sidebandLO>
    <spectralWindowId>SpectralWindow_11</spectralWindowId>
  </row>
  <row>
    <receiverId>0</receiverId>
    <timeInterval>7041628858540387903 4363486356628775807</timeInterval>
    <name>UNDEFINED</name>
    <numLO>3</numLO>
    <frequencyBand>ALMA_RB_03</frequencyBand>
    <freqLO>1 3 9.226865E10 8.96865E9 4.0E9</freqLO>
    <receiverSideband>NOSB</receiverSideband>
    <sidebandLO>1 3 LSB LSB LSB</sidebandLO>
    <spectralWindowId>SpectralWindow_16</spectralWindowId>
  </row>
  <row>
    <receiverId>1</receiverId>
    <timeInterval>7041628858540387903 4363486356628775807</timeInterval>
    <name>UNDEFINED</name>
    <numLO>3</numLO>
    <frequencyBand>ALMA_RB_03</frequencyBand>
    <freqLO>1 3 9.226865E10 8.96865E9 4.0E9</freqLO>
    <receiverSideband>NOSB</receiverSideband>
    <sidebandLO>1 3 LSB LSB LSB</sidebandLO>
    <spectralWindowId>SpectralWindow_12</spectralWindowId>
  </row>
  <row>
    <receiverId>1</receiverId>
    <timeInterval>7041628858540387903 4363486356628775807</timeInterval>
    <name>UNDEFINED</name>
    <numLO>3</numLO>
    <frequencyBand>ALMA_RB_03</frequencyBand>
    <freqLO>1 3 9.226865E10 8.96865E9 4.0E9</freqLO>
    <receiverSideband>NOSB</receiverSideband>
    <sidebandLO>1 3 LSB LSB LSB</sidebandLO>
    <spectralWindowId>SpectralWindow_13</spectralWindowId>
  </row>
  <row>
    <receiverId>0</receiverId>
    <timeInterval>7041628858540387903 4363486356628775807</timeInterval>
    <name>UNDEFINED</name>
    <numLO>3</numLO>
    <frequencyBand>ALMA_RB_03</frequencyBand>
    <freqLO>1 3 9.226865E10 8.96865E9 4.0E9</freqLO>
    <receiverSideband>NOSB</receiverSideband>
    <sidebandLO>1 3 LSB LSB LSB</sidebandLO>
    <spectralWindowId>SpectralWindow_17</spectralWindowId>
  </row>
</ReceiverTable>

