<?xml version="1.0" encoding="UTF-8"?>
<SBSummaryTable xmlns:xsi="http://www.w3.org/2001/XMLSchema-instance" xmlns:sbsmmr="http://Alma/XASDM/SBSummaryTable" schemaVersion="3" schemaRevision="1.60.8.2">
  <Entity entityId="uid://A002/X551cab/X1" entityIdEncrypted="na" entityTypeName="SBSummaryTable" schemaVersion="1" documentVersion="1" />
  <ContainerEntity entityId="uid://A002/X551c61/X1" entityIdEncrypted="na" entityTypeName="ASDM" schemaVersion="1" documentVersion="1" />
  <row>
    <sBSummaryId>SBSummary_0</sBSummaryId>
    <sbSummaryUID>
      <EntityRef entityId="uid://A002/X2aba5d/X38" partId="X00000000" entityTypeName="SchedBlock" documentVersion="1" />
    </sbSummaryUID>
    <projectUID>
      <EntityRef entityId="uid://A002/X2aba5d/X36" partId="X00000000" entityTypeName="ObsProject" documentVersion="1" />
    </projectUID>
    <obsUnitSetUID>
      <EntityRef entityId="uid://A002/X2aba5d/X36" partId="X00000000" entityTypeName="ObsProject" documentVersion="1" />
    </obsUnitSetUID>
    <frequency>104.0</frequency>
    <frequencyBand>UNSPECIFIED</frequencyBand>
    <sbType>OBSERVER</sbType>
    <sbDuration>1800000000000</sbDuration>
    <numObservingMode>1</numObservingMode>
    <observingMode>1 1 "none"</observingMode>
    <numberRepeats>1</numberRepeats>
    <numScienceGoal>4</numScienceGoal>
    <scienceGoal>1 4 "representativeFrequency = 104.0 GHz" "minAcceptableAngResolution = 0.0 arcsec" "maxAcceptableAngResolution = 0.0 arcsec" "dynamicRange = 999.999"</scienceGoal>
    <numWeatherConstraint>3</numWeatherConstraint>
    <weatherConstraint>1 3 "maxPWVC = 0.0 mm" "seeing = 0.0 arcsec" "phaseStability = 0.0 deg"</weatherConstraint>
  </row>
</SBSummaryTable>

