<?xml version="1.0" encoding="UTF-8"?>
<SubscanTable xmlns:xsi="http://www.w3.org/2001/XMLSchema-instance" xmlns:sbscn="http://Alma/XASDM/SubscanTable" schemaVersion="3" schemaRevision="1.60.8.2">
  <Entity entityId="uid://A002/X551cb2/X1" entityIdEncrypted="na" entityTypeName="SubscanTable" schemaVersion="1" documentVersion="1" />
  <ContainerEntity entityId="uid://A002/X551c61/X1" entityIdEncrypted="na" entityTypeName="ASDM" schemaVersion="1" documentVersion="1" />
  <row>
    <scanNumber>1</scanNumber>
    <subscanNumber>1</subscanNumber>
    <startTime>4859885941440000000</startTime>
    <endTime>4859885947200000000</endTime>
    <fieldName>3c279</fieldName>
    <subscanIntent>REFERENCE</subscanIntent>
    <subscanMode>NO_SWITCHING</subscanMode>
    <numIntegration>6</numIntegration>
    <numSubintegration>1 6 1 1 1 1 1 1</numSubintegration>
    <correlatorCalibration>NONE</correlatorCalibration>
    <execBlockId>ExecBlock_0</execBlockId>
  </row>
  <row>
    <scanNumber>1</scanNumber>
    <subscanNumber>2</subscanNumber>
    <startTime>4859885959632000000</startTime>
    <endTime>4859885965392000000</endTime>
    <fieldName>3c279</fieldName>
    <subscanIntent>ON_SOURCE</subscanIntent>
    <subscanMode>NO_SWITCHING</subscanMode>
    <numIntegration>6</numIntegration>
    <numSubintegration>1 6 1 1 1 1 1 1</numSubintegration>
    <correlatorCalibration>NONE</correlatorCalibration>
    <execBlockId>ExecBlock_0</execBlockId>
  </row>
  <row>
    <scanNumber>1</scanNumber>
    <subscanNumber>3</subscanNumber>
    <startTime>4859885967984000000</startTime>
    <endTime>4859885973744000000</endTime>
    <fieldName>3c279</fieldName>
    <subscanIntent>ON_SOURCE</subscanIntent>
    <subscanMode>NO_SWITCHING</subscanMode>
    <numIntegration>6</numIntegration>
    <numSubintegration>1 6 1 1 1 1 1 1</numSubintegration>
    <correlatorCalibration>NONE</correlatorCalibration>
    <execBlockId>ExecBlock_0</execBlockId>
  </row>
  <row>
    <scanNumber>1</scanNumber>
    <subscanNumber>4</subscanNumber>
    <startTime>4859885976336000000</startTime>
    <endTime>4859885982096000000</endTime>
    <fieldName>3c279</fieldName>
    <subscanIntent>OFF_SOURCE</subscanIntent>
    <subscanMode>NO_SWITCHING</subscanMode>
    <numIntegration>6</numIntegration>
    <numSubintegration>1 6 1 1 1 1 1 1</numSubintegration>
    <correlatorCalibration>NONE</correlatorCalibration>
    <execBlockId>ExecBlock_0</execBlockId>
  </row>
  <row>
    <scanNumber>2</scanNumber>
    <subscanNumber>1</subscanNumber>
    <startTime>4859886042480000000</startTime>
    <endTime>4859886048240000000</endTime>
    <fieldName>3c279</fieldName>
    <subscanIntent>ON_SOURCE</subscanIntent>
    <subscanMode>NO_SWITCHING</subscanMode>
    <numIntegration>6</numIntegration>
    <numSubintegration>1 6 1 1 1 1 1 1</numSubintegration>
    <correlatorCalibration>NONE</correlatorCalibration>
    <execBlockId>ExecBlock_0</execBlockId>
  </row>
  <row>
    <scanNumber>3</scanNumber>
    <subscanNumber>1</subscanNumber>
    <startTime>4859886236112000000</startTime>
    <endTime>4859886241872000000</endTime>
    <fieldName>3c279</fieldName>
    <subscanIntent>REFERENCE</subscanIntent>
    <subscanMode>NO_SWITCHING</subscanMode>
    <numIntegration>6</numIntegration>
    <numSubintegration>1 6 1 1 1 1 1 1</numSubintegration>
    <correlatorCalibration>NONE</correlatorCalibration>
    <execBlockId>ExecBlock_0</execBlockId>
  </row>
  <row>
    <scanNumber>3</scanNumber>
    <subscanNumber>2</subscanNumber>
    <startTime>4859886253200000000</startTime>
    <endTime>4859886258960000000</endTime>
    <fieldName>3c279</fieldName>
    <subscanIntent>ON_SOURCE</subscanIntent>
    <subscanMode>NO_SWITCHING</subscanMode>
    <numIntegration>6</numIntegration>
    <numSubintegration>1 6 1 1 1 1 1 1</numSubintegration>
    <correlatorCalibration>NONE</correlatorCalibration>
    <execBlockId>ExecBlock_0</execBlockId>
  </row>
  <row>
    <scanNumber>3</scanNumber>
    <subscanNumber>3</subscanNumber>
    <startTime>4859886261552000000</startTime>
    <endTime>4859886267312000000</endTime>
    <fieldName>3c279</fieldName>
    <subscanIntent>ON_SOURCE</subscanIntent>
    <subscanMode>NO_SWITCHING</subscanMode>
    <numIntegration>6</numIntegration>
    <numSubintegration>1 6 1 1 1 1 1 1</numSubintegration>
    <correlatorCalibration>NONE</correlatorCalibration>
    <execBlockId>ExecBlock_0</execBlockId>
  </row>
  <row>
    <scanNumber>3</scanNumber>
    <subscanNumber>4</subscanNumber>
    <startTime>4859886269904000000</startTime>
    <endTime>4859886275664000000</endTime>
    <fieldName>3c279</fieldName>
    <subscanIntent>OFF_SOURCE</subscanIntent>
    <subscanMode>NO_SWITCHING</subscanMode>
    <numIntegration>6</numIntegration>
    <numSubintegration>1 6 1 1 1 1 1 1</numSubintegration>
    <correlatorCalibration>NONE</correlatorCalibration>
    <execBlockId>ExecBlock_0</execBlockId>
  </row>
  <row>
    <scanNumber>4</scanNumber>
    <subscanNumber>1</subscanNumber>
    <startTime>4859886300192000000</startTime>
    <endTime>4859886305952000000</endTime>
    <fieldName>3c279</fieldName>
    <subscanIntent>ON_SOURCE</subscanIntent>
    <subscanMode>NO_SWITCHING</subscanMode>
    <numIntegration>6</numIntegration>
    <numSubintegration>1 6 1 1 1 1 1 1</numSubintegration>
    <correlatorCalibration>NONE</correlatorCalibration>
    <execBlockId>ExecBlock_0</execBlockId>
  </row>
  <row>
    <scanNumber>5</scanNumber>
    <subscanNumber>1</subscanNumber>
    <startTime>4859886430368000000</startTime>
    <endTime>4859886436128000000</endTime>
    <fieldName>3c279</fieldName>
    <subscanIntent>REFERENCE</subscanIntent>
    <subscanMode>NO_SWITCHING</subscanMode>
    <numIntegration>6</numIntegration>
    <numSubintegration>1 6 1 1 1 1 1 1</numSubintegration>
    <correlatorCalibration>NONE</correlatorCalibration>
    <execBlockId>ExecBlock_0</execBlockId>
  </row>
  <row>
    <scanNumber>5</scanNumber>
    <subscanNumber>2</subscanNumber>
    <startTime>4859886447744000000</startTime>
    <endTime>4859886453504000000</endTime>
    <fieldName>3c279</fieldName>
    <subscanIntent>ON_SOURCE</subscanIntent>
    <subscanMode>NO_SWITCHING</subscanMode>
    <numIntegration>6</numIntegration>
    <numSubintegration>1 6 1 1 1 1 1 1</numSubintegration>
    <correlatorCalibration>NONE</correlatorCalibration>
    <execBlockId>ExecBlock_0</execBlockId>
  </row>
  <row>
    <scanNumber>5</scanNumber>
    <subscanNumber>3</subscanNumber>
    <startTime>4859886456096000000</startTime>
    <endTime>4859886461856000000</endTime>
    <fieldName>3c279</fieldName>
    <subscanIntent>ON_SOURCE</subscanIntent>
    <subscanMode>NO_SWITCHING</subscanMode>
    <numIntegration>6</numIntegration>
    <numSubintegration>1 6 1 1 1 1 1 1</numSubintegration>
    <correlatorCalibration>NONE</correlatorCalibration>
    <execBlockId>ExecBlock_0</execBlockId>
  </row>
  <row>
    <scanNumber>5</scanNumber>
    <subscanNumber>4</subscanNumber>
    <startTime>4859886464448000000</startTime>
    <endTime>4859886470208000000</endTime>
    <fieldName>3c279</fieldName>
    <subscanIntent>OFF_SOURCE</subscanIntent>
    <subscanMode>NO_SWITCHING</subscanMode>
    <numIntegration>6</numIntegration>
    <numSubintegration>1 6 1 1 1 1 1 1</numSubintegration>
    <correlatorCalibration>NONE</correlatorCalibration>
    <execBlockId>ExecBlock_0</execBlockId>
  </row>
  <row>
    <scanNumber>6</scanNumber>
    <subscanNumber>1</subscanNumber>
    <startTime>4859886495072000000</startTime>
    <endTime>4859886500832000000</endTime>
    <fieldName>3c279</fieldName>
    <subscanIntent>ON_SOURCE</subscanIntent>
    <subscanMode>NO_SWITCHING</subscanMode>
    <numIntegration>6</numIntegration>
    <numSubintegration>1 6 1 1 1 1 1 1</numSubintegration>
    <correlatorCalibration>NONE</correlatorCalibration>
    <execBlockId>ExecBlock_0</execBlockId>
  </row>
  <row>
    <scanNumber>7</scanNumber>
    <subscanNumber>1</subscanNumber>
    <startTime>4859886627024000000</startTime>
    <endTime>4859886632784000000</endTime>
    <fieldName>3c279</fieldName>
    <subscanIntent>REFERENCE</subscanIntent>
    <subscanMode>NO_SWITCHING</subscanMode>
    <numIntegration>6</numIntegration>
    <numSubintegration>1 6 1 1 1 1 1 1</numSubintegration>
    <correlatorCalibration>NONE</correlatorCalibration>
    <execBlockId>ExecBlock_0</execBlockId>
  </row>
  <row>
    <scanNumber>7</scanNumber>
    <subscanNumber>2</subscanNumber>
    <startTime>4859886643872000000</startTime>
    <endTime>4859886649632000000</endTime>
    <fieldName>3c279</fieldName>
    <subscanIntent>ON_SOURCE</subscanIntent>
    <subscanMode>NO_SWITCHING</subscanMode>
    <numIntegration>6</numIntegration>
    <numSubintegration>1 6 1 1 1 1 1 1</numSubintegration>
    <correlatorCalibration>NONE</correlatorCalibration>
    <execBlockId>ExecBlock_0</execBlockId>
  </row>
  <row>
    <scanNumber>7</scanNumber>
    <subscanNumber>3</subscanNumber>
    <startTime>4859886652224000000</startTime>
    <endTime>4859886657984000000</endTime>
    <fieldName>3c279</fieldName>
    <subscanIntent>ON_SOURCE</subscanIntent>
    <subscanMode>NO_SWITCHING</subscanMode>
    <numIntegration>6</numIntegration>
    <numSubintegration>1 6 1 1 1 1 1 1</numSubintegration>
    <correlatorCalibration>NONE</correlatorCalibration>
    <execBlockId>ExecBlock_0</execBlockId>
  </row>
  <row>
    <scanNumber>7</scanNumber>
    <subscanNumber>4</subscanNumber>
    <startTime>4859886660576000000</startTime>
    <endTime>4859886666336000000</endTime>
    <fieldName>3c279</fieldName>
    <subscanIntent>OFF_SOURCE</subscanIntent>
    <subscanMode>NO_SWITCHING</subscanMode>
    <numIntegration>6</numIntegration>
    <numSubintegration>1 6 1 1 1 1 1 1</numSubintegration>
    <correlatorCalibration>NONE</correlatorCalibration>
    <execBlockId>ExecBlock_0</execBlockId>
  </row>
  <row>
    <scanNumber>8</scanNumber>
    <subscanNumber>1</subscanNumber>
    <startTime>4859886691152000000</startTime>
    <endTime>4859886696912000000</endTime>
    <fieldName>3c279</fieldName>
    <subscanIntent>ON_SOURCE</subscanIntent>
    <subscanMode>NO_SWITCHING</subscanMode>
    <numIntegration>6</numIntegration>
    <numSubintegration>1 6 1 1 1 1 1 1</numSubintegration>
    <correlatorCalibration>NONE</correlatorCalibration>
    <execBlockId>ExecBlock_0</execBlockId>
  </row>
</SubscanTable>

