<?xml version="1.0" encoding="UTF-8"?>
<WeatherTable xmlns:xsi="http://www.w3.org/2001/XMLSchema-instance" xmlns:weathr="http://Alma/XASDM/WeatherTable" schemaVersion="3" schemaRevision="1.60.8.2">
  <Entity entityId="uid://A002/X551cb4/X1" entityIdEncrypted="na" entityTypeName="WeatherTable" schemaVersion="1" documentVersion="1" />
  <ContainerEntity entityId="uid://A002/X551c61/X1" entityIdEncrypted="na" entityTypeName="ASDM" schemaVersion="1" documentVersion="1" />
  <row>
    <timeInterval>4859885934024000000 48000000</timeInterval>
    <pressure>55696.7285156</pressure>
    <relHumidity>12.747400283800001</relHumidity>
    <temperature>277.61810007095</temperature>
    <windDirection>4.642575810304916</windDirection>
    <windSpeed>4.9</windSpeed>
    <windMax>4.9</windMax>
    <stationId>Station_5</stationId>
  </row>
  <row>
    <timeInterval>4859885935024000000 48000000</timeInterval>
    <pressure>55697.808837900004</pressure>
    <relHumidity>13.4245996475</relHumidity>
    <temperature>277.40710010529</temperature>
    <windDirection>5.183627878423159</windDirection>
    <windSpeed>3.6</windSpeed>
    <windMax>3.6</windMax>
    <stationId>Station_6</stationId>
  </row>
  <row>
    <timeInterval>4859885947024000000 48000000</timeInterval>
    <pressure>55695.5078125</pressure>
    <relHumidity>12.9429998398</relHumidity>
    <temperature>277.67269983292</temperature>
    <windDirection>4.5553093477052</windDirection>
    <windSpeed>8.6</windSpeed>
    <windMax>8.6</windMax>
    <stationId>Station_5</stationId>
  </row>
  <row>
    <timeInterval>4859885947024000000 48000000</timeInterval>
    <pressure>55696.2890625</pressure>
    <relHumidity>13.378199577300002</relHumidity>
    <temperature>277.60709991454996</temperature>
    <windDirection>4.974188368183839</windDirection>
    <windSpeed>6.3</windSpeed>
    <windMax>6.3</windMax>
    <stationId>Station_6</stationId>
  </row>
  <row>
    <timeInterval>4859885952024000000 48000000</timeInterval>
    <pressure>55694.6289062</pressure>
    <relHumidity>13.1583003998</relHumidity>
    <temperature>277.60849990844997</temperature>
    <windDirection>4.60766922526503</windDirection>
    <windSpeed>6.6</windSpeed>
    <windMax>6.6</windMax>
    <stationId>Station_5</stationId>
  </row>
  <row>
    <timeInterval>4859885953024000000 48000000</timeInterval>
    <pressure>55696.807861299996</pressure>
    <relHumidity>13.3956003189</relHumidity>
    <temperature>277.66560020446997</temperature>
    <windDirection>5.201081170943102</windDirection>
    <windSpeed>4.5</windSpeed>
    <windMax>4.5</windMax>
    <stationId>Station_6</stationId>
  </row>
  <row>
    <timeInterval>4859885964024000000 48000000</timeInterval>
    <pressure>55692.0471191</pressure>
    <relHumidity>13.1134996414</relHumidity>
    <temperature>277.79930009841996</temperature>
    <windDirection>4.537856055185257</windDirection>
    <windSpeed>9.7</windSpeed>
    <windMax>9.7</windMax>
    <stationId>Station_5</stationId>
  </row>
  <row>
    <timeInterval>4859885965024000000 48000000</timeInterval>
    <pressure>55697.0581055</pressure>
    <relHumidity>13.842700004600001</relHumidity>
    <temperature>277.72639980315995</temperature>
    <windDirection>4.747295565424576</windDirection>
    <windSpeed>7.6</windSpeed>
    <windMax>7.6</windMax>
    <stationId>Station_6</stationId>
  </row>
  <row>
    <timeInterval>4859885970024000000 48000000</timeInterval>
    <pressure>55692.0410156</pressure>
    <relHumidity>12.4544000626</relHumidity>
    <temperature>277.62200012206995</temperature>
    <windDirection>4.380776422505767</windDirection>
    <windSpeed>7.4</windSpeed>
    <windMax>7.4</windMax>
    <stationId>Station_5</stationId>
  </row>
  <row>
    <timeInterval>4859885973024000000 48000000</timeInterval>
    <pressure>55695.440673799996</pressure>
    <relHumidity>13.209899902300002</relHumidity>
    <temperature>277.78479995728</temperature>
    <windDirection>4.747295565424576</windDirection>
    <windSpeed>7.1</windSpeed>
    <windMax>7.1</windMax>
    <stationId>Station_6</stationId>
  </row>
  <row>
    <timeInterval>4859885980024000000 48000000</timeInterval>
    <pressure>55692.63916019999</pressure>
    <relHumidity>11.7178001404</relHumidity>
    <temperature>277.42339982986</temperature>
    <windDirection>4.537856055185257</windDirection>
    <windSpeed>9.7</windSpeed>
    <windMax>9.7</windMax>
    <stationId>Station_5</stationId>
  </row>
  <row>
    <timeInterval>4859885982024000000 48000000</timeInterval>
    <pressure>55694.98291019999</pressure>
    <relHumidity>12.3901996613</relHumidity>
    <temperature>277.64919986725</temperature>
    <windDirection>4.852015320544236</windDirection>
    <windSpeed>8.2</windSpeed>
    <windMax>8.2</windMax>
    <stationId>Station_6</stationId>
  </row>
  <row>
    <timeInterval>4859886034024000000 48000000</timeInterval>
    <pressure>55688.50097660001</pressure>
    <relHumidity>11.3437004089</relHumidity>
    <temperature>276.60880007744</temperature>
    <windDirection>4.6774823953448035</windDirection>
    <windSpeed>10.6</windSpeed>
    <windMax>10.6</windMax>
    <stationId>Station_5</stationId>
  </row>
  <row>
    <timeInterval>4859886035024000000 48000000</timeInterval>
    <pressure>55691.5527344</pressure>
    <relHumidity>12.2524003983</relHumidity>
    <temperature>276.55249991416997</temperature>
    <windDirection>4.869468613064179</windDirection>
    <windSpeed>7.2</windSpeed>
    <windMax>7.2</windMax>
    <stationId>Station_6</stationId>
  </row>
  <row>
    <timeInterval>4859886046024000000 48000000</timeInterval>
    <pressure>55691.14990230001</pressure>
    <relHumidity>11.4661998749</relHumidity>
    <temperature>276.45949997902</temperature>
    <windDirection>4.590215932745086</windDirection>
    <windSpeed>9.8</windSpeed>
    <windMax>9.8</windMax>
    <stationId>Station_5</stationId>
  </row>
  <row>
    <timeInterval>4859886047024000000 48000000</timeInterval>
    <pressure>55695.3125</pressure>
    <relHumidity>11.7236003876</relHumidity>
    <temperature>276.51260008812</temperature>
    <windDirection>4.834562028024293</windDirection>
    <windSpeed>7.3</windSpeed>
    <windMax>7.3</windMax>
    <stationId>Station_6</stationId>
  </row>
  <row>
    <timeInterval>4859886228024000000 48000000</timeInterval>
    <pressure>55696.99707029999</pressure>
    <relHumidity>13.872500419600001</relHumidity>
    <temperature>276.29829993247995</temperature>
    <windDirection>4.5553093477052</windDirection>
    <windSpeed>9.6</windSpeed>
    <windMax>9.6</windMax>
    <stationId>Station_5</stationId>
  </row>
  <row>
    <timeInterval>4859886229024000000 48000000</timeInterval>
    <pressure>55698.96240230001</pressure>
    <relHumidity>14.1669998169</relHumidity>
    <temperature>276.2462998867</temperature>
    <windDirection>4.956735075663896</windDirection>
    <windSpeed>6.4</windSpeed>
    <windMax>6.4</windMax>
    <stationId>Station_6</stationId>
  </row>
  <row>
    <timeInterval>4859886240024000000 48000000</timeInterval>
    <pressure>55696.331787099996</pressure>
    <relHumidity>14.0508003235</relHumidity>
    <temperature>276.61490001678</temperature>
    <windDirection>4.380776422505767</windDirection>
    <windSpeed>9.4</windSpeed>
    <windMax>9.4</windMax>
    <stationId>Station_5</stationId>
  </row>
  <row>
    <timeInterval>4859886239024000000 48000000</timeInterval>
    <pressure>55696.7895508</pressure>
    <relHumidity>14.3549995422</relHumidity>
    <temperature>276.32619991302</temperature>
    <windDirection>4.782202150464463</windDirection>
    <windSpeed>8.2</windSpeed>
    <windMax>8.2</windMax>
    <stationId>Station_6</stationId>
  </row>
  <row>
    <timeInterval>4859886246024000000 48000000</timeInterval>
    <pressure>55694.989013700004</pressure>
    <relHumidity>14.2714996338</relHumidity>
    <temperature>276.82090010643</temperature>
    <windDirection>4.782202150464463</windDirection>
    <windSpeed>10.6</windSpeed>
    <windMax>10.6</windMax>
    <stationId>Station_5</stationId>
  </row>
  <row>
    <timeInterval>4859886247024000000 48000000</timeInterval>
    <pressure>55695.208740199996</pressure>
    <relHumidity>14.5537996292</relHumidity>
    <temperature>276.52019991875</temperature>
    <windDirection>4.939281783143953</windDirection>
    <windSpeed>8.6</windSpeed>
    <windMax>8.6</windMax>
    <stationId>Station_6</stationId>
  </row>
  <row>
    <timeInterval>4859886255024000000 48000000</timeInterval>
    <pressure>55692.51708980001</pressure>
    <relHumidity>14.8777999878</relHumidity>
    <temperature>276.84180011749</temperature>
    <windDirection>4.6600291028248595</windDirection>
    <windSpeed>9.5</windSpeed>
    <windMax>9.5</windMax>
    <stationId>Station_5</stationId>
  </row>
  <row>
    <timeInterval>4859886258024000000 48000000</timeInterval>
    <pressure>55693.371582</pressure>
    <relHumidity>14.9776000977</relHumidity>
    <temperature>276.74999990463</temperature>
    <windDirection>4.799655442984406</windDirection>
    <windSpeed>8.0</windSpeed>
    <windMax>8.0</windMax>
    <stationId>Station_6</stationId>
  </row>
  <row>
    <timeInterval>4859886259024000000 48000000</timeInterval>
    <pressure>55691.8029785</pressure>
    <relHumidity>14.740099906900001</relHumidity>
    <temperature>276.81179990768</temperature>
    <windDirection>4.590215932745086</windDirection>
    <windSpeed>10.6</windSpeed>
    <windMax>10.6</windMax>
    <stationId>Station_5</stationId>
  </row>
  <row>
    <timeInterval>4859886265024000000 48000000</timeInterval>
    <pressure>55690.301513700004</pressure>
    <relHumidity>14.859499931299998</relHumidity>
    <temperature>276.80590000152995</temperature>
    <windDirection>4.71238898038469</windDirection>
    <windSpeed>10.8</windSpeed>
    <windMax>10.8</windMax>
    <stationId>Station_5</stationId>
  </row>
  <row>
    <timeInterval>4859886267024000000 48000000</timeInterval>
    <pressure>55691.66259769999</pressure>
    <relHumidity>15.1880998611</relHumidity>
    <temperature>276.78980007172</temperature>
    <windDirection>4.852015320544236</windDirection>
    <windSpeed>8.4</windSpeed>
    <windMax>8.4</windMax>
    <stationId>Station_6</stationId>
  </row>
  <row>
    <timeInterval>4859886274024000000 48000000</timeInterval>
    <pressure>55693.92089839999</pressure>
    <relHumidity>14.6492004395</relHumidity>
    <temperature>276.71450009346</temperature>
    <windDirection>4.76474885794452</windDirection>
    <windSpeed>11.0</windSpeed>
    <windMax>11.0</windMax>
    <stationId>Station_5</stationId>
  </row>
  <row>
    <timeInterval>4859886275024000000 48000000</timeInterval>
    <pressure>55692.90771480001</pressure>
    <relHumidity>15.1660003662</relHumidity>
    <temperature>276.75439991951</temperature>
    <windDirection>4.9043751981040655</windDirection>
    <windSpeed>8.5</windSpeed>
    <windMax>8.5</windMax>
    <stationId>Station_6</stationId>
  </row>
  <row>
    <timeInterval>4859886292024000000 48000000</timeInterval>
    <pressure>55693.3776855</pressure>
    <relHumidity>15.573300361599998</relHumidity>
    <temperature>276.40729990004996</temperature>
    <windDirection>4.60766922526503</windDirection>
    <windSpeed>10.3</windSpeed>
    <windMax>10.3</windMax>
    <stationId>Station_5</stationId>
  </row>
  <row>
    <timeInterval>4859886293024000000 48000000</timeInterval>
    <pressure>55692.291259800004</pressure>
    <relHumidity>15.415599823</relHumidity>
    <temperature>276.42150011062995</temperature>
    <windDirection>4.799655442984406</windDirection>
    <windSpeed>8.7</windSpeed>
    <windMax>8.7</windMax>
    <stationId>Station_6</stationId>
  </row>
  <row>
    <timeInterval>4859886304024000000 48000000</timeInterval>
    <pressure>55692.230224599996</pressure>
    <relHumidity>15.278599739100002</relHumidity>
    <temperature>276.20819988251</temperature>
    <windDirection>4.4156830075456535</windDirection>
    <windSpeed>9.2</windSpeed>
    <windMax>9.2</windMax>
    <stationId>Station_5</stationId>
  </row>
  <row>
    <timeInterval>4859886305024000000 48000000</timeInterval>
    <pressure>55694.879150400004</pressure>
    <relHumidity>15.7461996078</relHumidity>
    <temperature>276.23200001717</temperature>
    <windDirection>4.9043751981040655</windDirection>
    <windSpeed>5.9</windSpeed>
    <windMax>5.9</windMax>
    <stationId>Station_6</stationId>
  </row>
  <row>
    <timeInterval>4859886423024000000 48000000</timeInterval>
    <pressure>55691.082763700004</pressure>
    <relHumidity>13.893600463899999</relHumidity>
    <temperature>275.93020000458</temperature>
    <windDirection>4.520402762665314</windDirection>
    <windSpeed>6.0</windSpeed>
    <windMax>6.0</windMax>
    <stationId>Station_5</stationId>
  </row>
  <row>
    <timeInterval>4859886424024000000 48000000</timeInterval>
    <pressure>55693.92089839999</pressure>
    <relHumidity>13.9617004395</relHumidity>
    <temperature>275.95279994010997</temperature>
    <windDirection>5.113814708343385</windDirection>
    <windSpeed>5.6</windSpeed>
    <windMax>5.6</windMax>
    <stationId>Station_6</stationId>
  </row>
  <row>
    <timeInterval>4859886435024000000 48000000</timeInterval>
    <pressure>55690.7714844</pressure>
    <relHumidity>12.763999939000001</relHumidity>
    <temperature>275.97990002631997</temperature>
    <windDirection>4.520402762665314</windDirection>
    <windSpeed>8.7</windSpeed>
    <windMax>8.7</windMax>
    <stationId>Station_5</stationId>
  </row>
  <row>
    <timeInterval>4859886436024000000 48000000</timeInterval>
    <pressure>55692.852783199996</pressure>
    <relHumidity>13.9615001678</relHumidity>
    <temperature>275.90769996642996</temperature>
    <windDirection>5.1312680008633285</windDirection>
    <windSpeed>5.5</windSpeed>
    <windMax>5.5</windMax>
    <stationId>Station_6</stationId>
  </row>
  <row>
    <timeInterval>4859886439024000000 48000000</timeInterval>
    <pressure>55691.4611816</pressure>
    <relHumidity>13.008099556</relHumidity>
    <temperature>275.91620006561</temperature>
    <windDirection>4.433136300065597</windDirection>
    <windSpeed>7.1</windSpeed>
    <windMax>7.1</windMax>
    <stationId>Station_5</stationId>
  </row>
  <row>
    <timeInterval>4859886441024000000 48000000</timeInterval>
    <pressure>55692.8710938</pressure>
    <relHumidity>13.507399559</relHumidity>
    <temperature>275.90950002669996</temperature>
    <windDirection>5.061454830783555</windDirection>
    <windSpeed>4.4</windSpeed>
    <windMax>4.4</windMax>
    <stationId>Station_6</stationId>
  </row>
  <row>
    <timeInterval>4859886452024000000 48000000</timeInterval>
    <pressure>55692.0776367</pressure>
    <relHumidity>13.575499534599999</relHumidity>
    <temperature>276.16250004768</temperature>
    <windDirection>4.572762640225143</windDirection>
    <windSpeed>7.6</windSpeed>
    <windMax>7.6</windMax>
    <stationId>Station_5</stationId>
  </row>
  <row>
    <timeInterval>4859886453024000000 48000000</timeInterval>
    <pressure>55692.291259800004</pressure>
    <relHumidity>13.8210000992</relHumidity>
    <temperature>275.94730010033</temperature>
    <windDirection>4.852015320544236</windDirection>
    <windSpeed>6.6</windSpeed>
    <windMax>6.6</windMax>
    <stationId>Station_6</stationId>
  </row>
  <row>
    <timeInterval>4859886458024000000 48000000</timeInterval>
    <pressure>55693.57910160001</pressure>
    <relHumidity>14.538100242599999</relHumidity>
    <temperature>276.47960009574996</temperature>
    <windDirection>4.5553093477052</windDirection>
    <windSpeed>9.4</windSpeed>
    <windMax>9.4</windMax>
    <stationId>Station_5</stationId>
  </row>
  <row>
    <timeInterval>4859886461024000000 48000000</timeInterval>
    <pressure>55693.7011719</pressure>
    <relHumidity>14.5178003311</relHumidity>
    <temperature>276.133700037</temperature>
    <windDirection>4.834562028024293</windDirection>
    <windSpeed>7.1</windSpeed>
    <windMax>7.1</windMax>
    <stationId>Station_6</stationId>
  </row>
  <row>
    <timeInterval>4859886468024000000 48000000</timeInterval>
    <pressure>55690.3991699</pressure>
    <relHumidity>15.432299614</relHumidity>
    <temperature>276.75789990425</temperature>
    <windDirection>4.590215932745086</windDirection>
    <windSpeed>12.1</windSpeed>
    <windMax>12.1</windMax>
    <stationId>Station_5</stationId>
  </row>
  <row>
    <timeInterval>4859886470024000000 48000000</timeInterval>
    <pressure>55690.6799316</pressure>
    <relHumidity>15.4625997543</relHumidity>
    <temperature>276.47940006256</temperature>
    <windDirection>4.834562028024293</windDirection>
    <windSpeed>9.5</windSpeed>
    <windMax>9.5</windMax>
    <stationId>Station_6</stationId>
  </row>
  <row>
    <timeInterval>4859886487024000000 48000000</timeInterval>
    <pressure>55691.107177699996</pressure>
    <relHumidity>16.3314990997</relHumidity>
    <temperature>276.83910002707995</temperature>
    <windDirection>4.468042885105484</windDirection>
    <windSpeed>13.8</windSpeed>
    <windMax>13.8</windMax>
    <stationId>Station_5</stationId>
  </row>
  <row>
    <timeInterval>4859886488024000000 48000000</timeInterval>
    <pressure>55691.1987305</pressure>
    <relHumidity>16.9456996918</relHumidity>
    <temperature>276.64839997292</temperature>
    <windDirection>4.60766922526503</windDirection>
    <windSpeed>12.1</windSpeed>
    <windMax>12.1</windMax>
    <stationId>Station_6</stationId>
  </row>
  <row>
    <timeInterval>4859886498024000000 48000000</timeInterval>
    <pressure>55692.9199219</pressure>
    <relHumidity>15.4871997833</relHumidity>
    <temperature>276.83409991264</temperature>
    <windDirection>4.39822971502571</windDirection>
    <windSpeed>10.8</windSpeed>
    <windMax>10.8</windMax>
    <stationId>Station_5</stationId>
  </row>
  <row>
    <timeInterval>4859886500024000000 48000000</timeInterval>
    <pressure>55694.06738279999</pressure>
    <relHumidity>16.2984008789</relHumidity>
    <temperature>276.78059997558995</temperature>
    <windDirection>4.974188368183839</windDirection>
    <windSpeed>7.5</windSpeed>
    <windMax>7.5</windMax>
    <stationId>Station_6</stationId>
  </row>
  <row>
    <timeInterval>4859886617024000000 48000000</timeInterval>
    <pressure>55693.402099599996</pressure>
    <relHumidity>12.5989999771</relHumidity>
    <temperature>276.26739993095</temperature>
    <windDirection>4.4156830075456535</windDirection>
    <windSpeed>5.1</windSpeed>
    <windMax>5.1</windMax>
    <stationId>Station_5</stationId>
  </row>
  <row>
    <timeInterval>4859886621024000000 48000000</timeInterval>
    <pressure>55694.097900400004</pressure>
    <relHumidity>13.123299598700001</relHumidity>
    <temperature>276.26579990387</temperature>
    <windDirection>5.497787143782138</windDirection>
    <windSpeed>2.6</windSpeed>
    <windMax>2.6</windMax>
    <stationId>Station_6</stationId>
  </row>
  <row>
    <timeInterval>4859886630024000000 48000000</timeInterval>
    <pressure>55694.598388700004</pressure>
    <relHumidity>13.4629001617</relHumidity>
    <temperature>276.16970005035</temperature>
    <windDirection>4.153883619746504</windDirection>
    <windSpeed>3.6</windSpeed>
    <windMax>3.6</windMax>
    <stationId>Station_5</stationId>
  </row>
  <row>
    <timeInterval>4859886633024000000 48000000</timeInterval>
    <pressure>55695.0622559</pressure>
    <relHumidity>13.598299980200002</relHumidity>
    <temperature>276.12909998893997</temperature>
    <windDirection>5.078908123303499</windDirection>
    <windSpeed>3.7</windSpeed>
    <windMax>3.7</windMax>
    <stationId>Station_6</stationId>
  </row>
  <row>
    <timeInterval>4859886636024000000 48000000</timeInterval>
    <pressure>55692.40722660001</pressure>
    <relHumidity>14.1576004028</relHumidity>
    <temperature>276.17379989624</temperature>
    <windDirection>4.50294947014537</windDirection>
    <windSpeed>5.2</windSpeed>
    <windMax>5.2</windMax>
    <stationId>Station_5</stationId>
  </row>
  <row>
    <timeInterval>4859886637024000000 48000000</timeInterval>
    <pressure>55694.8913574</pressure>
    <relHumidity>13.9306001663</relHumidity>
    <temperature>276.13390007018995</temperature>
    <windDirection>5.1661745859032155</windDirection>
    <windSpeed>3.4</windSpeed>
    <windMax>3.4</windMax>
    <stationId>Station_6</stationId>
  </row>
  <row>
    <timeInterval>4859886649024000000 48000000</timeInterval>
    <pressure>55692.1325684</pressure>
    <relHumidity>14.7742996216</relHumidity>
    <temperature>276.30610003470997</temperature>
    <windDirection>4.310963252425994</windDirection>
    <windSpeed>3.7</windSpeed>
    <windMax>3.7</windMax>
    <stationId>Station_5</stationId>
  </row>
  <row>
    <timeInterval>4859886649024000000 48000000</timeInterval>
    <pressure>55693.597412099996</pressure>
    <relHumidity>15.0241003036</relHumidity>
    <temperature>276.19259991646</temperature>
    <windDirection>5.410520681182422</windDirection>
    <windSpeed>2.4</windSpeed>
    <windMax>2.4</windMax>
    <stationId>Station_6</stationId>
  </row>
  <row>
    <timeInterval>4859886655024000000 48000000</timeInterval>
    <pressure>55692.4316406</pressure>
    <relHumidity>14.9021997452</relHumidity>
    <temperature>276.52249994278</temperature>
    <windDirection>4.4156830075456535</windDirection>
    <windSpeed>5.8</windSpeed>
    <windMax>5.8</windMax>
    <stationId>Station_5</stationId>
  </row>
  <row>
    <timeInterval>4859886658024000000 48000000</timeInterval>
    <pressure>55694.0429688</pressure>
    <relHumidity>15.426500320399999</relHumidity>
    <temperature>276.3414999485</temperature>
    <windDirection>4.60766922526503</windDirection>
    <windSpeed>5.2</windSpeed>
    <windMax>5.2</windMax>
    <stationId>Station_6</stationId>
  </row>
  <row>
    <timeInterval>4859886658024000000 48000000</timeInterval>
    <pressure>55692.32177730001</pressure>
    <relHumidity>14.432800293</relHumidity>
    <temperature>276.68830003738</temperature>
    <windDirection>4.363323129985824</windDirection>
    <windSpeed>8.3</windSpeed>
    <windMax>8.3</windMax>
    <stationId>Station_5</stationId>
  </row>
  <row>
    <timeInterval>4859886664024000000 48000000</timeInterval>
    <pressure>55691.290283199996</pressure>
    <relHumidity>12.853300094600002</relHumidity>
    <temperature>276.81140007973</temperature>
    <windDirection>4.328416544945937</windDirection>
    <windSpeed>7.8</windSpeed>
    <windMax>7.8</windMax>
    <stationId>Station_5</stationId>
  </row>
  <row>
    <timeInterval>4859886666024000000 48000000</timeInterval>
    <pressure>55693.762207</pressure>
    <relHumidity>14.4632997513</relHumidity>
    <temperature>276.60399999619</temperature>
    <windDirection>4.363323129985824</windDirection>
    <windSpeed>8.5</windSpeed>
    <windMax>8.5</windMax>
    <stationId>Station_6</stationId>
  </row>
  <row>
    <timeInterval>4859886685024000000 48000000</timeInterval>
    <pressure>55691.497802699996</pressure>
    <relHumidity>13.311100006099998</relHumidity>
    <temperature>276.98049988747</temperature>
    <windDirection>4.520402762665314</windDirection>
    <windSpeed>8.9</windSpeed>
    <windMax>8.9</windMax>
    <stationId>Station_5</stationId>
  </row>
  <row>
    <timeInterval>4859886685024000000 48000000</timeInterval>
    <pressure>55692.71240230001</pressure>
    <relHumidity>13.102199554400002</relHumidity>
    <temperature>276.83700003624</temperature>
    <windDirection>4.817108735504349</windDirection>
    <windSpeed>6.3</windSpeed>
    <windMax>6.3</windMax>
    <stationId>Station_6</stationId>
  </row>
  <row>
    <timeInterval>4859886697024000000 48000000</timeInterval>
    <pressure>55691.607666</pressure>
    <relHumidity>13.309700012200002</relHumidity>
    <temperature>276.90670003891</temperature>
    <windDirection>4.520402762665314</windDirection>
    <windSpeed>9.4</windSpeed>
    <windMax>9.4</windMax>
    <stationId>Station_5</stationId>
  </row>
  <row>
    <timeInterval>4859886697024000000 48000000</timeInterval>
    <pressure>55693.762207</pressure>
    <relHumidity>13.736700058</relHumidity>
    <temperature>276.92239990234</temperature>
    <windDirection>4.852015320544236</windDirection>
    <windSpeed>6.5</windSpeed>
    <windMax>6.5</windMax>
    <stationId>Station_6</stationId>
  </row>
</WeatherTable>

