<?xml version="1.0" encoding="UTF-8"?>
<CalAmpliTable xmlns:xsi="http://www.w3.org/2001/XMLSchema-instance" xmlns:clmpl="http://Alma/XASDM/CalAmpliTable" schemaVersion="3" schemaRevision="1.55.6.5">
  <Entity entityId="uid://A002/X36db84/X1" entityIdEncrypted="na" entityTypeName="CalAmpliTable" schemaVersion="1" documentVersion="1" />
  <ContainerEntity entityId="uid://A002/X36d011/X4d5" entityIdEncrypted="na" entityTypeName="ASDM" schemaVersion="1" documentVersion="1" />
  <row>
    <antennaName>DA42</antennaName>
    <atmPhaseCorrection>AP_UNCORRECTED</atmPhaseCorrection>
    <receiverBand>ALMA_RB_06</receiverBand>
    <basebandName>BB_1</basebandName>
    <numReceptor>2</numReceptor>
    <polarizationTypes>1 2 X Y</polarizationTypes>
    <startValidTime>4833138842581000000</startValidTime>
    <endValidTime>4833138992555000000</endValidTime>
    <frequencyRange>1 2 2.52821895859475E11 2.54696895859475E11</frequencyRange>
    <apertureEfficiency>1 2 0.7084785 0.74668133</apertureEfficiency>
    <apertureEfficiencyError>1 2 0.0 0.0</apertureEfficiencyError>
    <calDataId>CalData_12</calDataId>
    <calReductionId>CalReduction_12</calReductionId>
  </row>
  <row>
    <antennaName>DA43</antennaName>
    <atmPhaseCorrection>AP_UNCORRECTED</atmPhaseCorrection>
    <receiverBand>ALMA_RB_06</receiverBand>
    <basebandName>BB_1</basebandName>
    <numReceptor>2</numReceptor>
    <polarizationTypes>1 2 X Y</polarizationTypes>
    <startValidTime>4833138842581000000</startValidTime>
    <endValidTime>4833138992555000000</endValidTime>
    <frequencyRange>1 2 2.52821895859475E11 2.54696895859475E11</frequencyRange>
    <apertureEfficiency>1 2 0.5559258 0.52530396</apertureEfficiency>
    <apertureEfficiencyError>1 2 0.0 0.0</apertureEfficiencyError>
    <calDataId>CalData_12</calDataId>
    <calReductionId>CalReduction_12</calReductionId>
  </row>
  <row>
    <antennaName>DV01</antennaName>
    <atmPhaseCorrection>AP_UNCORRECTED</atmPhaseCorrection>
    <receiverBand>ALMA_RB_06</receiverBand>
    <basebandName>BB_1</basebandName>
    <numReceptor>2</numReceptor>
    <polarizationTypes>1 2 X Y</polarizationTypes>
    <startValidTime>4833138842581000000</startValidTime>
    <endValidTime>4833138992555000000</endValidTime>
    <frequencyRange>1 2 2.52821895859475E11 2.54696895859475E11</frequencyRange>
    <apertureEfficiency>1 2 0.47323367 0.54064614</apertureEfficiency>
    <apertureEfficiencyError>1 2 0.0 0.0</apertureEfficiencyError>
    <calDataId>CalData_12</calDataId>
    <calReductionId>CalReduction_12</calReductionId>
  </row>
  <row>
    <antennaName>DV03</antennaName>
    <atmPhaseCorrection>AP_UNCORRECTED</atmPhaseCorrection>
    <receiverBand>ALMA_RB_06</receiverBand>
    <basebandName>BB_1</basebandName>
    <numReceptor>2</numReceptor>
    <polarizationTypes>1 2 X Y</polarizationTypes>
    <startValidTime>4833138842581000000</startValidTime>
    <endValidTime>4833138992555000000</endValidTime>
    <frequencyRange>1 2 2.52821895859475E11 2.54696895859475E11</frequencyRange>
    <apertureEfficiency>1 2 0.7092833 0.72394836</apertureEfficiency>
    <apertureEfficiencyError>1 2 0.0 0.0</apertureEfficiencyError>
    <calDataId>CalData_12</calDataId>
    <calReductionId>CalReduction_12</calReductionId>
  </row>
  <row>
    <antennaName>DV04</antennaName>
    <atmPhaseCorrection>AP_UNCORRECTED</atmPhaseCorrection>
    <receiverBand>ALMA_RB_06</receiverBand>
    <basebandName>BB_1</basebandName>
    <numReceptor>2</numReceptor>
    <polarizationTypes>1 2 X Y</polarizationTypes>
    <startValidTime>4833138842581000000</startValidTime>
    <endValidTime>4833138992555000000</endValidTime>
    <frequencyRange>1 2 2.52821895859475E11 2.54696895859475E11</frequencyRange>
    <apertureEfficiency>1 2 0.8221665 0.8165678</apertureEfficiency>
    <apertureEfficiencyError>1 2 0.0 0.0</apertureEfficiencyError>
    <calDataId>CalData_12</calDataId>
    <calReductionId>CalReduction_12</calReductionId>
  </row>
  <row>
    <antennaName>DV05</antennaName>
    <atmPhaseCorrection>AP_UNCORRECTED</atmPhaseCorrection>
    <receiverBand>ALMA_RB_06</receiverBand>
    <basebandName>BB_1</basebandName>
    <numReceptor>2</numReceptor>
    <polarizationTypes>1 2 X Y</polarizationTypes>
    <startValidTime>4833138842581000000</startValidTime>
    <endValidTime>4833138992555000000</endValidTime>
    <frequencyRange>1 2 2.52821895859475E11 2.54696895859475E11</frequencyRange>
    <apertureEfficiency>1 2 0.5608652 0.5387646</apertureEfficiency>
    <apertureEfficiencyError>1 2 0.0 0.0</apertureEfficiencyError>
    <calDataId>CalData_12</calDataId>
    <calReductionId>CalReduction_12</calReductionId>
  </row>
  <row>
    <antennaName>DV06</antennaName>
    <atmPhaseCorrection>AP_UNCORRECTED</atmPhaseCorrection>
    <receiverBand>ALMA_RB_06</receiverBand>
    <basebandName>BB_1</basebandName>
    <numReceptor>2</numReceptor>
    <polarizationTypes>1 2 X Y</polarizationTypes>
    <startValidTime>4833138842581000000</startValidTime>
    <endValidTime>4833138992555000000</endValidTime>
    <frequencyRange>1 2 2.52821895859475E11 2.54696895859475E11</frequencyRange>
    <apertureEfficiency>1 2 0.97143257 0.96644765</apertureEfficiency>
    <apertureEfficiencyError>1 2 0.0 0.0</apertureEfficiencyError>
    <calDataId>CalData_12</calDataId>
    <calReductionId>CalReduction_12</calReductionId>
  </row>
  <row>
    <antennaName>DV07</antennaName>
    <atmPhaseCorrection>AP_UNCORRECTED</atmPhaseCorrection>
    <receiverBand>ALMA_RB_06</receiverBand>
    <basebandName>BB_1</basebandName>
    <numReceptor>2</numReceptor>
    <polarizationTypes>1 2 X Y</polarizationTypes>
    <startValidTime>4833138842581000000</startValidTime>
    <endValidTime>4833138992555000000</endValidTime>
    <frequencyRange>1 2 2.52821895859475E11 2.54696895859475E11</frequencyRange>
    <apertureEfficiency>1 2 0.6002741 0.40284148</apertureEfficiency>
    <apertureEfficiencyError>1 2 0.0 0.0</apertureEfficiencyError>
    <calDataId>CalData_12</calDataId>
    <calReductionId>CalReduction_12</calReductionId>
  </row>
  <row>
    <antennaName>DV10</antennaName>
    <atmPhaseCorrection>AP_UNCORRECTED</atmPhaseCorrection>
    <receiverBand>ALMA_RB_06</receiverBand>
    <basebandName>BB_1</basebandName>
    <numReceptor>2</numReceptor>
    <polarizationTypes>1 2 X Y</polarizationTypes>
    <startValidTime>4833138842581000000</startValidTime>
    <endValidTime>4833138992555000000</endValidTime>
    <frequencyRange>1 2 2.52821895859475E11 2.54696895859475E11</frequencyRange>
    <apertureEfficiency>1 2 0.49090073 0.47121307</apertureEfficiency>
    <apertureEfficiencyError>1 2 0.0 0.0</apertureEfficiencyError>
    <calDataId>CalData_12</calDataId>
    <calReductionId>CalReduction_12</calReductionId>
  </row>
  <row>
    <antennaName>DV11</antennaName>
    <atmPhaseCorrection>AP_UNCORRECTED</atmPhaseCorrection>
    <receiverBand>ALMA_RB_06</receiverBand>
    <basebandName>BB_1</basebandName>
    <numReceptor>2</numReceptor>
    <polarizationTypes>1 2 X Y</polarizationTypes>
    <startValidTime>4833138842581000000</startValidTime>
    <endValidTime>4833138992555000000</endValidTime>
    <frequencyRange>1 2 2.52821895859475E11 2.54696895859475E11</frequencyRange>
    <apertureEfficiency>1 2 0.4443552 0.4144109</apertureEfficiency>
    <apertureEfficiencyError>1 2 0.0 0.0</apertureEfficiencyError>
    <calDataId>CalData_12</calDataId>
    <calReductionId>CalReduction_12</calReductionId>
  </row>
  <row>
    <antennaName>DV12</antennaName>
    <atmPhaseCorrection>AP_UNCORRECTED</atmPhaseCorrection>
    <receiverBand>ALMA_RB_06</receiverBand>
    <basebandName>BB_1</basebandName>
    <numReceptor>2</numReceptor>
    <polarizationTypes>1 2 X Y</polarizationTypes>
    <startValidTime>4833138842581000000</startValidTime>
    <endValidTime>4833138992555000000</endValidTime>
    <frequencyRange>1 2 2.52821895859475E11 2.54696895859475E11</frequencyRange>
    <apertureEfficiency>1 2 0.8585234 0.7743676</apertureEfficiency>
    <apertureEfficiencyError>1 2 0.0 0.0</apertureEfficiencyError>
    <calDataId>CalData_12</calDataId>
    <calReductionId>CalReduction_12</calReductionId>
  </row>
  <row>
    <antennaName>DV13</antennaName>
    <atmPhaseCorrection>AP_UNCORRECTED</atmPhaseCorrection>
    <receiverBand>ALMA_RB_06</receiverBand>
    <basebandName>BB_1</basebandName>
    <numReceptor>2</numReceptor>
    <polarizationTypes>1 2 X Y</polarizationTypes>
    <startValidTime>4833138842581000000</startValidTime>
    <endValidTime>4833138992555000000</endValidTime>
    <frequencyRange>1 2 2.52821895859475E11 2.54696895859475E11</frequencyRange>
    <apertureEfficiency>1 2 1.0766389 1.108233</apertureEfficiency>
    <apertureEfficiencyError>1 2 0.0 0.0</apertureEfficiencyError>
    <calDataId>CalData_12</calDataId>
    <calReductionId>CalReduction_12</calReductionId>
  </row>
  <row>
    <antennaName>DV14</antennaName>
    <atmPhaseCorrection>AP_UNCORRECTED</atmPhaseCorrection>
    <receiverBand>ALMA_RB_06</receiverBand>
    <basebandName>BB_1</basebandName>
    <numReceptor>2</numReceptor>
    <polarizationTypes>1 2 X Y</polarizationTypes>
    <startValidTime>4833138842581000000</startValidTime>
    <endValidTime>4833138992555000000</endValidTime>
    <frequencyRange>1 2 2.52821895859475E11 2.54696895859475E11</frequencyRange>
    <apertureEfficiency>1 2 0.91813415 0.96599495</apertureEfficiency>
    <apertureEfficiencyError>1 2 0.0 0.0</apertureEfficiencyError>
    <calDataId>CalData_12</calDataId>
    <calReductionId>CalReduction_12</calReductionId>
  </row>
  <row>
    <antennaName>DV15</antennaName>
    <atmPhaseCorrection>AP_UNCORRECTED</atmPhaseCorrection>
    <receiverBand>ALMA_RB_06</receiverBand>
    <basebandName>BB_1</basebandName>
    <numReceptor>2</numReceptor>
    <polarizationTypes>1 2 X Y</polarizationTypes>
    <startValidTime>4833138842581000000</startValidTime>
    <endValidTime>4833138992555000000</endValidTime>
    <frequencyRange>1 2 2.52821895859475E11 2.54696895859475E11</frequencyRange>
    <apertureEfficiency>1 2 0.7974583 0.73576504</apertureEfficiency>
    <apertureEfficiencyError>1 2 0.0 0.0</apertureEfficiencyError>
    <calDataId>CalData_12</calDataId>
    <calReductionId>CalReduction_12</calReductionId>
  </row>
  <row>
    <antennaName>DV16</antennaName>
    <atmPhaseCorrection>AP_UNCORRECTED</atmPhaseCorrection>
    <receiverBand>ALMA_RB_06</receiverBand>
    <basebandName>BB_1</basebandName>
    <numReceptor>2</numReceptor>
    <polarizationTypes>1 2 X Y</polarizationTypes>
    <startValidTime>4833138842581000000</startValidTime>
    <endValidTime>4833138992555000000</endValidTime>
    <frequencyRange>1 2 2.52821895859475E11 2.54696895859475E11</frequencyRange>
    <apertureEfficiency>1 2 0.03897676 0.03834844</apertureEfficiency>
    <apertureEfficiencyError>1 2 0.0 0.0</apertureEfficiencyError>
    <calDataId>CalData_12</calDataId>
    <calReductionId>CalReduction_12</calReductionId>
  </row>
  <row>
    <antennaName>PM01</antennaName>
    <atmPhaseCorrection>AP_UNCORRECTED</atmPhaseCorrection>
    <receiverBand>ALMA_RB_06</receiverBand>
    <basebandName>BB_1</basebandName>
    <numReceptor>2</numReceptor>
    <polarizationTypes>1 2 X Y</polarizationTypes>
    <startValidTime>4833138842581000000</startValidTime>
    <endValidTime>4833138992555000000</endValidTime>
    <frequencyRange>1 2 2.52821895859475E11 2.54696895859475E11</frequencyRange>
    <apertureEfficiency>1 2 0.69012886 0.61357456</apertureEfficiency>
    <apertureEfficiencyError>1 2 0.0 0.0</apertureEfficiencyError>
    <calDataId>CalData_12</calDataId>
    <calReductionId>CalReduction_12</calReductionId>
  </row>
  <row>
    <antennaName>PM02</antennaName>
    <atmPhaseCorrection>AP_UNCORRECTED</atmPhaseCorrection>
    <receiverBand>ALMA_RB_06</receiverBand>
    <basebandName>BB_1</basebandName>
    <numReceptor>2</numReceptor>
    <polarizationTypes>1 2 X Y</polarizationTypes>
    <startValidTime>4833138842581000000</startValidTime>
    <endValidTime>4833138992555000000</endValidTime>
    <frequencyRange>1 2 2.52821895859475E11 2.54696895859475E11</frequencyRange>
    <apertureEfficiency>1 2 0.70644325 0.7285364</apertureEfficiency>
    <apertureEfficiencyError>1 2 0.0 0.0</apertureEfficiencyError>
    <calDataId>CalData_12</calDataId>
    <calReductionId>CalReduction_12</calReductionId>
  </row>
  <row>
    <antennaName>PM03</antennaName>
    <atmPhaseCorrection>AP_UNCORRECTED</atmPhaseCorrection>
    <receiverBand>ALMA_RB_06</receiverBand>
    <basebandName>BB_1</basebandName>
    <numReceptor>2</numReceptor>
    <polarizationTypes>1 2 X Y</polarizationTypes>
    <startValidTime>4833138842581000000</startValidTime>
    <endValidTime>4833138992555000000</endValidTime>
    <frequencyRange>1 2 2.52821895859475E11 2.54696895859475E11</frequencyRange>
    <apertureEfficiency>1 2 0.7150333 0.7345551</apertureEfficiency>
    <apertureEfficiencyError>1 2 0.0 0.0</apertureEfficiencyError>
    <calDataId>CalData_12</calDataId>
    <calReductionId>CalReduction_12</calReductionId>
  </row>
  <row>
    <antennaName>DA42</antennaName>
    <atmPhaseCorrection>AP_UNCORRECTED</atmPhaseCorrection>
    <receiverBand>ALMA_RB_06</receiverBand>
    <basebandName>BB_3</basebandName>
    <numReceptor>2</numReceptor>
    <polarizationTypes>1 2 X Y</polarizationTypes>
    <startValidTime>4833138842581000000</startValidTime>
    <endValidTime>4833138992555000000</endValidTime>
    <frequencyRange>1 2 2.39467195859275E11 2.41342195859275E11</frequencyRange>
    <apertureEfficiency>1 2 0.47806197 0.56372684</apertureEfficiency>
    <apertureEfficiencyError>1 2 0.0 0.0</apertureEfficiencyError>
    <calDataId>CalData_12</calDataId>
    <calReductionId>CalReduction_12</calReductionId>
  </row>
  <row>
    <antennaName>DA43</antennaName>
    <atmPhaseCorrection>AP_UNCORRECTED</atmPhaseCorrection>
    <receiverBand>ALMA_RB_06</receiverBand>
    <basebandName>BB_3</basebandName>
    <numReceptor>2</numReceptor>
    <polarizationTypes>1 2 X Y</polarizationTypes>
    <startValidTime>4833138842581000000</startValidTime>
    <endValidTime>4833138992555000000</endValidTime>
    <frequencyRange>1 2 2.39467195859275E11 2.41342195859275E11</frequencyRange>
    <apertureEfficiency>1 2 0.5932428 0.5561484</apertureEfficiency>
    <apertureEfficiencyError>1 2 0.0 0.0</apertureEfficiencyError>
    <calDataId>CalData_12</calDataId>
    <calReductionId>CalReduction_12</calReductionId>
  </row>
  <row>
    <antennaName>DV01</antennaName>
    <atmPhaseCorrection>AP_UNCORRECTED</atmPhaseCorrection>
    <receiverBand>ALMA_RB_06</receiverBand>
    <basebandName>BB_3</basebandName>
    <numReceptor>2</numReceptor>
    <polarizationTypes>1 2 X Y</polarizationTypes>
    <startValidTime>4833138842581000000</startValidTime>
    <endValidTime>4833138992555000000</endValidTime>
    <frequencyRange>1 2 2.39467195859275E11 2.41342195859275E11</frequencyRange>
    <apertureEfficiency>1 2 0.55206716 0.5944752</apertureEfficiency>
    <apertureEfficiencyError>1 2 0.0 0.0</apertureEfficiencyError>
    <calDataId>CalData_12</calDataId>
    <calReductionId>CalReduction_12</calReductionId>
  </row>
  <row>
    <antennaName>DV03</antennaName>
    <atmPhaseCorrection>AP_UNCORRECTED</atmPhaseCorrection>
    <receiverBand>ALMA_RB_06</receiverBand>
    <basebandName>BB_3</basebandName>
    <numReceptor>2</numReceptor>
    <polarizationTypes>1 2 X Y</polarizationTypes>
    <startValidTime>4833138842581000000</startValidTime>
    <endValidTime>4833138992555000000</endValidTime>
    <frequencyRange>1 2 2.39467195859275E11 2.41342195859275E11</frequencyRange>
    <apertureEfficiency>1 2 0.70349616 0.7135096</apertureEfficiency>
    <apertureEfficiencyError>1 2 0.0 0.0</apertureEfficiencyError>
    <calDataId>CalData_12</calDataId>
    <calReductionId>CalReduction_12</calReductionId>
  </row>
  <row>
    <antennaName>DV04</antennaName>
    <atmPhaseCorrection>AP_UNCORRECTED</atmPhaseCorrection>
    <receiverBand>ALMA_RB_06</receiverBand>
    <basebandName>BB_3</basebandName>
    <numReceptor>2</numReceptor>
    <polarizationTypes>1 2 X Y</polarizationTypes>
    <startValidTime>4833138842581000000</startValidTime>
    <endValidTime>4833138992555000000</endValidTime>
    <frequencyRange>1 2 2.39467195859275E11 2.41342195859275E11</frequencyRange>
    <apertureEfficiency>1 2 0.8518958 0.82628214</apertureEfficiency>
    <apertureEfficiencyError>1 2 0.0 0.0</apertureEfficiencyError>
    <calDataId>CalData_12</calDataId>
    <calReductionId>CalReduction_12</calReductionId>
  </row>
  <row>
    <antennaName>DV05</antennaName>
    <atmPhaseCorrection>AP_UNCORRECTED</atmPhaseCorrection>
    <receiverBand>ALMA_RB_06</receiverBand>
    <basebandName>BB_3</basebandName>
    <numReceptor>2</numReceptor>
    <polarizationTypes>1 2 X Y</polarizationTypes>
    <startValidTime>4833138842581000000</startValidTime>
    <endValidTime>4833138992555000000</endValidTime>
    <frequencyRange>1 2 2.39467195859275E11 2.41342195859275E11</frequencyRange>
    <apertureEfficiency>1 2 0.21836954 0.4895049</apertureEfficiency>
    <apertureEfficiencyError>1 2 0.0 0.0</apertureEfficiencyError>
    <calDataId>CalData_12</calDataId>
    <calReductionId>CalReduction_12</calReductionId>
  </row>
  <row>
    <antennaName>DV06</antennaName>
    <atmPhaseCorrection>AP_UNCORRECTED</atmPhaseCorrection>
    <receiverBand>ALMA_RB_06</receiverBand>
    <basebandName>BB_3</basebandName>
    <numReceptor>2</numReceptor>
    <polarizationTypes>1 2 X Y</polarizationTypes>
    <startValidTime>4833138842581000000</startValidTime>
    <endValidTime>4833138992555000000</endValidTime>
    <frequencyRange>1 2 2.39467195859275E11 2.41342195859275E11</frequencyRange>
    <apertureEfficiency>1 2 0.9323121 0.9204244</apertureEfficiency>
    <apertureEfficiencyError>1 2 0.0 0.0</apertureEfficiencyError>
    <calDataId>CalData_12</calDataId>
    <calReductionId>CalReduction_12</calReductionId>
  </row>
  <row>
    <antennaName>DV07</antennaName>
    <atmPhaseCorrection>AP_UNCORRECTED</atmPhaseCorrection>
    <receiverBand>ALMA_RB_06</receiverBand>
    <basebandName>BB_3</basebandName>
    <numReceptor>2</numReceptor>
    <polarizationTypes>1 2 X Y</polarizationTypes>
    <startValidTime>4833138842581000000</startValidTime>
    <endValidTime>4833138992555000000</endValidTime>
    <frequencyRange>1 2 2.39467195859275E11 2.41342195859275E11</frequencyRange>
    <apertureEfficiency>1 2 0.56204164 0.3675216</apertureEfficiency>
    <apertureEfficiencyError>1 2 0.0 0.0</apertureEfficiencyError>
    <calDataId>CalData_12</calDataId>
    <calReductionId>CalReduction_12</calReductionId>
  </row>
  <row>
    <antennaName>DV10</antennaName>
    <atmPhaseCorrection>AP_UNCORRECTED</atmPhaseCorrection>
    <receiverBand>ALMA_RB_06</receiverBand>
    <basebandName>BB_3</basebandName>
    <numReceptor>2</numReceptor>
    <polarizationTypes>1 2 X Y</polarizationTypes>
    <startValidTime>4833138842581000000</startValidTime>
    <endValidTime>4833138992555000000</endValidTime>
    <frequencyRange>1 2 2.39467195859275E11 2.41342195859275E11</frequencyRange>
    <apertureEfficiency>1 2 0.5032698 0.5341075</apertureEfficiency>
    <apertureEfficiencyError>1 2 0.0 0.0</apertureEfficiencyError>
    <calDataId>CalData_12</calDataId>
    <calReductionId>CalReduction_12</calReductionId>
  </row>
  <row>
    <antennaName>DV11</antennaName>
    <atmPhaseCorrection>AP_UNCORRECTED</atmPhaseCorrection>
    <receiverBand>ALMA_RB_06</receiverBand>
    <basebandName>BB_3</basebandName>
    <numReceptor>2</numReceptor>
    <polarizationTypes>1 2 X Y</polarizationTypes>
    <startValidTime>4833138842581000000</startValidTime>
    <endValidTime>4833138992555000000</endValidTime>
    <frequencyRange>1 2 2.39467195859275E11 2.41342195859275E11</frequencyRange>
    <apertureEfficiency>1 2 0.48907027 0.46886137</apertureEfficiency>
    <apertureEfficiencyError>1 2 0.0 0.0</apertureEfficiencyError>
    <calDataId>CalData_12</calDataId>
    <calReductionId>CalReduction_12</calReductionId>
  </row>
  <row>
    <antennaName>DV12</antennaName>
    <atmPhaseCorrection>AP_UNCORRECTED</atmPhaseCorrection>
    <receiverBand>ALMA_RB_06</receiverBand>
    <basebandName>BB_3</basebandName>
    <numReceptor>2</numReceptor>
    <polarizationTypes>1 2 X Y</polarizationTypes>
    <startValidTime>4833138842581000000</startValidTime>
    <endValidTime>4833138992555000000</endValidTime>
    <frequencyRange>1 2 2.39467195859275E11 2.41342195859275E11</frequencyRange>
    <apertureEfficiency>1 2 0.8714532 0.76483285</apertureEfficiency>
    <apertureEfficiencyError>1 2 0.0 0.0</apertureEfficiencyError>
    <calDataId>CalData_12</calDataId>
    <calReductionId>CalReduction_12</calReductionId>
  </row>
  <row>
    <antennaName>DV13</antennaName>
    <atmPhaseCorrection>AP_UNCORRECTED</atmPhaseCorrection>
    <receiverBand>ALMA_RB_06</receiverBand>
    <basebandName>BB_3</basebandName>
    <numReceptor>2</numReceptor>
    <polarizationTypes>1 2 X Y</polarizationTypes>
    <startValidTime>4833138842581000000</startValidTime>
    <endValidTime>4833138992555000000</endValidTime>
    <frequencyRange>1 2 2.39467195859275E11 2.41342195859275E11</frequencyRange>
    <apertureEfficiency>1 2 1.0806636 1.0205519</apertureEfficiency>
    <apertureEfficiencyError>1 2 0.0 0.0</apertureEfficiencyError>
    <calDataId>CalData_12</calDataId>
    <calReductionId>CalReduction_12</calReductionId>
  </row>
  <row>
    <antennaName>DV14</antennaName>
    <atmPhaseCorrection>AP_UNCORRECTED</atmPhaseCorrection>
    <receiverBand>ALMA_RB_06</receiverBand>
    <basebandName>BB_3</basebandName>
    <numReceptor>2</numReceptor>
    <polarizationTypes>1 2 X Y</polarizationTypes>
    <startValidTime>4833138842581000000</startValidTime>
    <endValidTime>4833138992555000000</endValidTime>
    <frequencyRange>1 2 2.39467195859275E11 2.41342195859275E11</frequencyRange>
    <apertureEfficiency>1 2 0.9311281 0.9693512</apertureEfficiency>
    <apertureEfficiencyError>1 2 0.0 0.0</apertureEfficiencyError>
    <calDataId>CalData_12</calDataId>
    <calReductionId>CalReduction_12</calReductionId>
  </row>
  <row>
    <antennaName>DV15</antennaName>
    <atmPhaseCorrection>AP_UNCORRECTED</atmPhaseCorrection>
    <receiverBand>ALMA_RB_06</receiverBand>
    <basebandName>BB_3</basebandName>
    <numReceptor>2</numReceptor>
    <polarizationTypes>1 2 X Y</polarizationTypes>
    <startValidTime>4833138842581000000</startValidTime>
    <endValidTime>4833138992555000000</endValidTime>
    <frequencyRange>1 2 2.39467195859275E11 2.41342195859275E11</frequencyRange>
    <apertureEfficiency>1 2 0.81147707 0.8561615</apertureEfficiency>
    <apertureEfficiencyError>1 2 0.0 0.0</apertureEfficiencyError>
    <calDataId>CalData_12</calDataId>
    <calReductionId>CalReduction_12</calReductionId>
  </row>
  <row>
    <antennaName>DV16</antennaName>
    <atmPhaseCorrection>AP_UNCORRECTED</atmPhaseCorrection>
    <receiverBand>ALMA_RB_06</receiverBand>
    <basebandName>BB_3</basebandName>
    <numReceptor>2</numReceptor>
    <polarizationTypes>1 2 X Y</polarizationTypes>
    <startValidTime>4833138842581000000</startValidTime>
    <endValidTime>4833138992555000000</endValidTime>
    <frequencyRange>1 2 2.39467195859275E11 2.41342195859275E11</frequencyRange>
    <apertureEfficiency>1 2 0.05545744 0.056759875</apertureEfficiency>
    <apertureEfficiencyError>1 2 0.0 0.0</apertureEfficiencyError>
    <calDataId>CalData_12</calDataId>
    <calReductionId>CalReduction_12</calReductionId>
  </row>
  <row>
    <antennaName>PM01</antennaName>
    <atmPhaseCorrection>AP_UNCORRECTED</atmPhaseCorrection>
    <receiverBand>ALMA_RB_06</receiverBand>
    <basebandName>BB_3</basebandName>
    <numReceptor>2</numReceptor>
    <polarizationTypes>1 2 X Y</polarizationTypes>
    <startValidTime>4833138842581000000</startValidTime>
    <endValidTime>4833138992555000000</endValidTime>
    <frequencyRange>1 2 2.39467195859275E11 2.41342195859275E11</frequencyRange>
    <apertureEfficiency>1 2 0.676479 0.684915</apertureEfficiency>
    <apertureEfficiencyError>1 2 0.0 0.0</apertureEfficiencyError>
    <calDataId>CalData_12</calDataId>
    <calReductionId>CalReduction_12</calReductionId>
  </row>
  <row>
    <antennaName>PM02</antennaName>
    <atmPhaseCorrection>AP_UNCORRECTED</atmPhaseCorrection>
    <receiverBand>ALMA_RB_06</receiverBand>
    <basebandName>BB_3</basebandName>
    <numReceptor>2</numReceptor>
    <polarizationTypes>1 2 X Y</polarizationTypes>
    <startValidTime>4833138842581000000</startValidTime>
    <endValidTime>4833138992555000000</endValidTime>
    <frequencyRange>1 2 2.39467195859275E11 2.41342195859275E11</frequencyRange>
    <apertureEfficiency>1 2 0.6660242 0.7377191</apertureEfficiency>
    <apertureEfficiencyError>1 2 0.0 0.0</apertureEfficiencyError>
    <calDataId>CalData_12</calDataId>
    <calReductionId>CalReduction_12</calReductionId>
  </row>
  <row>
    <antennaName>PM03</antennaName>
    <atmPhaseCorrection>AP_UNCORRECTED</atmPhaseCorrection>
    <receiverBand>ALMA_RB_06</receiverBand>
    <basebandName>BB_3</basebandName>
    <numReceptor>2</numReceptor>
    <polarizationTypes>1 2 X Y</polarizationTypes>
    <startValidTime>4833138842581000000</startValidTime>
    <endValidTime>4833138992555000000</endValidTime>
    <frequencyRange>1 2 2.39467195859275E11 2.41342195859275E11</frequencyRange>
    <apertureEfficiency>1 2 0.7182441 0.76831615</apertureEfficiency>
    <apertureEfficiencyError>1 2 0.0 0.0</apertureEfficiencyError>
    <calDataId>CalData_12</calDataId>
    <calReductionId>CalReduction_12</calReductionId>
  </row>
</CalAmpliTable>

