<?xml version="1.0" encoding="UTF-8"?>
<CalPointingTable xmlns:xsi="http://www.w3.org/2001/XMLSchema-instance" xmlns:clpntg="http://Alma/XASDM/CalPointingTable" schemaVersion="3" schemaRevision="1.55.6.5">
  <Entity entityId="uid://A002/X36db93/X1" entityIdEncrypted="na" entityTypeName="CalPointingTable" schemaVersion="1" documentVersion="1" />
  <ContainerEntity entityId="uid://A002/X36d011/X4d5" entityIdEncrypted="na" entityTypeName="ASDM" schemaVersion="1" documentVersion="1" />
  <row>
    <antennaName>DA42</antennaName>
    <receiverBand>ALMA_RB_03</receiverBand>
    <startValidTime>4833138011376000000</startValidTime>
    <endValidTime>4833141611376000000</endValidTime>
    <ambientTemperature>269.1029968261719</ambientTemperature>
    <antennaMake>AEM_12</antennaMake>
    <atmPhaseCorrection>AP_UNCORRECTED</atmPhaseCorrection>
    <direction>1 2 -3.242195330560076 1.3352436388451954</direction>
    <frequencyRange>1 2 9.00805125E10 1.058773875E11</frequencyRange>
    <pointingModelMode>RADIO</pointingModelMode>
    <pointingMethod>FIVE_POINT</pointingMethod>
    <numReceptor>2</numReceptor>
    <polarizationTypes>1 2 X Y</polarizationTypes>
    <collOffsetRelative>2 2 2 4.0053353955337334E-6 3.9276603726019455E-5 4.0053353955337334E-6 3.9276603726019455E-5</collOffsetRelative>
    <collOffsetAbsolute>2 2 2 5.289225470674776E-5 0.0035561428676192746 5.289225470674776E-5 0.0035561428676192746</collOffsetAbsolute>
    <collError>2 2 2 1.2498530565735998E-6 1.2083126885383708E-6 1.2498530565735998E-6 1.2083126885383708E-6</collError>
    <collOffsetTied>2 2 2 false false false false</collOffsetTied>
    <reducedChiSquared>1 2 0.0 0.0</reducedChiSquared>
    <averagedPolarizations>true</averagedPolarizations>
    <beamWidth>2 2 2 2.9167758781557557E-4 2.9167758781557557E-4 2.9167758781557557E-4 2.9167758781557557E-4</beamWidth>
    <beamWidthError>2 2 2 0.0 0.0 0.0 0.0</beamWidthError>
    <beamWidthWasFixed>1 2 true true</beamWidthWasFixed>
    <offIntensity>1 2 0.0 0.0</offIntensity>
    <offIntensityError>1 2 0.0 0.0</offIntensityError>
    <offIntensityWasFixed>false</offIntensityWasFixed>
    <peakIntensity>1 2 0.1858757359825394 0.1858757359825394</peakIntensity>
    <peakIntensityError>1 2 0.0010035838052743552 0.0010035838052743552</peakIntensityError>
    <peakIntensityWasFixed>false</peakIntensityWasFixed>
    <calDataId>CalData_1</calDataId>
    <calReductionId>CalReduction_1</calReductionId>
  </row>
  <row>
    <antennaName>DA43</antennaName>
    <receiverBand>ALMA_RB_03</receiverBand>
    <startValidTime>4833138011376000000</startValidTime>
    <endValidTime>4833141611376000000</endValidTime>
    <ambientTemperature>269.1029968261719</ambientTemperature>
    <antennaMake>AEM_12</antennaMake>
    <atmPhaseCorrection>AP_UNCORRECTED</atmPhaseCorrection>
    <direction>1 2 -3.2421856705389023 1.335227976445849</direction>
    <frequencyRange>1 2 9.00805125E10 1.058773875E11</frequencyRange>
    <pointingModelMode>RADIO</pointingModelMode>
    <pointingMethod>FIVE_POINT</pointingMethod>
    <numReceptor>2</numReceptor>
    <polarizationTypes>1 2 X Y</polarizationTypes>
    <collOffsetRelative>2 2 2 1.172724671736338E-5 2.7061888131538707E-5 1.172724671736338E-5 2.7061888131538707E-5</collOffsetRelative>
    <collOffsetAbsolute>2 2 2 -6.569887762858662E-5 0.0019767978001202307 -6.569887762858662E-5 0.0019767978001202307</collOffsetAbsolute>
    <collError>2 2 2 9.847791385946379E-7 9.715436988208571E-7 9.847791385946379E-7 9.715436988208571E-7</collError>
    <collOffsetTied>2 2 2 false false false false</collOffsetTied>
    <reducedChiSquared>1 2 0.0 0.0</reducedChiSquared>
    <averagedPolarizations>true</averagedPolarizations>
    <beamWidth>2 2 2 2.9167758781557557E-4 2.9167758781557557E-4 2.9167758781557557E-4 2.9167758781557557E-4</beamWidth>
    <beamWidthError>2 2 2 0.0 0.0 0.0 0.0</beamWidthError>
    <beamWidthWasFixed>1 2 true true</beamWidthWasFixed>
    <offIntensity>1 2 0.0 0.0</offIntensity>
    <offIntensityError>1 2 0.0 0.0</offIntensityError>
    <offIntensityWasFixed>false</offIntensityWasFixed>
    <peakIntensity>1 2 0.277495695184935 0.277495695184935</peakIntensity>
    <peakIntensityError>1 2 0.0011838535744865212 0.0011838535744865212</peakIntensityError>
    <peakIntensityWasFixed>false</peakIntensityWasFixed>
    <calDataId>CalData_1</calDataId>
    <calReductionId>CalReduction_1</calReductionId>
  </row>
  <row>
    <antennaName>DV01</antennaName>
    <receiverBand>ALMA_RB_03</receiverBand>
    <startValidTime>4833138011376000000</startValidTime>
    <endValidTime>4833141611376000000</endValidTime>
    <ambientTemperature>269.1029968261719</ambientTemperature>
    <antennaMake>VERTEX_12</antennaMake>
    <atmPhaseCorrection>AP_UNCORRECTED</atmPhaseCorrection>
    <direction>1 2 -3.24212351350629 1.3352453431119287</direction>
    <frequencyRange>1 2 9.00805125E10 1.058773875E11</frequencyRange>
    <pointingModelMode>RADIO</pointingModelMode>
    <pointingMethod>FIVE_POINT</pointingMethod>
    <numReceptor>2</numReceptor>
    <polarizationTypes>1 2 X Y</polarizationTypes>
    <collOffsetRelative>2 2 2 7.513646240887571E-7 3.939856102293849E-5 7.513646240887571E-7 3.939856102293849E-5</collOffsetRelative>
    <collOffsetAbsolute>2 2 2 5.124458882240562E-4 9.876301046074683E-4 5.124458882240562E-4 9.876301046074683E-4</collOffsetAbsolute>
    <collError>2 2 2 1.076033186926615E-6 1.0396803424537604E-6 1.076033186926615E-6 1.0396803424537604E-6</collError>
    <collOffsetTied>2 2 2 false false false false</collOffsetTied>
    <reducedChiSquared>1 2 0.0 0.0</reducedChiSquared>
    <averagedPolarizations>true</averagedPolarizations>
    <beamWidth>2 2 2 2.9167758781557557E-4 2.9167758781557557E-4 2.9167758781557557E-4 2.9167758781557557E-4</beamWidth>
    <beamWidthError>2 2 2 0.0 0.0 0.0 0.0</beamWidthError>
    <beamWidthWasFixed>1 2 true true</beamWidthWasFixed>
    <offIntensity>1 2 0.0 0.0</offIntensity>
    <offIntensityError>1 2 0.0 0.0</offIntensityError>
    <offIntensityWasFixed>false</offIntensityWasFixed>
    <peakIntensity>1 2 0.2515807491629873 0.2515807491629873</peakIntensity>
    <peakIntensityError>1 2 0.0011689028547960496 0.0011689028547960496</peakIntensityError>
    <peakIntensityWasFixed>false</peakIntensityWasFixed>
    <calDataId>CalData_1</calDataId>
    <calReductionId>CalReduction_1</calReductionId>
  </row>
  <row>
    <antennaName>DV03</antennaName>
    <receiverBand>ALMA_RB_03</receiverBand>
    <startValidTime>4833138011376000000</startValidTime>
    <endValidTime>4833141611376000000</endValidTime>
    <ambientTemperature>269.1029968261719</ambientTemperature>
    <antennaMake>VERTEX_12</antennaMake>
    <atmPhaseCorrection>AP_UNCORRECTED</atmPhaseCorrection>
    <direction>1 2 -3.242181933298205 1.3352342272689182</direction>
    <frequencyRange>1 2 9.00805125E10 1.058773875E11</frequencyRange>
    <pointingModelMode>RADIO</pointingModelMode>
    <pointingMethod>FIVE_POINT</pointingMethod>
    <numReceptor>2</numReceptor>
    <polarizationTypes>1 2 X Y</polarizationTypes>
    <collOffsetRelative>2 2 2 1.8771985854934054E-6 3.4181178006847974E-5 1.8771985854934054E-6 3.4181178006847974E-5</collOffsetRelative>
    <collOffsetAbsolute>2 2 2 -0.001438777633831485 0.002250869885161395 -0.001438777633831485 0.002250869885161395</collOffsetAbsolute>
    <collError>2 2 2 1.1008186243993776E-6 1.0722001856267923E-6 1.1008186243993776E-6 1.0722001856267923E-6</collError>
    <collOffsetTied>2 2 2 false false false false</collOffsetTied>
    <reducedChiSquared>1 2 0.0 0.0</reducedChiSquared>
    <averagedPolarizations>true</averagedPolarizations>
    <beamWidth>2 2 2 2.9167758781557557E-4 2.9167758781557557E-4 2.9167758781557557E-4 2.9167758781557557E-4</beamWidth>
    <beamWidthError>2 2 2 0.0 0.0 0.0 0.0</beamWidthError>
    <beamWidthWasFixed>1 2 true true</beamWidthWasFixed>
    <offIntensity>1 2 0.0 0.0</offIntensity>
    <offIntensityError>1 2 0.0 0.0</offIntensityError>
    <offIntensityWasFixed>false</offIntensityWasFixed>
    <peakIntensity>1 2 0.2653699104239653 0.2653699104239653</peakIntensity>
    <peakIntensityError>1 2 0.0012611739539760856 0.0012611739539760856</peakIntensityError>
    <peakIntensityWasFixed>false</peakIntensityWasFixed>
    <calDataId>CalData_1</calDataId>
    <calReductionId>CalReduction_1</calReductionId>
  </row>
  <row>
    <antennaName>DV04</antennaName>
    <receiverBand>ALMA_RB_03</receiverBand>
    <startValidTime>4833138011376000000</startValidTime>
    <endValidTime>4833141611376000000</endValidTime>
    <ambientTemperature>269.1029968261719</ambientTemperature>
    <antennaMake>VERTEX_12</antennaMake>
    <atmPhaseCorrection>AP_UNCORRECTED</atmPhaseCorrection>
    <direction>1 2 -3.242187052027039 1.335237437308924</direction>
    <frequencyRange>1 2 9.00805125E10 1.058773875E11</frequencyRange>
    <pointingModelMode>RADIO</pointingModelMode>
    <pointingMethod>FIVE_POINT</pointingMethod>
    <numReceptor>2</numReceptor>
    <polarizationTypes>1 2 X Y</polarizationTypes>
    <collOffsetRelative>2 2 2 2.206870667264369E-6 3.526878148217066E-5 2.206870667264369E-6 3.526878148217066E-5</collOffsetRelative>
    <collOffsetAbsolute>2 2 2 9.664098379758678E-4 3.2211866949406813E-4 9.664098379758678E-4 3.2211866949406813E-4</collOffsetAbsolute>
    <collError>2 2 2 9.952226248652274E-7 9.682117513728098E-7 9.952226248652274E-7 9.682117513728098E-7</collError>
    <collOffsetTied>2 2 2 false false false false</collOffsetTied>
    <reducedChiSquared>1 2 0.0 0.0</reducedChiSquared>
    <averagedPolarizations>true</averagedPolarizations>
    <beamWidth>2 2 2 2.9167758781557557E-4 2.9167758781557557E-4 2.9167758781557557E-4 2.9167758781557557E-4</beamWidth>
    <beamWidthError>2 2 2 0.0 0.0 0.0 0.0</beamWidthError>
    <beamWidthWasFixed>1 2 true true</beamWidthWasFixed>
    <offIntensity>1 2 0.0 0.0</offIntensity>
    <offIntensityError>1 2 0.0 0.0</offIntensityError>
    <offIntensityWasFixed>false</offIntensityWasFixed>
    <peakIntensity>1 2 0.2222666614613914 0.2222666614613914</peakIntensity>
    <peakIntensityError>1 2 9.548735365992068E-4 9.548735365992068E-4</peakIntensityError>
    <peakIntensityWasFixed>false</peakIntensityWasFixed>
    <calDataId>CalData_1</calDataId>
    <calReductionId>CalReduction_1</calReductionId>
  </row>
  <row>
    <antennaName>DV05</antennaName>
    <receiverBand>ALMA_RB_03</receiverBand>
    <startValidTime>4833138011376000000</startValidTime>
    <endValidTime>4833141611376000000</endValidTime>
    <ambientTemperature>269.1029968261719</ambientTemperature>
    <antennaMake>VERTEX_12</antennaMake>
    <atmPhaseCorrection>AP_UNCORRECTED</atmPhaseCorrection>
    <direction>1 2 -3.242207299483605 1.335231883295053</direction>
    <frequencyRange>1 2 9.00805125E10 1.058773875E11</frequencyRange>
    <pointingModelMode>RADIO</pointingModelMode>
    <pointingMethod>FIVE_POINT</pointingMethod>
    <numReceptor>2</numReceptor>
    <polarizationTypes>1 2 X Y</polarizationTypes>
    <collOffsetRelative>2 2 2 1.935022144325177E-5 2.9504824912081535E-5 1.935022144325177E-5 2.9504824912081535E-5</collOffsetRelative>
    <collOffsetAbsolute>2 2 2 7.798220544521085E-5 9.953262495077087E-4 7.798220544521085E-5 9.953262495077087E-4</collOffsetAbsolute>
    <collError>2 2 2 1.950398908075827E-6 1.929135167130593E-6 1.950398908075827E-6 1.929135167130593E-6</collError>
    <collOffsetTied>2 2 2 false false false false</collOffsetTied>
    <reducedChiSquared>1 2 0.0 0.0</reducedChiSquared>
    <averagedPolarizations>true</averagedPolarizations>
    <beamWidth>2 2 2 2.9167758781557557E-4 2.9167758781557557E-4 2.9167758781557557E-4 2.9167758781557557E-4</beamWidth>
    <beamWidthError>2 2 2 0.0 0.0 0.0 0.0</beamWidthError>
    <beamWidthWasFixed>1 2 true true</beamWidthWasFixed>
    <offIntensity>1 2 0.0 0.0</offIntensity>
    <offIntensityError>1 2 0.0 0.0</offIntensityError>
    <offIntensityWasFixed>false</offIntensityWasFixed>
    <peakIntensity>1 2 0.20515983322946663 0.20515983322946663</peakIntensity>
    <peakIntensityError>1 2 0.0017470891206343513 0.0017470891206343513</peakIntensityError>
    <peakIntensityWasFixed>false</peakIntensityWasFixed>
    <calDataId>CalData_1</calDataId>
    <calReductionId>CalReduction_1</calReductionId>
  </row>
  <row>
    <antennaName>DV06</antennaName>
    <receiverBand>ALMA_RB_03</receiverBand>
    <startValidTime>4833138011376000000</startValidTime>
    <endValidTime>4833141611376000000</endValidTime>
    <ambientTemperature>269.1029968261719</ambientTemperature>
    <antennaMake>VERTEX_12</antennaMake>
    <atmPhaseCorrection>AP_UNCORRECTED</atmPhaseCorrection>
    <direction>1 2 -3.2421992205014947 1.3352374817779638</direction>
    <frequencyRange>1 2 9.00805125E10 1.058773875E11</frequencyRange>
    <pointingModelMode>RADIO</pointingModelMode>
    <pointingMethod>FIVE_POINT</pointingMethod>
    <numReceptor>2</numReceptor>
    <polarizationTypes>1 2 X Y</polarizationTypes>
    <collOffsetRelative>2 2 2 1.0216962437352545E-5 3.252703377697114E-5 1.0216962437352545E-5 3.252703377697114E-5</collOffsetRelative>
    <collOffsetAbsolute>2 2 2 1.0521459084228826E-6 -6.315932131963295E-4 1.0521459084228826E-6 -6.315932131963295E-4</collOffsetAbsolute>
    <collError>2 2 2 8.578820665690253E-7 8.396493711256961E-7 8.578820665690253E-7 8.396493711256961E-7</collError>
    <collOffsetTied>2 2 2 false false false false</collOffsetTied>
    <reducedChiSquared>1 2 0.0 0.0</reducedChiSquared>
    <averagedPolarizations>true</averagedPolarizations>
    <beamWidth>2 2 2 2.9167758781557557E-4 2.9167758781557557E-4 2.9167758781557557E-4 2.9167758781557557E-4</beamWidth>
    <beamWidthError>2 2 2 0.0 0.0 0.0 0.0</beamWidthError>
    <beamWidthWasFixed>1 2 true true</beamWidthWasFixed>
    <offIntensity>1 2 0.0 0.0</offIntensity>
    <offIntensityError>1 2 0.0 0.0</offIntensityError>
    <offIntensityWasFixed>false</offIntensityWasFixed>
    <peakIntensity>1 2 0.244170191381208 0.244170191381208</peakIntensity>
    <peakIntensityError>1 2 9.070787761177761E-4 9.070787761177761E-4</peakIntensityError>
    <peakIntensityWasFixed>false</peakIntensityWasFixed>
    <calDataId>CalData_1</calDataId>
    <calReductionId>CalReduction_1</calReductionId>
  </row>
  <row>
    <antennaName>DV07</antennaName>
    <receiverBand>ALMA_RB_03</receiverBand>
    <startValidTime>4833138011376000000</startValidTime>
    <endValidTime>4833141611376000000</endValidTime>
    <ambientTemperature>269.1029968261719</ambientTemperature>
    <antennaMake>VERTEX_12</antennaMake>
    <atmPhaseCorrection>AP_UNCORRECTED</atmPhaseCorrection>
    <direction>1 2 -3.2422335068121297 1.3352427261157545</direction>
    <frequencyRange>1 2 9.00805125E10 1.058773875E11</frequencyRange>
    <pointingModelMode>RADIO</pointingModelMode>
    <pointingMethod>FIVE_POINT</pointingMethod>
    <numReceptor>2</numReceptor>
    <polarizationTypes>1 2 X Y</polarizationTypes>
    <collOffsetRelative>2 2 2 7.996727426641535E-6 3.0638837384562326E-5 7.996727426641535E-6 3.0638837384562326E-5</collOffsetRelative>
    <collOffsetAbsolute>2 2 2 6.655027985394851E-4 -2.926743707109857E-4 6.655027985394851E-4 -2.926743707109857E-4</collOffsetAbsolute>
    <collError>2 2 2 1.1051778604726998E-6 1.0836935125788865E-6 1.1051778604726998E-6 1.0836935125788865E-6</collError>
    <collOffsetTied>2 2 2 false false false false</collOffsetTied>
    <reducedChiSquared>1 2 0.0 0.0</reducedChiSquared>
    <averagedPolarizations>true</averagedPolarizations>
    <beamWidth>2 2 2 2.9167758781557557E-4 2.9167758781557557E-4 2.9167758781557557E-4 2.9167758781557557E-4</beamWidth>
    <beamWidthError>2 2 2 0.0 0.0 0.0 0.0</beamWidthError>
    <beamWidthWasFixed>1 2 true true</beamWidthWasFixed>
    <offIntensity>1 2 0.0 0.0</offIntensity>
    <offIntensityError>1 2 0.0 0.0</offIntensityError>
    <offIntensityWasFixed>false</offIntensityWasFixed>
    <peakIntensity>1 2 0.24675722785143295 0.24675722785143295</peakIntensity>
    <peakIntensityError>1 2 0.0011791386258591689 0.0011791386258591689</peakIntensityError>
    <peakIntensityWasFixed>false</peakIntensityWasFixed>
    <calDataId>CalData_1</calDataId>
    <calReductionId>CalReduction_1</calReductionId>
  </row>
  <row>
    <antennaName>DV10</antennaName>
    <receiverBand>ALMA_RB_03</receiverBand>
    <startValidTime>4833138011376000000</startValidTime>
    <endValidTime>4833141611376000000</endValidTime>
    <ambientTemperature>269.1029968261719</ambientTemperature>
    <antennaMake>VERTEX_12</antennaMake>
    <atmPhaseCorrection>AP_UNCORRECTED</atmPhaseCorrection>
    <direction>1 2 -3.2422147831750667 1.3352277793815437</direction>
    <frequencyRange>1 2 9.00805125E10 1.058773875E11</frequencyRange>
    <pointingModelMode>RADIO</pointingModelMode>
    <pointingMethod>FIVE_POINT</pointingMethod>
    <numReceptor>2</numReceptor>
    <polarizationTypes>1 2 X Y</polarizationTypes>
    <collOffsetRelative>2 2 2 -1.4205930544936339E-6 2.3371621377702805E-5 -1.4205930544936339E-6 2.3371621377702805E-5</collOffsetRelative>
    <collOffsetAbsolute>2 2 2 -0.001069193062684688 -7.824165230035821E-4 -0.001069193062684688 -7.824165230035821E-4</collOffsetAbsolute>
    <collError>2 2 2 1.1693727891019144E-6 1.154712346608745E-6 1.1693727891019144E-6 1.154712346608745E-6</collError>
    <collOffsetTied>2 2 2 false false false false</collOffsetTied>
    <reducedChiSquared>1 2 0.0 0.0</reducedChiSquared>
    <averagedPolarizations>true</averagedPolarizations>
    <beamWidth>2 2 2 2.9167758781557557E-4 2.9167758781557557E-4 2.9167758781557557E-4 2.9167758781557557E-4</beamWidth>
    <beamWidthError>2 2 2 0.0 0.0 0.0 0.0</beamWidthError>
    <beamWidthWasFixed>1 2 true true</beamWidthWasFixed>
    <offIntensity>1 2 0.0 0.0</offIntensity>
    <offIntensityError>1 2 0.0 0.0</offIntensityError>
    <offIntensityWasFixed>false</offIntensityWasFixed>
    <peakIntensity>1 2 0.26605632016393393 0.26605632016393393</peakIntensity>
    <peakIntensityError>1 2 0.0013417215212782549 0.0013417215212782549</peakIntensityError>
    <peakIntensityWasFixed>false</peakIntensityWasFixed>
    <calDataId>CalData_1</calDataId>
    <calReductionId>CalReduction_1</calReductionId>
  </row>
  <row>
    <antennaName>DV11</antennaName>
    <receiverBand>ALMA_RB_03</receiverBand>
    <startValidTime>4833138011376000000</startValidTime>
    <endValidTime>4833141611376000000</endValidTime>
    <ambientTemperature>269.1029968261719</ambientTemperature>
    <antennaMake>VERTEX_12</antennaMake>
    <atmPhaseCorrection>AP_UNCORRECTED</atmPhaseCorrection>
    <direction>1 2 -3.2422250295652404 1.3352463907580177</direction>
    <frequencyRange>1 2 9.00805125E10 1.058773875E11</frequencyRange>
    <pointingModelMode>RADIO</pointingModelMode>
    <pointingMethod>FIVE_POINT</pointingMethod>
    <numReceptor>2</numReceptor>
    <polarizationTypes>1 2 X Y</polarizationTypes>
    <collOffsetRelative>2 2 2 7.319159786531739E-6 3.0258873116888323E-5 7.319159786531739E-6 3.0258873116888323E-5</collOffsetRelative>
    <collOffsetAbsolute>2 2 2 -4.498814187117555E-4 -9.17094908760674E-4 -4.498814187117555E-4 -9.17094908760674E-4</collOffsetAbsolute>
    <collError>2 2 2 7.96902442222711E-7 7.815185004479191E-7 7.96902442222711E-7 7.815185004479191E-7</collError>
    <collOffsetTied>2 2 2 false false false false</collOffsetTied>
    <reducedChiSquared>1 2 0.0 0.0</reducedChiSquared>
    <averagedPolarizations>true</averagedPolarizations>
    <beamWidth>2 2 2 2.9167758781557557E-4 2.9167758781557557E-4 2.9167758781557557E-4 2.9167758781557557E-4</beamWidth>
    <beamWidthError>2 2 2 0.0 0.0 0.0 0.0</beamWidthError>
    <beamWidthWasFixed>1 2 true true</beamWidthWasFixed>
    <offIntensity>1 2 0.0 0.0</offIntensity>
    <offIntensityError>1 2 0.0 0.0</offIntensityError>
    <offIntensityWasFixed>false</offIntensityWasFixed>
    <peakIntensity>1 2 0.2520832619631628 0.2520832619631628</peakIntensity>
    <peakIntensityError>1 2 8.682490936635722E-4 8.682490936635722E-4</peakIntensityError>
    <peakIntensityWasFixed>false</peakIntensityWasFixed>
    <calDataId>CalData_1</calDataId>
    <calReductionId>CalReduction_1</calReductionId>
  </row>
  <row>
    <antennaName>DV12</antennaName>
    <receiverBand>ALMA_RB_03</receiverBand>
    <startValidTime>4833138011376000000</startValidTime>
    <endValidTime>4833141611376000000</endValidTime>
    <ambientTemperature>269.1029968261719</ambientTemperature>
    <antennaMake>VERTEX_12</antennaMake>
    <atmPhaseCorrection>AP_UNCORRECTED</atmPhaseCorrection>
    <direction>1 2 -3.24216266015403 1.335240004641829</direction>
    <frequencyRange>1 2 9.00805125E10 1.058773875E11</frequencyRange>
    <pointingModelMode>RADIO</pointingModelMode>
    <pointingMethod>FIVE_POINT</pointingMethod>
    <numReceptor>2</numReceptor>
    <polarizationTypes>1 2 X Y</polarizationTypes>
    <collOffsetRelative>2 2 2 4.489872856665918E-6 3.7472843899558154E-5 4.489872856665918E-6 3.7472843899558154E-5</collOffsetRelative>
    <collOffsetAbsolute>2 2 2 -5.718494829053821E-4 0.0012478902166357128 -5.718494829053821E-4 0.0012478902166357128</collOffsetAbsolute>
    <collError>2 2 2 8.24908364239197E-7 8.000474050840755E-7 8.24908364239197E-7 8.000474050840755E-7</collError>
    <collOffsetTied>2 2 2 false false false false</collOffsetTied>
    <reducedChiSquared>1 2 0.0 0.0</reducedChiSquared>
    <averagedPolarizations>true</averagedPolarizations>
    <beamWidth>2 2 2 2.9167758781557557E-4 2.9167758781557557E-4 2.9167758781557557E-4 2.9167758781557557E-4</beamWidth>
    <beamWidthError>2 2 2 0.0 0.0 0.0 0.0</beamWidthError>
    <beamWidthWasFixed>1 2 true true</beamWidthWasFixed>
    <offIntensity>1 2 0.0 0.0</offIntensity>
    <offIntensityError>1 2 0.0 0.0</offIntensityError>
    <offIntensityWasFixed>false</offIntensityWasFixed>
    <peakIntensity>1 2 0.2336204511659862 0.2336204511659862</peakIntensity>
    <peakIntensityError>1 2 8.325377878857623E-4 8.325377878857623E-4</peakIntensityError>
    <peakIntensityWasFixed>false</peakIntensityWasFixed>
    <calDataId>CalData_1</calDataId>
    <calReductionId>CalReduction_1</calReductionId>
  </row>
  <row>
    <antennaName>DV13</antennaName>
    <receiverBand>ALMA_RB_03</receiverBand>
    <startValidTime>4833138011376000000</startValidTime>
    <endValidTime>4833141611376000000</endValidTime>
    <ambientTemperature>269.1029968261719</ambientTemperature>
    <antennaMake>VERTEX_12</antennaMake>
    <atmPhaseCorrection>AP_UNCORRECTED</atmPhaseCorrection>
    <direction>1 2 -3.2422193835531337 1.3352364040538707</direction>
    <frequencyRange>1 2 9.00805125E10 1.058773875E11</frequencyRange>
    <pointingModelMode>RADIO</pointingModelMode>
    <pointingMethod>FIVE_POINT</pointingMethod>
    <numReceptor>2</numReceptor>
    <polarizationTypes>1 2 X Y</polarizationTypes>
    <collOffsetRelative>2 2 2 3.7638090499101055E-6 2.8448386767931297E-5 3.7638090499101055E-6 2.8448386767931297E-5</collOffsetRelative>
    <collOffsetAbsolute>2 2 2 -2.609397976694308E-4 0.001055490574493667 -2.609397976694308E-4 0.001055490574493667</collOffsetAbsolute>
    <collError>2 2 2 1.0484279049238368E-6 1.0298019367377326E-6 1.0484279049238368E-6 1.0298019367377326E-6</collError>
    <collOffsetTied>2 2 2 false false false false</collOffsetTied>
    <reducedChiSquared>1 2 0.0 0.0</reducedChiSquared>
    <averagedPolarizations>true</averagedPolarizations>
    <beamWidth>2 2 2 2.9167758781557557E-4 2.9167758781557557E-4 2.9167758781557557E-4 2.9167758781557557E-4</beamWidth>
    <beamWidthError>2 2 2 0.0 0.0 0.0 0.0</beamWidthError>
    <beamWidthWasFixed>1 2 true true</beamWidthWasFixed>
    <offIntensity>1 2 0.0 0.0</offIntensity>
    <offIntensityError>1 2 0.0 0.0</offIntensityError>
    <offIntensityWasFixed>false</offIntensityWasFixed>
    <peakIntensity>1 2 0.23435142319978952 0.23435142319978952</peakIntensity>
    <peakIntensityError>1 2 0.0010603903487016683 0.0010603903487016683</peakIntensityError>
    <peakIntensityWasFixed>false</peakIntensityWasFixed>
    <calDataId>CalData_1</calDataId>
    <calReductionId>CalReduction_1</calReductionId>
  </row>
  <row>
    <antennaName>DV14</antennaName>
    <receiverBand>ALMA_RB_03</receiverBand>
    <startValidTime>4833138011376000000</startValidTime>
    <endValidTime>4833141611376000000</endValidTime>
    <ambientTemperature>269.1029968261719</ambientTemperature>
    <antennaMake>VERTEX_12</antennaMake>
    <atmPhaseCorrection>AP_UNCORRECTED</atmPhaseCorrection>
    <direction>1 2 -3.2422318669533396 1.3352332283160564</direction>
    <frequencyRange>1 2 9.00805125E10 1.058773875E11</frequencyRange>
    <pointingModelMode>RADIO</pointingModelMode>
    <pointingMethod>FIVE_POINT</pointingMethod>
    <numReceptor>2</numReceptor>
    <polarizationTypes>1 2 X Y</polarizationTypes>
    <collOffsetRelative>2 2 2 1.615059916442647E-5 3.059519120983146E-5 1.615059916442647E-5 3.059519120983146E-5</collOffsetRelative>
    <collOffsetAbsolute>2 2 2 8.93236270515614E-4 9.067206604151366E-4 8.93236270515614E-4 9.067206604151366E-4</collOffsetAbsolute>
    <collError>2 2 2 1.0947767757406033E-6 1.0783501648504738E-6 1.0947767757406033E-6 1.0783501648504738E-6</collError>
    <collOffsetTied>2 2 2 false false false false</collOffsetTied>
    <reducedChiSquared>1 2 0.0 0.0</reducedChiSquared>
    <averagedPolarizations>true</averagedPolarizations>
    <beamWidth>2 2 2 2.9167758781557557E-4 2.9167758781557557E-4 2.9167758781557557E-4 2.9167758781557557E-4</beamWidth>
    <beamWidthError>2 2 2 0.0 0.0 0.0 0.0</beamWidthError>
    <beamWidthWasFixed>1 2 true true</beamWidthWasFixed>
    <offIntensity>1 2 0.0 0.0</offIntensity>
    <offIntensityError>1 2 0.0 0.0</offIntensityError>
    <offIntensityWasFixed>false</offIntensityWasFixed>
    <peakIntensity>1 2 0.28232993338783646 0.28232993338783646</peakIntensity>
    <peakIntensityError>1 2 0.0013449617898491915 0.0013449617898491915</peakIntensityError>
    <peakIntensityWasFixed>false</peakIntensityWasFixed>
    <calDataId>CalData_1</calDataId>
    <calReductionId>CalReduction_1</calReductionId>
  </row>
  <row>
    <antennaName>DV15</antennaName>
    <receiverBand>ALMA_RB_03</receiverBand>
    <startValidTime>4833138011376000000</startValidTime>
    <endValidTime>4833141611376000000</endValidTime>
    <ambientTemperature>269.1029968261719</ambientTemperature>
    <antennaMake>VERTEX_12</antennaMake>
    <atmPhaseCorrection>AP_UNCORRECTED</atmPhaseCorrection>
    <direction>1 2 -3.24217674781354 1.335244482636349</direction>
    <frequencyRange>1 2 9.00805125E10 1.058773875E11</frequencyRange>
    <pointingModelMode>RADIO</pointingModelMode>
    <pointingMethod>FIVE_POINT</pointingMethod>
    <numReceptor>2</numReceptor>
    <polarizationTypes>1 2 X Y</polarizationTypes>
    <collOffsetRelative>2 2 2 1.3325276966990548E-5 2.937392244547955E-5 1.3325276966990548E-5 2.937392244547955E-5</collOffsetRelative>
    <collOffsetAbsolute>2 2 2 -3.6354031144393334E-4 0.002043411533480097 -3.6354031144393334E-4 0.002043411533480097</collOffsetAbsolute>
    <collError>2 2 2 1.257398330014631E-6 1.2383105845463118E-6 1.257398330014631E-6 1.2383105845463118E-6</collError>
    <collOffsetTied>2 2 2 false false false false</collOffsetTied>
    <reducedChiSquared>1 2 0.0 0.0</reducedChiSquared>
    <averagedPolarizations>true</averagedPolarizations>
    <beamWidth>2 2 2 2.9167758781557557E-4 2.9167758781557557E-4 2.9167758781557557E-4 2.9167758781557557E-4</beamWidth>
    <beamWidthError>2 2 2 0.0 0.0 0.0 0.0</beamWidthError>
    <beamWidthWasFixed>1 2 true true</beamWidthWasFixed>
    <offIntensity>1 2 0.0 0.0</offIntensity>
    <offIntensityError>1 2 0.0 0.0</offIntensityError>
    <offIntensityWasFixed>false</offIntensityWasFixed>
    <peakIntensity>1 2 0.24216553717396289 0.24216553717396289</peakIntensity>
    <peakIntensityError>1 2 0.0013211013171681282 0.0013211013171681282</peakIntensityError>
    <peakIntensityWasFixed>false</peakIntensityWasFixed>
    <calDataId>CalData_1</calDataId>
    <calReductionId>CalReduction_1</calReductionId>
  </row>
  <row>
    <antennaName>DV16</antennaName>
    <receiverBand>ALMA_RB_03</receiverBand>
    <startValidTime>4833138011376000000</startValidTime>
    <endValidTime>4833141611376000000</endValidTime>
    <ambientTemperature>269.1029968261719</ambientTemperature>
    <antennaMake>VERTEX_12</antennaMake>
    <atmPhaseCorrection>AP_UNCORRECTED</atmPhaseCorrection>
    <direction>1 2 -3.24228115062159 1.3352452966233228</direction>
    <frequencyRange>1 2 9.00805125E10 1.058773875E11</frequencyRange>
    <pointingModelMode>RADIO</pointingModelMode>
    <pointingMethod>FIVE_POINT</pointingMethod>
    <numReceptor>2</numReceptor>
    <polarizationTypes>1 2 X Y</polarizationTypes>
    <collOffsetRelative>2 2 2 1.0454444422966917E-5 2.2643659533871984E-5 1.0454444422966917E-5 2.2643659533871984E-5</collOffsetRelative>
    <collOffsetAbsolute>2 2 2 9.067033230978E-4 -0.0011119678152910271 9.067033230978E-4 -0.0011119678152910271</collOffsetAbsolute>
    <collError>2 2 2 9.198985925088075E-7 9.114373093674779E-7 9.198985925088075E-7 9.114373093674779E-7</collError>
    <collOffsetTied>2 2 2 false false false false</collOffsetTied>
    <reducedChiSquared>1 2 0.0 0.0</reducedChiSquared>
    <averagedPolarizations>true</averagedPolarizations>
    <beamWidth>2 2 2 2.9167758781557557E-4 2.9167758781557557E-4 2.9167758781557557E-4 2.9167758781557557E-4</beamWidth>
    <beamWidthError>2 2 2 0.0 0.0 0.0 0.0</beamWidthError>
    <beamWidthWasFixed>1 2 true true</beamWidthWasFixed>
    <offIntensity>1 2 0.0 0.0</offIntensity>
    <offIntensityError>1 2 0.0 0.0</offIntensityError>
    <offIntensityWasFixed>false</offIntensityWasFixed>
    <peakIntensity>1 2 0.2687680425864909 0.2687680425864909</peakIntensity>
    <peakIntensityError>1 2 0.0010694846446109075 0.0010694846446109075</peakIntensityError>
    <peakIntensityWasFixed>false</peakIntensityWasFixed>
    <calDataId>CalData_1</calDataId>
    <calReductionId>CalReduction_1</calReductionId>
  </row>
  <row>
    <antennaName>PM01</antennaName>
    <receiverBand>ALMA_RB_03</receiverBand>
    <startValidTime>4833138011376000000</startValidTime>
    <endValidTime>4833141611376000000</endValidTime>
    <ambientTemperature>269.1029968261719</ambientTemperature>
    <antennaMake>MITSUBISHI_12_B</antennaMake>
    <atmPhaseCorrection>AP_UNCORRECTED</atmPhaseCorrection>
    <direction>1 2 -3.2422153040507893 1.3352402946749504</direction>
    <frequencyRange>1 2 9.00805125E10 1.058773875E11</frequencyRange>
    <pointingModelMode>RADIO</pointingModelMode>
    <pointingMethod>FIVE_POINT</pointingMethod>
    <numReceptor>2</numReceptor>
    <polarizationTypes>1 2 X Y</polarizationTypes>
    <collOffsetRelative>2 2 2 7.6057004139848685E-6 3.357743358062408E-5 7.6057004139848685E-6 3.357743358062408E-5</collOffsetRelative>
    <collOffsetAbsolute>2 2 2 -0.003481356396929321 0.001770984888865976 -0.003481356396929321 0.001770984888865976</collOffsetAbsolute>
    <collError>2 2 2 5.83426460007132E-7 5.695045129448471E-7 5.83426460007132E-7 5.695045129448471E-7</collError>
    <collOffsetTied>2 2 2 false false false false</collOffsetTied>
    <reducedChiSquared>1 2 0.0 0.0</reducedChiSquared>
    <averagedPolarizations>true</averagedPolarizations>
    <beamWidth>2 2 2 2.9167758781557557E-4 2.9167758781557557E-4 2.9167758781557557E-4 2.9167758781557557E-4</beamWidth>
    <beamWidthError>2 2 2 0.0 0.0 0.0 0.0</beamWidthError>
    <beamWidthWasFixed>1 2 true true</beamWidthWasFixed>
    <offIntensity>1 2 0.0 0.0</offIntensity>
    <offIntensityError>1 2 0.0 0.0</offIntensityError>
    <offIntensityWasFixed>false</offIntensityWasFixed>
    <peakIntensity>1 2 0.22822802882933504 0.22822802882933504</peakIntensity>
    <peakIntensityError>1 2 5.758506811479596E-4 5.758506811479596E-4</peakIntensityError>
    <peakIntensityWasFixed>false</peakIntensityWasFixed>
    <calDataId>CalData_1</calDataId>
    <calReductionId>CalReduction_1</calReductionId>
  </row>
  <row>
    <antennaName>PM02</antennaName>
    <receiverBand>ALMA_RB_03</receiverBand>
    <startValidTime>4833138011376000000</startValidTime>
    <endValidTime>4833141611376000000</endValidTime>
    <ambientTemperature>269.1029968261719</ambientTemperature>
    <antennaMake>MITSUBISHI_12_B</antennaMake>
    <atmPhaseCorrection>AP_UNCORRECTED</atmPhaseCorrection>
    <direction>1 2 -3.2421931230971954 1.3352350236864026</direction>
    <frequencyRange>1 2 9.00805125E10 1.058773875E11</frequencyRange>
    <pointingModelMode>RADIO</pointingModelMode>
    <pointingMethod>FIVE_POINT</pointingMethod>
    <numReceptor>2</numReceptor>
    <polarizationTypes>1 2 X Y</polarizationTypes>
    <collOffsetRelative>2 2 2 -6.554787623319215E-7 2.3183306228705274E-5 -6.554787623319215E-7 2.3183306228705274E-5</collOffsetRelative>
    <collOffsetAbsolute>2 2 2 -4.31864216626244E-5 0.0019298549405537145 -4.31864216626244E-5 0.0019298549405537145</collOffsetAbsolute>
    <collError>2 2 2 1.21240404509994E-6 1.1973705156351007E-6 1.21240404509994E-6 1.1973705156351007E-6</collError>
    <collOffsetTied>2 2 2 false false false false</collOffsetTied>
    <reducedChiSquared>1 2 0.0 0.0</reducedChiSquared>
    <averagedPolarizations>true</averagedPolarizations>
    <beamWidth>2 2 2 2.9167758781557557E-4 2.9167758781557557E-4 2.9167758781557557E-4 2.9167758781557557E-4</beamWidth>
    <beamWidthError>2 2 2 0.0 0.0 0.0 0.0</beamWidthError>
    <beamWidthWasFixed>1 2 true true</beamWidthWasFixed>
    <offIntensity>1 2 0.0 0.0</offIntensity>
    <offIntensityError>1 2 0.0 0.0</offIntensityError>
    <offIntensityWasFixed>false</offIntensityWasFixed>
    <peakIntensity>1 2 0.22214398685534628 0.22214398685534628</peakIntensity>
    <peakIntensityError>1 2 0.0011613817350273371 0.0011613817350273371</peakIntensityError>
    <peakIntensityWasFixed>false</peakIntensityWasFixed>
    <calDataId>CalData_1</calDataId>
    <calReductionId>CalReduction_1</calReductionId>
  </row>
  <row>
    <antennaName>PM03</antennaName>
    <receiverBand>ALMA_RB_03</receiverBand>
    <startValidTime>4833138011376000000</startValidTime>
    <endValidTime>4833141611376000000</endValidTime>
    <ambientTemperature>269.1029968261719</ambientTemperature>
    <antennaMake>MITSUBISHI_12_B</antennaMake>
    <atmPhaseCorrection>AP_UNCORRECTED</atmPhaseCorrection>
    <direction>1 2 -3.242235055665591 1.335237479306066</direction>
    <frequencyRange>1 2 9.00805125E10 1.058773875E11</frequencyRange>
    <pointingModelMode>RADIO</pointingModelMode>
    <pointingMethod>FIVE_POINT</pointingMethod>
    <numReceptor>2</numReceptor>
    <polarizationTypes>1 2 X Y</polarizationTypes>
    <collOffsetRelative>2 2 2 1.0430725632528826E-5 2.970619700093508E-5 1.0430725632528826E-5 2.970619700093508E-5</collOffsetRelative>
    <collOffsetAbsolute>2 2 2 0.0014281449521143716 0.0017785387961673246 0.0014281449521143716 0.0017785387961673246</collOffsetAbsolute>
    <collError>2 2 2 1.1307154877588685E-6 1.11089036109072E-6 1.1307154877588685E-6 1.11089036109072E-6</collError>
    <collOffsetTied>2 2 2 false false false false</collOffsetTied>
    <reducedChiSquared>1 2 0.0 0.0</reducedChiSquared>
    <averagedPolarizations>true</averagedPolarizations>
    <beamWidth>2 2 2 2.9167758781557557E-4 2.9167758781557557E-4 2.9167758781557557E-4 2.9167758781557557E-4</beamWidth>
    <beamWidthError>2 2 2 0.0 0.0 0.0 0.0</beamWidthError>
    <beamWidthWasFixed>1 2 true true</beamWidthWasFixed>
    <offIntensity>1 2 0.0 0.0</offIntensity>
    <offIntensityError>1 2 0.0 0.0</offIntensityError>
    <offIntensityWasFixed>false</offIntensityWasFixed>
    <peakIntensity>1 2 0.2505543360700649 0.2505543360700649</peakIntensity>
    <peakIntensityError>1 2 0.0012267466720057177 0.0012267466720057177</peakIntensityError>
    <peakIntensityWasFixed>false</peakIntensityWasFixed>
    <calDataId>CalData_1</calDataId>
    <calReductionId>CalReduction_1</calReductionId>
  </row>
</CalPointingTable>

