<?xml version="1.0" encoding="UTF-8"?>
<ExecBlockTable xmlns:xsi="http://www.w3.org/2001/XMLSchema-instance" xmlns:excblk="http://Alma/XASDM/ExecBlockTable" schemaVersion="3" schemaRevision="1.55.6.5">
  <Entity entityId="uid://A002/X36db9a/X1" entityIdEncrypted="na" entityTypeName="ExecBlockTable" schemaVersion="1" documentVersion="1" />
  <ContainerEntity entityId="uid://A002/X36d011/X4d5" entityIdEncrypted="na" entityTypeName="ASDM" schemaVersion="1" documentVersion="1" />
  <row>
    <execBlockId>ExecBlock_0</execBlockId>
    <startTime>4833137896965000000</startTime>
    <endTime>4833142257414000000</endTime>
    <execBlockNum>999</execBlockNum>
    <execBlockUID>
      <EntityRef entityId="uid://A002/X36d011/X4d5" partId="X00000000" entityTypeName="ASDM" documentVersion="1" />
    </execBlockUID>
    <projectUID>
      <EntityRef entityId="uid://A001/X3b/X6a2" partId="X00000000" entityTypeName="ObsProject" documentVersion="1" />
    </projectUID>
    <configName>A</configName>
    <telescopeName>ALMA</telescopeName>
    <observerName>Unknown</observerName>
    <numObservingLog>0</numObservingLog>
    <observingLog>1 0</observingLog>
    <sessionReference>
      <EntityRef entityId="uid://A002/X303d22/X7b" partId="X00000002" entityTypeName="OUSStatus" documentVersion="1.0" />
    </sessionReference>
    <baseRangeMin>0.0</baseRangeMin>
    <baseRangeMax>0.0</baseRangeMax>
    <baseRmsMinor>0.0</baseRmsMinor>
    <baseRmsMajor>0.0</baseRmsMajor>
    <basePa>0.0</basePa>
    <aborted>false</aborted>
    <numAntenna>18</numAntenna>
    <siteAltitude>0.0</siteAltitude>
    <siteLongitude>0.0</siteLongitude>
    <siteLatitude>0.0</siteLatitude>
    <antennaId>1 18 Antenna_0 Antenna_1 Antenna_2 Antenna_3 Antenna_4 Antenna_5 Antenna_6 Antenna_7 Antenna_8 Antenna_9 Antenna_10 Antenna_11 Antenna_12 Antenna_13 Antenna_14 Antenna_15 Antenna_16 Antenna_17</antennaId>
    <sBSummaryId>SBSummary_0</sBSummaryId>
  </row>
</ExecBlockTable>

