<?xml version="1.0" encoding="UTF-8"?>
<PolarizationTable xmlns:xsi="http://www.w3.org/2001/XMLSchema-instance" xmlns:plrztn="http://Alma/XASDM/PolarizationTable" schemaVersion="3" schemaRevision="1.55.6.5">
  <Entity entityId="uid://A002/X36dba2/X1" entityIdEncrypted="na" entityTypeName="PolarizationTable" schemaVersion="1" documentVersion="1" />
  <ContainerEntity entityId="uid://A002/X36d011/X4d5" entityIdEncrypted="na" entityTypeName="ASDM" schemaVersion="1" documentVersion="1" />
  <row>
    <polarizationId>Polarization_0</polarizationId>
    <numCorr>2</numCorr>
    <corrType>1 2 XX YY</corrType>
    <corrProduct>2 2 2 X X Y Y</corrProduct>
  </row>
  <row>
    <polarizationId>Polarization_1</polarizationId>
    <numCorr>1</numCorr>
    <corrType>1 1 I</corrType>
    <corrProduct>2 1 2 X X</corrProduct>
  </row>
</PolarizationTable>

