<?xml version="1.0" encoding="UTF-8"?>
<ScanTable xmlns:xsi="http://www.w3.org/2001/XMLSchema-instance" xmlns:scn="http://Alma/XASDM/ScanTable" schemaVersion="3" schemaRevision="1.55.6.5">
  <Entity entityId="uid://A002/X36dba6/X1" entityIdEncrypted="na" entityTypeName="ScanTable" schemaVersion="1" documentVersion="1" />
  <ContainerEntity entityId="uid://A002/X36d011/X4d5" entityIdEncrypted="na" entityTypeName="ASDM" schemaVersion="1" documentVersion="1" />
  <row>
    <scanNumber>1</scanNumber>
    <startTime>4833137975793000000</startTime>
    <endTime>4833138069467000000</endTime>
    <numIntent>2</numIntent>
    <numSubscan>5</numSubscan>
    <scanIntent>1 2 CALIBRATE_POINTING CALIBRATE_WVR</scanIntent>
    <calDataType>1 2 CHANNEL_AVERAGE_CROSS WVR</calDataType>
    <calibrationOnLine>1 2 true true</calibrationOnLine>
    <calibrationFunction>1 2 UNSPECIFIED UNSPECIFIED</calibrationFunction>
    <calibrationSet>1 2 NONE NONE</calibrationSet>
    <calPattern>1 2 FIVE_POINTS NONE</calPattern>
    <numField>1</numField>
    <fieldName>1 1 "J0522-364"</fieldName>
    <sourceName>J0522-364</sourceName>
    <execBlockId>ExecBlock_0</execBlockId>
  </row>
  <row>
    <scanNumber>2</scanNumber>
    <startTime>4833138110384000000</startTime>
    <endTime>4833138213060000000</endTime>
    <numIntent>2</numIntent>
    <numSubscan>2</numSubscan>
    <scanIntent>1 2 CALIBRATE_SIDEBAND_RATIO CALIBRATE_WVR</scanIntent>
    <calDataType>1 2 CHANNEL_AVERAGE_CROSS WVR</calDataType>
    <calibrationOnLine>1 2 true true</calibrationOnLine>
    <calibrationFunction>1 2 UNSPECIFIED UNSPECIFIED</calibrationFunction>
    <calibrationSet>1 2 NONE NONE</calibrationSet>
    <calPattern>1 2 NONE NONE</calPattern>
    <numField>1</numField>
    <fieldName>1 1 "J0522-364"</fieldName>
    <sourceName>J0522-364</sourceName>
    <execBlockId>ExecBlock_0</execBlockId>
  </row>
  <row>
    <scanNumber>3</scanNumber>
    <startTime>4833138243806000000</startTime>
    <endTime>4833138309890000000</endTime>
    <numIntent>2</numIntent>
    <numSubscan>3</numSubscan>
    <scanIntent>1 2 CALIBRATE_ATMOSPHERE CALIBRATE_WVR</scanIntent>
    <calDataType>1 2 FULL_RESOLUTION_AUTO WVR</calDataType>
    <calibrationOnLine>1 2 true true</calibrationOnLine>
    <calibrationFunction>1 2 UNSPECIFIED UNSPECIFIED</calibrationFunction>
    <calibrationSet>1 2 NONE NONE</calibrationSet>
    <calPattern>1 2 NONE NONE</calPattern>
    <numField>1</numField>
    <fieldName>1 1 "J0522-364"</fieldName>
    <sourceName>J0522-364</sourceName>
    <execBlockId>ExecBlock_0</execBlockId>
  </row>
  <row>
    <scanNumber>4</scanNumber>
    <startTime>4833138346830000000</startTime>
    <endTime>4833138568539000000</endTime>
    <numIntent>3</numIntent>
    <numSubscan>6</numSubscan>
    <scanIntent>1 3 CALIBRATE_BANDPASS CALIBRATE_PHASE CALIBRATE_WVR</scanIntent>
    <calDataType>1 3 FULL_RESOLUTION_CROSS CHANNEL_AVERAGE_CROSS WVR</calDataType>
    <calibrationOnLine>1 3 true true true</calibrationOnLine>
    <calibrationFunction>1 3 UNSPECIFIED UNSPECIFIED UNSPECIFIED</calibrationFunction>
    <calibrationSet>1 3 NONE NONE NONE</calibrationSet>
    <calPattern>1 3 NONE NONE NONE</calPattern>
    <numField>1</numField>
    <fieldName>1 1 "J0522-364"</fieldName>
    <sourceName>J0522-364</sourceName>
    <execBlockId>ExecBlock_0</execBlockId>
  </row>
  <row>
    <scanNumber>5</scanNumber>
    <startTime>4833138612705000000</startTime>
    <endTime>4833138706463000000</endTime>
    <numIntent>2</numIntent>
    <numSubscan>5</numSubscan>
    <scanIntent>1 2 CALIBRATE_POINTING CALIBRATE_WVR</scanIntent>
    <calDataType>1 2 CHANNEL_AVERAGE_CROSS WVR</calDataType>
    <calibrationOnLine>1 2 true true</calibrationOnLine>
    <calibrationFunction>1 2 UNSPECIFIED UNSPECIFIED</calibrationFunction>
    <calibrationSet>1 2 NONE NONE</calibrationSet>
    <calPattern>1 2 FIVE_POINTS NONE</calPattern>
    <numField>1</numField>
    <fieldName>1 1 "J0238+166"</fieldName>
    <sourceName>J0238+166</sourceName>
    <execBlockId>ExecBlock_0</execBlockId>
  </row>
  <row>
    <scanNumber>6</scanNumber>
    <startTime>4833138770045000000</startTime>
    <endTime>4833138824939000000</endTime>
    <numIntent>2</numIntent>
    <numSubscan>3</numSubscan>
    <scanIntent>1 2 CALIBRATE_ATMOSPHERE CALIBRATE_WVR</scanIntent>
    <calDataType>1 2 FULL_RESOLUTION_AUTO WVR</calDataType>
    <calibrationOnLine>1 2 true true</calibrationOnLine>
    <calibrationFunction>1 2 UNSPECIFIED UNSPECIFIED</calibrationFunction>
    <calibrationSet>1 2 NONE NONE</calibrationSet>
    <calPattern>1 2 NONE NONE</calPattern>
    <numField>1</numField>
    <fieldName>1 1 "Callisto"</fieldName>
    <sourceName>Callisto</sourceName>
    <execBlockId>ExecBlock_0</execBlockId>
  </row>
  <row>
    <scanNumber>7</scanNumber>
    <startTime>4833138854933000000</startTime>
    <endTime>4833139004907000000</endTime>
    <numIntent>3</numIntent>
    <numSubscan>4</numSubscan>
    <scanIntent>1 3 CALIBRATE_AMPLI CALIBRATE_PHASE CALIBRATE_WVR</scanIntent>
    <calDataType>1 3 CHANNEL_AVERAGE_CROSS CHANNEL_AVERAGE_CROSS WVR</calDataType>
    <calibrationOnLine>1 3 true true true</calibrationOnLine>
    <calibrationFunction>1 3 UNSPECIFIED UNSPECIFIED UNSPECIFIED</calibrationFunction>
    <calibrationSet>1 3 NONE NONE NONE</calibrationSet>
    <calPattern>1 3 NONE NONE NONE</calPattern>
    <numField>1</numField>
    <fieldName>1 1 "Callisto"</fieldName>
    <sourceName>Callisto</sourceName>
    <execBlockId>ExecBlock_0</execBlockId>
  </row>
  <row>
    <scanNumber>8</scanNumber>
    <startTime>4833139041201000000</startTime>
    <endTime>4833139134877000000</endTime>
    <numIntent>2</numIntent>
    <numSubscan>5</numSubscan>
    <scanIntent>1 2 CALIBRATE_POINTING CALIBRATE_WVR</scanIntent>
    <calDataType>1 2 CHANNEL_AVERAGE_CROSS WVR</calDataType>
    <calibrationOnLine>1 2 true true</calibrationOnLine>
    <calibrationFunction>1 2 UNSPECIFIED UNSPECIFIED</calibrationFunction>
    <calibrationSet>1 2 NONE NONE</calibrationSet>
    <calPattern>1 2 FIVE_POINTS NONE</calPattern>
    <numField>1</numField>
    <fieldName>1 1 "J0403-360"</fieldName>
    <sourceName>J0403-360</sourceName>
    <execBlockId>ExecBlock_0</execBlockId>
  </row>
  <row>
    <scanNumber>9</scanNumber>
    <startTime>4833139199178000000</startTime>
    <endTime>4833139254625000000</endTime>
    <numIntent>2</numIntent>
    <numSubscan>3</numSubscan>
    <scanIntent>1 2 CALIBRATE_ATMOSPHERE CALIBRATE_WVR</scanIntent>
    <calDataType>1 2 FULL_RESOLUTION_AUTO WVR</calDataType>
    <calibrationOnLine>1 2 true true</calibrationOnLine>
    <calibrationFunction>1 2 UNSPECIFIED UNSPECIFIED</calibrationFunction>
    <calibrationSet>1 2 NONE NONE</calibrationSet>
    <calPattern>1 2 NONE NONE</calPattern>
    <numField>1</numField>
    <fieldName>1 1 "J0403-360"</fieldName>
    <sourceName>J0403-360</sourceName>
    <execBlockId>ExecBlock_0</execBlockId>
  </row>
  <row>
    <scanNumber>10</scanNumber>
    <startTime>4833139284775000000</startTime>
    <endTime>4833139328360000000</endTime>
    <numIntent>2</numIntent>
    <numSubscan>1</numSubscan>
    <scanIntent>1 2 CALIBRATE_PHASE CALIBRATE_WVR</scanIntent>
    <calDataType>1 2 CHANNEL_AVERAGE_CROSS WVR</calDataType>
    <calibrationOnLine>1 2 true true</calibrationOnLine>
    <calibrationFunction>1 2 FIRST UNSPECIFIED</calibrationFunction>
    <calibrationSet>1 2 PHASE_CURVE NONE</calibrationSet>
    <calPattern>1 2 NONE NONE</calPattern>
    <numField>1</numField>
    <fieldName>1 1 "J0403-360"</fieldName>
    <sourceName>J0403-360</sourceName>
    <execBlockId>ExecBlock_0</execBlockId>
  </row>
  <row>
    <scanNumber>11</scanNumber>
    <startTime>4833139346056000000</startTime>
    <endTime>4833139401587000000</endTime>
    <numIntent>2</numIntent>
    <numSubscan>3</numSubscan>
    <scanIntent>1 2 CALIBRATE_ATMOSPHERE CALIBRATE_WVR</scanIntent>
    <calDataType>1 2 FULL_RESOLUTION_AUTO WVR</calDataType>
    <calibrationOnLine>1 2 true true</calibrationOnLine>
    <calibrationFunction>1 2 UNSPECIFIED UNSPECIFIED</calibrationFunction>
    <calibrationSet>1 2 NONE NONE</calibrationSet>
    <calPattern>1 2 NONE NONE</calPattern>
    <numField>1</numField>
    <fieldName>1 1 "LESS J0332-2756"</fieldName>
    <sourceName>LESS J0332-2756</sourceName>
    <execBlockId>ExecBlock_0</execBlockId>
  </row>
  <row>
    <scanNumber>12</scanNumber>
    <startTime>4833139431773000000</startTime>
    <endTime>4833139867066000000</endTime>
    <numIntent>2</numIntent>
    <numSubscan>12</numSubscan>
    <scanIntent>1 2 OBSERVE_TARGET CALIBRATE_WVR</scanIntent>
    <calDataType>1 2 NONE WVR</calDataType>
    <calibrationOnLine>1 2 false true</calibrationOnLine>
    <calibrationFunction>1 2 UNSPECIFIED UNSPECIFIED</calibrationFunction>
    <calibrationSet>1 2 NONE UNSPECIFIED</calibrationSet>
    <calPattern>1 2 NONE UNSPECIFIED</calPattern>
    <numField>1</numField>
    <fieldName>1 1 "LESS J0332-2756"</fieldName>
    <sourceName>LESS J0332-2756</sourceName>
    <execBlockId>ExecBlock_0</execBlockId>
  </row>
  <row>
    <scanNumber>13</scanNumber>
    <startTime>4833139884112000000</startTime>
    <endTime>4833139935208000000</endTime>
    <numIntent>2</numIntent>
    <numSubscan>3</numSubscan>
    <scanIntent>1 2 CALIBRATE_ATMOSPHERE CALIBRATE_WVR</scanIntent>
    <calDataType>1 2 FULL_RESOLUTION_AUTO WVR</calDataType>
    <calibrationOnLine>1 2 true true</calibrationOnLine>
    <calibrationFunction>1 2 UNSPECIFIED UNSPECIFIED</calibrationFunction>
    <calibrationSet>1 2 NONE NONE</calibrationSet>
    <calPattern>1 2 NONE NONE</calPattern>
    <numField>1</numField>
    <fieldName>1 1 "J0403-360"</fieldName>
    <sourceName>J0403-360</sourceName>
    <execBlockId>ExecBlock_0</execBlockId>
  </row>
  <row>
    <scanNumber>14</scanNumber>
    <startTime>4833139958401000000</startTime>
    <endTime>4833140001919000000</endTime>
    <numIntent>2</numIntent>
    <numSubscan>1</numSubscan>
    <scanIntent>1 2 CALIBRATE_PHASE CALIBRATE_WVR</scanIntent>
    <calDataType>1 2 CHANNEL_AVERAGE_CROSS WVR</calDataType>
    <calibrationOnLine>1 2 true true</calibrationOnLine>
    <calibrationFunction>1 2 UNSPECIFIED UNSPECIFIED</calibrationFunction>
    <calibrationSet>1 2 PHASE_CURVE NONE</calibrationSet>
    <calPattern>1 2 NONE NONE</calPattern>
    <numField>1</numField>
    <fieldName>1 1 "J0403-360"</fieldName>
    <sourceName>J0403-360</sourceName>
    <execBlockId>ExecBlock_0</execBlockId>
  </row>
  <row>
    <scanNumber>15</scanNumber>
    <startTime>4833140020104000000</startTime>
    <endTime>4833140071149000000</endTime>
    <numIntent>2</numIntent>
    <numSubscan>3</numSubscan>
    <scanIntent>1 2 CALIBRATE_ATMOSPHERE CALIBRATE_WVR</scanIntent>
    <calDataType>1 2 FULL_RESOLUTION_AUTO WVR</calDataType>
    <calibrationOnLine>1 2 true true</calibrationOnLine>
    <calibrationFunction>1 2 UNSPECIFIED UNSPECIFIED</calibrationFunction>
    <calibrationSet>1 2 NONE NONE</calibrationSet>
    <calPattern>1 2 NONE NONE</calPattern>
    <numField>1</numField>
    <fieldName>1 1 "LESS J0332-2756"</fieldName>
    <sourceName>LESS J0332-2756</sourceName>
    <execBlockId>ExecBlock_0</execBlockId>
  </row>
  <row>
    <scanNumber>16</scanNumber>
    <startTime>4833140094504000000</startTime>
    <endTime>4833140530188000000</endTime>
    <numIntent>2</numIntent>
    <numSubscan>12</numSubscan>
    <scanIntent>1 2 OBSERVE_TARGET CALIBRATE_WVR</scanIntent>
    <calDataType>1 2 NONE WVR</calDataType>
    <calibrationOnLine>1 2 false true</calibrationOnLine>
    <calibrationFunction>1 2 UNSPECIFIED UNSPECIFIED</calibrationFunction>
    <calibrationSet>1 2 NONE UNSPECIFIED</calibrationSet>
    <calPattern>1 2 NONE UNSPECIFIED</calPattern>
    <numField>1</numField>
    <fieldName>1 1 "LESS J0332-2756"</fieldName>
    <sourceName>LESS J0332-2756</sourceName>
    <execBlockId>ExecBlock_0</execBlockId>
  </row>
  <row>
    <scanNumber>17</scanNumber>
    <startTime>4833140548321000000</startTime>
    <endTime>4833140598911000000</endTime>
    <numIntent>2</numIntent>
    <numSubscan>3</numSubscan>
    <scanIntent>1 2 CALIBRATE_ATMOSPHERE CALIBRATE_WVR</scanIntent>
    <calDataType>1 2 FULL_RESOLUTION_AUTO WVR</calDataType>
    <calibrationOnLine>1 2 true true</calibrationOnLine>
    <calibrationFunction>1 2 UNSPECIFIED UNSPECIFIED</calibrationFunction>
    <calibrationSet>1 2 NONE NONE</calibrationSet>
    <calPattern>1 2 NONE NONE</calPattern>
    <numField>1</numField>
    <fieldName>1 1 "J0403-360"</fieldName>
    <sourceName>J0403-360</sourceName>
    <execBlockId>ExecBlock_0</execBlockId>
  </row>
  <row>
    <scanNumber>18</scanNumber>
    <startTime>4833140622223000000</startTime>
    <endTime>4833140665711000000</endTime>
    <numIntent>2</numIntent>
    <numSubscan>1</numSubscan>
    <scanIntent>1 2 CALIBRATE_PHASE CALIBRATE_WVR</scanIntent>
    <calDataType>1 2 CHANNEL_AVERAGE_CROSS WVR</calDataType>
    <calibrationOnLine>1 2 true true</calibrationOnLine>
    <calibrationFunction>1 2 LAST UNSPECIFIED</calibrationFunction>
    <calibrationSet>1 2 PHASE_CURVE NONE</calibrationSet>
    <calPattern>1 2 NONE NONE</calPattern>
    <numField>1</numField>
    <fieldName>1 1 "J0403-360"</fieldName>
    <sourceName>J0403-360</sourceName>
    <execBlockId>ExecBlock_0</execBlockId>
  </row>
  <row>
    <scanNumber>19</scanNumber>
    <startTime>4833140683833000000</startTime>
    <endTime>4833140734192000000</endTime>
    <numIntent>2</numIntent>
    <numSubscan>3</numSubscan>
    <scanIntent>1 2 CALIBRATE_ATMOSPHERE CALIBRATE_WVR</scanIntent>
    <calDataType>1 2 FULL_RESOLUTION_AUTO WVR</calDataType>
    <calibrationOnLine>1 2 true true</calibrationOnLine>
    <calibrationFunction>1 2 UNSPECIFIED UNSPECIFIED</calibrationFunction>
    <calibrationSet>1 2 NONE NONE</calibrationSet>
    <calPattern>1 2 NONE NONE</calPattern>
    <numField>1</numField>
    <fieldName>1 1 "LESS J0332-2756"</fieldName>
    <sourceName>LESS J0332-2756</sourceName>
    <execBlockId>ExecBlock_0</execBlockId>
  </row>
  <row>
    <scanNumber>20</scanNumber>
    <startTime>4833140757095000000</startTime>
    <endTime>4833141192404000000</endTime>
    <numIntent>2</numIntent>
    <numSubscan>12</numSubscan>
    <scanIntent>1 2 OBSERVE_TARGET CALIBRATE_WVR</scanIntent>
    <calDataType>1 2 NONE WVR</calDataType>
    <calibrationOnLine>1 2 false true</calibrationOnLine>
    <calibrationFunction>1 2 UNSPECIFIED UNSPECIFIED</calibrationFunction>
    <calibrationSet>1 2 NONE UNSPECIFIED</calibrationSet>
    <calPattern>1 2 NONE UNSPECIFIED</calPattern>
    <numField>1</numField>
    <fieldName>1 1 "LESS J0332-2756"</fieldName>
    <sourceName>LESS J0332-2756</sourceName>
    <execBlockId>ExecBlock_0</execBlockId>
  </row>
  <row>
    <scanNumber>21</scanNumber>
    <startTime>4833141209335000000</startTime>
    <endTime>4833141265358000000</endTime>
    <numIntent>2</numIntent>
    <numSubscan>3</numSubscan>
    <scanIntent>1 2 CALIBRATE_ATMOSPHERE CALIBRATE_WVR</scanIntent>
    <calDataType>1 2 FULL_RESOLUTION_AUTO WVR</calDataType>
    <calibrationOnLine>1 2 true true</calibrationOnLine>
    <calibrationFunction>1 2 UNSPECIFIED UNSPECIFIED</calibrationFunction>
    <calibrationSet>1 2 NONE NONE</calibrationSet>
    <calPattern>1 2 NONE NONE</calPattern>
    <numField>1</numField>
    <fieldName>1 1 "J0403-360"</fieldName>
    <sourceName>J0403-360</sourceName>
    <execBlockId>ExecBlock_0</execBlockId>
  </row>
  <row>
    <scanNumber>22</scanNumber>
    <startTime>4833141295734000000</startTime>
    <endTime>4833141339198000000</endTime>
    <numIntent>2</numIntent>
    <numSubscan>1</numSubscan>
    <scanIntent>1 2 CALIBRATE_PHASE CALIBRATE_WVR</scanIntent>
    <calDataType>1 2 CHANNEL_AVERAGE_CROSS WVR</calDataType>
    <calibrationOnLine>1 2 true true</calibrationOnLine>
    <calibrationFunction>1 2 LAST UNSPECIFIED</calibrationFunction>
    <calibrationSet>1 2 PHASE_CURVE NONE</calibrationSet>
    <calPattern>1 2 NONE NONE</calPattern>
    <numField>1</numField>
    <fieldName>1 1 "J0403-360"</fieldName>
    <sourceName>J0403-360</sourceName>
    <execBlockId>ExecBlock_0</execBlockId>
  </row>
  <row>
    <scanNumber>23</scanNumber>
    <startTime>4833141357422000000</startTime>
    <endTime>4833141413053000000</endTime>
    <numIntent>2</numIntent>
    <numSubscan>3</numSubscan>
    <scanIntent>1 2 CALIBRATE_ATMOSPHERE CALIBRATE_WVR</scanIntent>
    <calDataType>1 2 FULL_RESOLUTION_AUTO WVR</calDataType>
    <calibrationOnLine>1 2 true true</calibrationOnLine>
    <calibrationFunction>1 2 UNSPECIFIED UNSPECIFIED</calibrationFunction>
    <calibrationSet>1 2 NONE NONE</calibrationSet>
    <calPattern>1 2 NONE NONE</calPattern>
    <numField>1</numField>
    <fieldName>1 1 "LESS J0332-2756"</fieldName>
    <sourceName>LESS J0332-2756</sourceName>
    <execBlockId>ExecBlock_0</execBlockId>
  </row>
  <row>
    <scanNumber>24</scanNumber>
    <startTime>4833141443165000000</startTime>
    <endTime>4833141878634000000</endTime>
    <numIntent>2</numIntent>
    <numSubscan>12</numSubscan>
    <scanIntent>1 2 OBSERVE_TARGET CALIBRATE_WVR</scanIntent>
    <calDataType>1 2 NONE WVR</calDataType>
    <calibrationOnLine>1 2 false true</calibrationOnLine>
    <calibrationFunction>1 2 UNSPECIFIED UNSPECIFIED</calibrationFunction>
    <calibrationSet>1 2 NONE UNSPECIFIED</calibrationSet>
    <calPattern>1 2 NONE UNSPECIFIED</calPattern>
    <numField>1</numField>
    <fieldName>1 1 "LESS J0332-2756"</fieldName>
    <sourceName>LESS J0332-2756</sourceName>
    <execBlockId>ExecBlock_0</execBlockId>
  </row>
  <row>
    <scanNumber>25</scanNumber>
    <startTime>4833141896312000000</startTime>
    <endTime>4833141947126000000</endTime>
    <numIntent>2</numIntent>
    <numSubscan>3</numSubscan>
    <scanIntent>1 2 CALIBRATE_ATMOSPHERE CALIBRATE_WVR</scanIntent>
    <calDataType>1 2 FULL_RESOLUTION_AUTO WVR</calDataType>
    <calibrationOnLine>1 2 true true</calibrationOnLine>
    <calibrationFunction>1 2 UNSPECIFIED UNSPECIFIED</calibrationFunction>
    <calibrationSet>1 2 NONE NONE</calibrationSet>
    <calPattern>1 2 NONE NONE</calPattern>
    <numField>1</numField>
    <fieldName>1 1 "J0403-360"</fieldName>
    <sourceName>J0403-360</sourceName>
    <execBlockId>ExecBlock_0</execBlockId>
  </row>
  <row>
    <scanNumber>26</scanNumber>
    <startTime>4833141970421000000</startTime>
    <endTime>4833142013707000000</endTime>
    <numIntent>2</numIntent>
    <numSubscan>1</numSubscan>
    <scanIntent>1 2 CALIBRATE_PHASE CALIBRATE_WVR</scanIntent>
    <calDataType>1 2 CHANNEL_AVERAGE_CROSS WVR</calDataType>
    <calibrationOnLine>1 2 true true</calibrationOnLine>
    <calibrationFunction>1 2 LAST UNSPECIFIED</calibrationFunction>
    <calibrationSet>1 2 PHASE_CURVE NONE</calibrationSet>
    <calPattern>1 2 NONE NONE</calPattern>
    <numField>1</numField>
    <fieldName>1 1 "J0403-360"</fieldName>
    <sourceName>J0403-360</sourceName>
    <execBlockId>ExecBlock_0</execBlockId>
  </row>
  <row>
    <scanNumber>27</scanNumber>
    <startTime>4833142031747000000</startTime>
    <endTime>4833142082405000000</endTime>
    <numIntent>2</numIntent>
    <numSubscan>3</numSubscan>
    <scanIntent>1 2 CALIBRATE_ATMOSPHERE CALIBRATE_WVR</scanIntent>
    <calDataType>1 2 FULL_RESOLUTION_AUTO WVR</calDataType>
    <calibrationOnLine>1 2 true true</calibrationOnLine>
    <calibrationFunction>1 2 UNSPECIFIED UNSPECIFIED</calibrationFunction>
    <calibrationSet>1 2 NONE NONE</calibrationSet>
    <calPattern>1 2 NONE NONE</calPattern>
    <numField>1</numField>
    <fieldName>1 1 "LESS J0332-2756"</fieldName>
    <sourceName>LESS J0332-2756</sourceName>
    <execBlockId>ExecBlock_0</execBlockId>
  </row>
  <row>
    <scanNumber>28</scanNumber>
    <startTime>4833142105284000000</startTime>
    <endTime>4833142184412000000</endTime>
    <numIntent>2</numIntent>
    <numSubscan>2</numSubscan>
    <scanIntent>1 2 OBSERVE_TARGET CALIBRATE_WVR</scanIntent>
    <calDataType>1 2 NONE WVR</calDataType>
    <calibrationOnLine>1 2 false true</calibrationOnLine>
    <calibrationFunction>1 2 UNSPECIFIED UNSPECIFIED</calibrationFunction>
    <calibrationSet>1 2 NONE UNSPECIFIED</calibrationSet>
    <calPattern>1 2 NONE UNSPECIFIED</calPattern>
    <numField>1</numField>
    <fieldName>1 1 "LESS J0332-2756"</fieldName>
    <sourceName>LESS J0332-2756</sourceName>
    <execBlockId>ExecBlock_0</execBlockId>
  </row>
  <row>
    <scanNumber>29</scanNumber>
    <startTime>4833142205156000000</startTime>
    <endTime>4833142248741000000</endTime>
    <numIntent>2</numIntent>
    <numSubscan>1</numSubscan>
    <scanIntent>1 2 CALIBRATE_PHASE CALIBRATE_WVR</scanIntent>
    <calDataType>1 2 CHANNEL_AVERAGE_CROSS WVR</calDataType>
    <calibrationOnLine>1 2 true true</calibrationOnLine>
    <calibrationFunction>1 2 LAST UNSPECIFIED</calibrationFunction>
    <calibrationSet>1 2 PHASE_CURVE NONE</calibrationSet>
    <calPattern>1 2 NONE NONE</calPattern>
    <numField>1</numField>
    <fieldName>1 1 "J0403-360"</fieldName>
    <sourceName>J0403-360</sourceName>
    <execBlockId>ExecBlock_0</execBlockId>
  </row>
</ScanTable>

