<?xml version="1.0" encoding="UTF-8"?>
<SubscanTable xmlns:xsi="http://www.w3.org/2001/XMLSchema-instance" xmlns:sbscn="http://Alma/XASDM/SubscanTable" schemaVersion="3" schemaRevision="1.55.6.5">
  <Entity entityId="uid://A002/X36dbab/X1" entityIdEncrypted="na" entityTypeName="SubscanTable" schemaVersion="1" documentVersion="1" />
  <ContainerEntity entityId="uid://A002/X36d011/X4d5" entityIdEncrypted="na" entityTypeName="ASDM" schemaVersion="1" documentVersion="1" />
  <row>
    <scanNumber>1</scanNumber>
    <subscanNumber>1</subscanNumber>
    <startTime>4833137989008000000</startTime>
    <endTime>4833137999088000000</endTime>
    <fieldName>J0522-364</fieldName>
    <subscanIntent>ON_SOURCE</subscanIntent>
    <subscanMode>NO_SWITCHING</subscanMode>
    <numIntegration>5</numIntegration>
    <numSubintegration>1 5 2 2 2 2 2</numSubintegration>
    <correlatorCalibration>NONE</correlatorCalibration>
    <execBlockId>ExecBlock_0</execBlockId>
  </row>
  <row>
    <scanNumber>1</scanNumber>
    <subscanNumber>2</subscanNumber>
    <startTime>4833138006336000000</startTime>
    <endTime>4833138016416000000</endTime>
    <fieldName>J0522-364</fieldName>
    <subscanIntent>ON_SOURCE</subscanIntent>
    <subscanMode>NO_SWITCHING</subscanMode>
    <numIntegration>5</numIntegration>
    <numSubintegration>1 5 2 2 2 2 2</numSubintegration>
    <correlatorCalibration>NONE</correlatorCalibration>
    <execBlockId>ExecBlock_0</execBlockId>
  </row>
  <row>
    <scanNumber>1</scanNumber>
    <subscanNumber>3</subscanNumber>
    <startTime>4833138023664000000</startTime>
    <endTime>4833138033744000000</endTime>
    <fieldName>J0522-364</fieldName>
    <subscanIntent>ON_SOURCE</subscanIntent>
    <subscanMode>NO_SWITCHING</subscanMode>
    <numIntegration>5</numIntegration>
    <numSubintegration>1 5 2 2 2 2 2</numSubintegration>
    <correlatorCalibration>NONE</correlatorCalibration>
    <execBlockId>ExecBlock_0</execBlockId>
  </row>
  <row>
    <scanNumber>1</scanNumber>
    <subscanNumber>4</subscanNumber>
    <startTime>4833138040992000000</startTime>
    <endTime>4833138051072000000</endTime>
    <fieldName>J0522-364</fieldName>
    <subscanIntent>ON_SOURCE</subscanIntent>
    <subscanMode>NO_SWITCHING</subscanMode>
    <numIntegration>5</numIntegration>
    <numSubintegration>1 5 2 2 2 2 2</numSubintegration>
    <correlatorCalibration>NONE</correlatorCalibration>
    <execBlockId>ExecBlock_0</execBlockId>
  </row>
  <row>
    <scanNumber>1</scanNumber>
    <subscanNumber>5</subscanNumber>
    <startTime>4833138058320000000</startTime>
    <endTime>4833138068400000000</endTime>
    <fieldName>J0522-364</fieldName>
    <subscanIntent>ON_SOURCE</subscanIntent>
    <subscanMode>NO_SWITCHING</subscanMode>
    <numIntegration>5</numIntegration>
    <numSubintegration>1 5 2 2 2 2 2</numSubintegration>
    <correlatorCalibration>NONE</correlatorCalibration>
    <execBlockId>ExecBlock_0</execBlockId>
  </row>
  <row>
    <scanNumber>2</scanNumber>
    <subscanNumber>1</subscanNumber>
    <startTime>4833138127344000000</startTime>
    <endTime>4833138157584000000</endTime>
    <fieldName>J0522-364</fieldName>
    <subscanIntent>ON_SOURCE</subscanIntent>
    <subscanMode>NO_SWITCHING</subscanMode>
    <numIntegration>15</numIntegration>
    <numSubintegration>1 15 2 2 2 2 2 2 2 2 2 2 2 2 2 2 2</numSubintegration>
    <correlatorCalibration>NONE</correlatorCalibration>
    <execBlockId>ExecBlock_0</execBlockId>
  </row>
  <row>
    <scanNumber>2</scanNumber>
    <subscanNumber>2</subscanNumber>
    <startTime>4833138181920000000</startTime>
    <endTime>4833138212160000000</endTime>
    <fieldName>J0522-364</fieldName>
    <subscanIntent>OFF_SOURCE</subscanIntent>
    <subscanMode>NO_SWITCHING</subscanMode>
    <numIntegration>15</numIntegration>
    <numSubintegration>1 15 2 2 2 2 2 2 2 2 2 2 2 2 2 2 2</numSubintegration>
    <correlatorCalibration>NONE</correlatorCalibration>
    <execBlockId>ExecBlock_0</execBlockId>
  </row>
  <row>
    <scanNumber>3</scanNumber>
    <subscanNumber>1</subscanNumber>
    <startTime>4833138273264000000</startTime>
    <endTime>4833138275280000000</endTime>
    <fieldName>J0522-364</fieldName>
    <subscanIntent>ON_SOURCE</subscanIntent>
    <subscanMode>NO_SWITCHING</subscanMode>
    <numIntegration>1</numIntegration>
    <numSubintegration>1 1 2</numSubintegration>
    <correlatorCalibration>NONE</correlatorCalibration>
    <execBlockId>ExecBlock_0</execBlockId>
  </row>
  <row>
    <scanNumber>3</scanNumber>
    <subscanNumber>2</subscanNumber>
    <startTime>4833138291120000000</startTime>
    <endTime>4833138293136000000</endTime>
    <fieldName>J0522-364</fieldName>
    <subscanIntent>ON_SOURCE</subscanIntent>
    <subscanMode>NO_SWITCHING</subscanMode>
    <numIntegration>1</numIntegration>
    <numSubintegration>1 1 2</numSubintegration>
    <correlatorCalibration>NONE</correlatorCalibration>
    <execBlockId>ExecBlock_0</execBlockId>
  </row>
  <row>
    <scanNumber>3</scanNumber>
    <subscanNumber>3</subscanNumber>
    <startTime>4833138307344000000</startTime>
    <endTime>4833138309360000000</endTime>
    <fieldName>J0522-364</fieldName>
    <subscanIntent>OFF_SOURCE</subscanIntent>
    <subscanMode>NO_SWITCHING</subscanMode>
    <numIntegration>1</numIntegration>
    <numSubintegration>1 1 2</numSubintegration>
    <correlatorCalibration>NONE</correlatorCalibration>
    <execBlockId>ExecBlock_0</execBlockId>
  </row>
  <row>
    <scanNumber>4</scanNumber>
    <subscanNumber>1</subscanNumber>
    <startTime>4833138360288000000</startTime>
    <endTime>4833138390528000000</endTime>
    <fieldName>J0522-364</fieldName>
    <subscanIntent>ON_SOURCE</subscanIntent>
    <subscanMode>NO_SWITCHING</subscanMode>
    <numIntegration>5</numIntegration>
    <numSubintegration>1 5 6 6 6 6 6</numSubintegration>
    <correlatorCalibration>NONE</correlatorCalibration>
    <execBlockId>ExecBlock_0</execBlockId>
  </row>
  <row>
    <scanNumber>4</scanNumber>
    <subscanNumber>2</subscanNumber>
    <startTime>4833138395568000000</startTime>
    <endTime>4833138425808000000</endTime>
    <fieldName>J0522-364</fieldName>
    <subscanIntent>ON_SOURCE</subscanIntent>
    <subscanMode>NO_SWITCHING</subscanMode>
    <numIntegration>5</numIntegration>
    <numSubintegration>1 5 6 6 6 6 6</numSubintegration>
    <correlatorCalibration>NONE</correlatorCalibration>
    <execBlockId>ExecBlock_0</execBlockId>
  </row>
  <row>
    <scanNumber>4</scanNumber>
    <subscanNumber>3</subscanNumber>
    <startTime>4833138430848000000</startTime>
    <endTime>4833138461088000000</endTime>
    <fieldName>J0522-364</fieldName>
    <subscanIntent>ON_SOURCE</subscanIntent>
    <subscanMode>NO_SWITCHING</subscanMode>
    <numIntegration>5</numIntegration>
    <numSubintegration>1 5 6 6 6 6 6</numSubintegration>
    <correlatorCalibration>NONE</correlatorCalibration>
    <execBlockId>ExecBlock_0</execBlockId>
  </row>
  <row>
    <scanNumber>4</scanNumber>
    <subscanNumber>4</subscanNumber>
    <startTime>4833138466128000000</startTime>
    <endTime>4833138496368000000</endTime>
    <fieldName>J0522-364</fieldName>
    <subscanIntent>ON_SOURCE</subscanIntent>
    <subscanMode>NO_SWITCHING</subscanMode>
    <numIntegration>5</numIntegration>
    <numSubintegration>1 5 6 6 6 6 6</numSubintegration>
    <correlatorCalibration>NONE</correlatorCalibration>
    <execBlockId>ExecBlock_0</execBlockId>
  </row>
  <row>
    <scanNumber>4</scanNumber>
    <subscanNumber>5</subscanNumber>
    <startTime>4833138501408000000</startTime>
    <endTime>4833138531648000000</endTime>
    <fieldName>J0522-364</fieldName>
    <subscanIntent>ON_SOURCE</subscanIntent>
    <subscanMode>NO_SWITCHING</subscanMode>
    <numIntegration>5</numIntegration>
    <numSubintegration>1 5 6 6 6 6 6</numSubintegration>
    <correlatorCalibration>NONE</correlatorCalibration>
    <execBlockId>ExecBlock_0</execBlockId>
  </row>
  <row>
    <scanNumber>4</scanNumber>
    <subscanNumber>6</subscanNumber>
    <startTime>4833138536688000000</startTime>
    <endTime>4833138566928000000</endTime>
    <fieldName>J0522-364</fieldName>
    <subscanIntent>ON_SOURCE</subscanIntent>
    <subscanMode>NO_SWITCHING</subscanMode>
    <numIntegration>5</numIntegration>
    <numSubintegration>1 5 6 6 6 6 6</numSubintegration>
    <correlatorCalibration>NONE</correlatorCalibration>
    <execBlockId>ExecBlock_0</execBlockId>
  </row>
  <row>
    <scanNumber>5</scanNumber>
    <subscanNumber>1</subscanNumber>
    <startTime>4833138626064000000</startTime>
    <endTime>4833138636144000000</endTime>
    <fieldName>J0238+166</fieldName>
    <subscanIntent>ON_SOURCE</subscanIntent>
    <subscanMode>NO_SWITCHING</subscanMode>
    <numIntegration>5</numIntegration>
    <numSubintegration>1 5 2 2 2 2 2</numSubintegration>
    <correlatorCalibration>NONE</correlatorCalibration>
    <execBlockId>ExecBlock_0</execBlockId>
  </row>
  <row>
    <scanNumber>5</scanNumber>
    <subscanNumber>2</subscanNumber>
    <startTime>4833138643392000000</startTime>
    <endTime>4833138653472000000</endTime>
    <fieldName>J0238+166</fieldName>
    <subscanIntent>ON_SOURCE</subscanIntent>
    <subscanMode>NO_SWITCHING</subscanMode>
    <numIntegration>5</numIntegration>
    <numSubintegration>1 5 2 2 2 2 2</numSubintegration>
    <correlatorCalibration>NONE</correlatorCalibration>
    <execBlockId>ExecBlock_0</execBlockId>
  </row>
  <row>
    <scanNumber>5</scanNumber>
    <subscanNumber>3</subscanNumber>
    <startTime>4833138660720000000</startTime>
    <endTime>4833138670800000000</endTime>
    <fieldName>J0238+166</fieldName>
    <subscanIntent>ON_SOURCE</subscanIntent>
    <subscanMode>NO_SWITCHING</subscanMode>
    <numIntegration>5</numIntegration>
    <numSubintegration>1 5 2 2 2 2 2</numSubintegration>
    <correlatorCalibration>NONE</correlatorCalibration>
    <execBlockId>ExecBlock_0</execBlockId>
  </row>
  <row>
    <scanNumber>5</scanNumber>
    <subscanNumber>4</subscanNumber>
    <startTime>4833138678048000000</startTime>
    <endTime>4833138688128000000</endTime>
    <fieldName>J0238+166</fieldName>
    <subscanIntent>ON_SOURCE</subscanIntent>
    <subscanMode>NO_SWITCHING</subscanMode>
    <numIntegration>5</numIntegration>
    <numSubintegration>1 5 2 2 2 2 2</numSubintegration>
    <correlatorCalibration>NONE</correlatorCalibration>
    <execBlockId>ExecBlock_0</execBlockId>
  </row>
  <row>
    <scanNumber>5</scanNumber>
    <subscanNumber>5</subscanNumber>
    <startTime>4833138695376000000</startTime>
    <endTime>4833138705456000000</endTime>
    <fieldName>J0238+166</fieldName>
    <subscanIntent>ON_SOURCE</subscanIntent>
    <subscanMode>NO_SWITCHING</subscanMode>
    <numIntegration>5</numIntegration>
    <numSubintegration>1 5 2 2 2 2 2</numSubintegration>
    <correlatorCalibration>NONE</correlatorCalibration>
    <execBlockId>ExecBlock_0</execBlockId>
  </row>
  <row>
    <scanNumber>6</scanNumber>
    <subscanNumber>1</subscanNumber>
    <startTime>4833138788976000000</startTime>
    <endTime>4833138790992000000</endTime>
    <fieldName>Callisto</fieldName>
    <subscanIntent>ON_SOURCE</subscanIntent>
    <subscanMode>NO_SWITCHING</subscanMode>
    <numIntegration>1</numIntegration>
    <numSubintegration>1 1 2</numSubintegration>
    <correlatorCalibration>NONE</correlatorCalibration>
    <execBlockId>ExecBlock_0</execBlockId>
  </row>
  <row>
    <scanNumber>6</scanNumber>
    <subscanNumber>2</subscanNumber>
    <startTime>4833138806352000000</startTime>
    <endTime>4833138808368000000</endTime>
    <fieldName>Callisto</fieldName>
    <subscanIntent>ON_SOURCE</subscanIntent>
    <subscanMode>NO_SWITCHING</subscanMode>
    <numIntegration>1</numIntegration>
    <numSubintegration>1 1 2</numSubintegration>
    <correlatorCalibration>NONE</correlatorCalibration>
    <execBlockId>ExecBlock_0</execBlockId>
  </row>
  <row>
    <scanNumber>6</scanNumber>
    <subscanNumber>3</subscanNumber>
    <startTime>4833138822384000000</startTime>
    <endTime>4833138824400000000</endTime>
    <fieldName>Callisto</fieldName>
    <subscanIntent>OFF_SOURCE</subscanIntent>
    <subscanMode>NO_SWITCHING</subscanMode>
    <numIntegration>1</numIntegration>
    <numSubintegration>1 1 2</numSubintegration>
    <correlatorCalibration>NONE</correlatorCalibration>
    <execBlockId>ExecBlock_0</execBlockId>
  </row>
  <row>
    <scanNumber>7</scanNumber>
    <subscanNumber>1</subscanNumber>
    <startTime>4833138867168000000</startTime>
    <endTime>4833138897408000000</endTime>
    <fieldName>Callisto</fieldName>
    <subscanIntent>ON_SOURCE</subscanIntent>
    <subscanMode>NO_SWITCHING</subscanMode>
    <numIntegration>5</numIntegration>
    <numSubintegration>1 5 6 6 6 6 6</numSubintegration>
    <correlatorCalibration>NONE</correlatorCalibration>
    <execBlockId>ExecBlock_0</execBlockId>
  </row>
  <row>
    <scanNumber>7</scanNumber>
    <subscanNumber>2</subscanNumber>
    <startTime>4833138902448000000</startTime>
    <endTime>4833138932688000000</endTime>
    <fieldName>Callisto</fieldName>
    <subscanIntent>ON_SOURCE</subscanIntent>
    <subscanMode>NO_SWITCHING</subscanMode>
    <numIntegration>5</numIntegration>
    <numSubintegration>1 5 6 6 6 6 6</numSubintegration>
    <correlatorCalibration>NONE</correlatorCalibration>
    <execBlockId>ExecBlock_0</execBlockId>
  </row>
  <row>
    <scanNumber>7</scanNumber>
    <subscanNumber>3</subscanNumber>
    <startTime>4833138937728000000</startTime>
    <endTime>4833138967968000000</endTime>
    <fieldName>Callisto</fieldName>
    <subscanIntent>ON_SOURCE</subscanIntent>
    <subscanMode>NO_SWITCHING</subscanMode>
    <numIntegration>5</numIntegration>
    <numSubintegration>1 5 6 6 6 6 6</numSubintegration>
    <correlatorCalibration>NONE</correlatorCalibration>
    <execBlockId>ExecBlock_0</execBlockId>
  </row>
  <row>
    <scanNumber>7</scanNumber>
    <subscanNumber>4</subscanNumber>
    <startTime>4833138973008000000</startTime>
    <endTime>4833139003248000000</endTime>
    <fieldName>Callisto</fieldName>
    <subscanIntent>ON_SOURCE</subscanIntent>
    <subscanMode>NO_SWITCHING</subscanMode>
    <numIntegration>5</numIntegration>
    <numSubintegration>1 5 6 6 6 6 6</numSubintegration>
    <correlatorCalibration>NONE</correlatorCalibration>
    <execBlockId>ExecBlock_0</execBlockId>
  </row>
  <row>
    <scanNumber>8</scanNumber>
    <subscanNumber>1</subscanNumber>
    <startTime>4833139054464000000</startTime>
    <endTime>4833139064544000000</endTime>
    <fieldName>J0403-360</fieldName>
    <subscanIntent>ON_SOURCE</subscanIntent>
    <subscanMode>NO_SWITCHING</subscanMode>
    <numIntegration>5</numIntegration>
    <numSubintegration>1 5 2 2 2 2 2</numSubintegration>
    <correlatorCalibration>NONE</correlatorCalibration>
    <execBlockId>ExecBlock_0</execBlockId>
  </row>
  <row>
    <scanNumber>8</scanNumber>
    <subscanNumber>2</subscanNumber>
    <startTime>4833139071792000000</startTime>
    <endTime>4833139081872000000</endTime>
    <fieldName>J0403-360</fieldName>
    <subscanIntent>ON_SOURCE</subscanIntent>
    <subscanMode>NO_SWITCHING</subscanMode>
    <numIntegration>5</numIntegration>
    <numSubintegration>1 5 2 2 2 2 2</numSubintegration>
    <correlatorCalibration>NONE</correlatorCalibration>
    <execBlockId>ExecBlock_0</execBlockId>
  </row>
  <row>
    <scanNumber>8</scanNumber>
    <subscanNumber>3</subscanNumber>
    <startTime>4833139089120000000</startTime>
    <endTime>4833139099200000000</endTime>
    <fieldName>J0403-360</fieldName>
    <subscanIntent>ON_SOURCE</subscanIntent>
    <subscanMode>NO_SWITCHING</subscanMode>
    <numIntegration>5</numIntegration>
    <numSubintegration>1 5 2 2 2 2 2</numSubintegration>
    <correlatorCalibration>NONE</correlatorCalibration>
    <execBlockId>ExecBlock_0</execBlockId>
  </row>
  <row>
    <scanNumber>8</scanNumber>
    <subscanNumber>4</subscanNumber>
    <startTime>4833139106448000000</startTime>
    <endTime>4833139116528000000</endTime>
    <fieldName>J0403-360</fieldName>
    <subscanIntent>ON_SOURCE</subscanIntent>
    <subscanMode>NO_SWITCHING</subscanMode>
    <numIntegration>5</numIntegration>
    <numSubintegration>1 5 2 2 2 2 2</numSubintegration>
    <correlatorCalibration>NONE</correlatorCalibration>
    <execBlockId>ExecBlock_0</execBlockId>
  </row>
  <row>
    <scanNumber>8</scanNumber>
    <subscanNumber>5</subscanNumber>
    <startTime>4833139123776000000</startTime>
    <endTime>4833139133856000000</endTime>
    <fieldName>J0403-360</fieldName>
    <subscanIntent>ON_SOURCE</subscanIntent>
    <subscanMode>NO_SWITCHING</subscanMode>
    <numIntegration>5</numIntegration>
    <numSubintegration>1 5 2 2 2 2 2</numSubintegration>
    <correlatorCalibration>NONE</correlatorCalibration>
    <execBlockId>ExecBlock_0</execBlockId>
  </row>
  <row>
    <scanNumber>9</scanNumber>
    <subscanNumber>1</subscanNumber>
    <startTime>4833139218384000000</startTime>
    <endTime>4833139220400000000</endTime>
    <fieldName>J0403-360</fieldName>
    <subscanIntent>ON_SOURCE</subscanIntent>
    <subscanMode>NO_SWITCHING</subscanMode>
    <numIntegration>1</numIntegration>
    <numSubintegration>1 1 2</numSubintegration>
    <correlatorCalibration>NONE</correlatorCalibration>
    <execBlockId>ExecBlock_0</execBlockId>
  </row>
  <row>
    <scanNumber>9</scanNumber>
    <subscanNumber>2</subscanNumber>
    <startTime>4833139235808000000</startTime>
    <endTime>4833139237824000000</endTime>
    <fieldName>J0403-360</fieldName>
    <subscanIntent>ON_SOURCE</subscanIntent>
    <subscanMode>NO_SWITCHING</subscanMode>
    <numIntegration>1</numIntegration>
    <numSubintegration>1 1 2</numSubintegration>
    <correlatorCalibration>NONE</correlatorCalibration>
    <execBlockId>ExecBlock_0</execBlockId>
  </row>
  <row>
    <scanNumber>9</scanNumber>
    <subscanNumber>3</subscanNumber>
    <startTime>4833139252032000000</startTime>
    <endTime>4833139254048000000</endTime>
    <fieldName>J0403-360</fieldName>
    <subscanIntent>OFF_SOURCE</subscanIntent>
    <subscanMode>NO_SWITCHING</subscanMode>
    <numIntegration>1</numIntegration>
    <numSubintegration>1 1 2</numSubintegration>
    <correlatorCalibration>NONE</correlatorCalibration>
    <execBlockId>ExecBlock_0</execBlockId>
  </row>
  <row>
    <scanNumber>10</scanNumber>
    <subscanNumber>1</subscanNumber>
    <startTime>4833139296528000000</startTime>
    <endTime>4833139326768000000</endTime>
    <fieldName>J0403-360</fieldName>
    <subscanIntent>ON_SOURCE</subscanIntent>
    <subscanMode>NO_SWITCHING</subscanMode>
    <numIntegration>5</numIntegration>
    <numSubintegration>1 5 6 6 6 6 6</numSubintegration>
    <correlatorCalibration>NONE</correlatorCalibration>
    <execBlockId>ExecBlock_0</execBlockId>
  </row>
  <row>
    <scanNumber>11</scanNumber>
    <subscanNumber>1</subscanNumber>
    <startTime>4833139365216000000</startTime>
    <endTime>4833139367232000000</endTime>
    <fieldName>LESS J0332-2756</fieldName>
    <subscanIntent>ON_SOURCE</subscanIntent>
    <subscanMode>NO_SWITCHING</subscanMode>
    <numIntegration>1</numIntegration>
    <numSubintegration>1 1 2</numSubintegration>
    <correlatorCalibration>NONE</correlatorCalibration>
    <execBlockId>ExecBlock_0</execBlockId>
  </row>
  <row>
    <scanNumber>11</scanNumber>
    <subscanNumber>2</subscanNumber>
    <startTime>4833139382736000000</startTime>
    <endTime>4833139384752000000</endTime>
    <fieldName>LESS J0332-2756</fieldName>
    <subscanIntent>ON_SOURCE</subscanIntent>
    <subscanMode>NO_SWITCHING</subscanMode>
    <numIntegration>1</numIntegration>
    <numSubintegration>1 1 2</numSubintegration>
    <correlatorCalibration>NONE</correlatorCalibration>
    <execBlockId>ExecBlock_0</execBlockId>
  </row>
  <row>
    <scanNumber>11</scanNumber>
    <subscanNumber>3</subscanNumber>
    <startTime>4833139399008000000</startTime>
    <endTime>4833139401024000000</endTime>
    <fieldName>LESS J0332-2756</fieldName>
    <subscanIntent>OFF_SOURCE</subscanIntent>
    <subscanMode>NO_SWITCHING</subscanMode>
    <numIntegration>1</numIntegration>
    <numSubintegration>1 1 2</numSubintegration>
    <correlatorCalibration>NONE</correlatorCalibration>
    <execBlockId>ExecBlock_0</execBlockId>
  </row>
  <row>
    <scanNumber>12</scanNumber>
    <subscanNumber>1</subscanNumber>
    <startTime>4833139447008000000</startTime>
    <endTime>4833139477248000000</endTime>
    <fieldName>LESS J0332-2756</fieldName>
    <subscanIntent>ON_SOURCE</subscanIntent>
    <subscanMode>NO_SWITCHING</subscanMode>
    <numIntegration>5</numIntegration>
    <numSubintegration>1 5 6 6 6 6 6</numSubintegration>
    <correlatorCalibration>NONE</correlatorCalibration>
    <execBlockId>ExecBlock_0</execBlockId>
  </row>
  <row>
    <scanNumber>12</scanNumber>
    <subscanNumber>2</subscanNumber>
    <startTime>4833139482288000000</startTime>
    <endTime>4833139512528000000</endTime>
    <fieldName>LESS J0332-2756</fieldName>
    <subscanIntent>ON_SOURCE</subscanIntent>
    <subscanMode>NO_SWITCHING</subscanMode>
    <numIntegration>5</numIntegration>
    <numSubintegration>1 5 6 6 6 6 6</numSubintegration>
    <correlatorCalibration>NONE</correlatorCalibration>
    <execBlockId>ExecBlock_0</execBlockId>
  </row>
  <row>
    <scanNumber>12</scanNumber>
    <subscanNumber>3</subscanNumber>
    <startTime>4833139517568000000</startTime>
    <endTime>4833139547808000000</endTime>
    <fieldName>LESS J0332-2756</fieldName>
    <subscanIntent>ON_SOURCE</subscanIntent>
    <subscanMode>NO_SWITCHING</subscanMode>
    <numIntegration>5</numIntegration>
    <numSubintegration>1 5 6 6 6 6 6</numSubintegration>
    <correlatorCalibration>NONE</correlatorCalibration>
    <execBlockId>ExecBlock_0</execBlockId>
  </row>
  <row>
    <scanNumber>12</scanNumber>
    <subscanNumber>4</subscanNumber>
    <startTime>4833139552848000000</startTime>
    <endTime>4833139583088000000</endTime>
    <fieldName>LESS J0332-2756</fieldName>
    <subscanIntent>ON_SOURCE</subscanIntent>
    <subscanMode>NO_SWITCHING</subscanMode>
    <numIntegration>5</numIntegration>
    <numSubintegration>1 5 6 6 6 6 6</numSubintegration>
    <correlatorCalibration>NONE</correlatorCalibration>
    <execBlockId>ExecBlock_0</execBlockId>
  </row>
  <row>
    <scanNumber>12</scanNumber>
    <subscanNumber>5</subscanNumber>
    <startTime>4833139588128000000</startTime>
    <endTime>4833139618368000000</endTime>
    <fieldName>LESS J0332-2756</fieldName>
    <subscanIntent>ON_SOURCE</subscanIntent>
    <subscanMode>NO_SWITCHING</subscanMode>
    <numIntegration>5</numIntegration>
    <numSubintegration>1 5 6 6 6 6 6</numSubintegration>
    <correlatorCalibration>NONE</correlatorCalibration>
    <execBlockId>ExecBlock_0</execBlockId>
  </row>
  <row>
    <scanNumber>12</scanNumber>
    <subscanNumber>6</subscanNumber>
    <startTime>4833139623408000000</startTime>
    <endTime>4833139653648000000</endTime>
    <fieldName>LESS J0332-2756</fieldName>
    <subscanIntent>ON_SOURCE</subscanIntent>
    <subscanMode>NO_SWITCHING</subscanMode>
    <numIntegration>5</numIntegration>
    <numSubintegration>1 5 6 6 6 6 6</numSubintegration>
    <correlatorCalibration>NONE</correlatorCalibration>
    <execBlockId>ExecBlock_0</execBlockId>
  </row>
  <row>
    <scanNumber>12</scanNumber>
    <subscanNumber>7</subscanNumber>
    <startTime>4833139658688000000</startTime>
    <endTime>4833139688928000000</endTime>
    <fieldName>LESS J0332-2756</fieldName>
    <subscanIntent>ON_SOURCE</subscanIntent>
    <subscanMode>NO_SWITCHING</subscanMode>
    <numIntegration>5</numIntegration>
    <numSubintegration>1 5 6 6 6 6 6</numSubintegration>
    <correlatorCalibration>NONE</correlatorCalibration>
    <execBlockId>ExecBlock_0</execBlockId>
  </row>
  <row>
    <scanNumber>12</scanNumber>
    <subscanNumber>8</subscanNumber>
    <startTime>4833139693968000000</startTime>
    <endTime>4833139724208000000</endTime>
    <fieldName>LESS J0332-2756</fieldName>
    <subscanIntent>ON_SOURCE</subscanIntent>
    <subscanMode>NO_SWITCHING</subscanMode>
    <numIntegration>5</numIntegration>
    <numSubintegration>1 5 6 6 6 6 6</numSubintegration>
    <correlatorCalibration>NONE</correlatorCalibration>
    <execBlockId>ExecBlock_0</execBlockId>
  </row>
  <row>
    <scanNumber>12</scanNumber>
    <subscanNumber>9</subscanNumber>
    <startTime>4833139729248000000</startTime>
    <endTime>4833139759488000000</endTime>
    <fieldName>LESS J0332-2756</fieldName>
    <subscanIntent>ON_SOURCE</subscanIntent>
    <subscanMode>NO_SWITCHING</subscanMode>
    <numIntegration>5</numIntegration>
    <numSubintegration>1 5 6 6 6 6 6</numSubintegration>
    <correlatorCalibration>NONE</correlatorCalibration>
    <execBlockId>ExecBlock_0</execBlockId>
  </row>
  <row>
    <scanNumber>12</scanNumber>
    <subscanNumber>10</subscanNumber>
    <startTime>4833139764528000000</startTime>
    <endTime>4833139794768000000</endTime>
    <fieldName>LESS J0332-2756</fieldName>
    <subscanIntent>ON_SOURCE</subscanIntent>
    <subscanMode>NO_SWITCHING</subscanMode>
    <numIntegration>5</numIntegration>
    <numSubintegration>1 5 6 6 6 6 6</numSubintegration>
    <correlatorCalibration>NONE</correlatorCalibration>
    <execBlockId>ExecBlock_0</execBlockId>
  </row>
  <row>
    <scanNumber>12</scanNumber>
    <subscanNumber>11</subscanNumber>
    <startTime>4833139799808000000</startTime>
    <endTime>4833139830048000000</endTime>
    <fieldName>LESS J0332-2756</fieldName>
    <subscanIntent>ON_SOURCE</subscanIntent>
    <subscanMode>NO_SWITCHING</subscanMode>
    <numIntegration>5</numIntegration>
    <numSubintegration>1 5 6 6 6 6 6</numSubintegration>
    <correlatorCalibration>NONE</correlatorCalibration>
    <execBlockId>ExecBlock_0</execBlockId>
  </row>
  <row>
    <scanNumber>12</scanNumber>
    <subscanNumber>12</subscanNumber>
    <startTime>4833139835088000000</startTime>
    <endTime>4833139865328000000</endTime>
    <fieldName>LESS J0332-2756</fieldName>
    <subscanIntent>ON_SOURCE</subscanIntent>
    <subscanMode>NO_SWITCHING</subscanMode>
    <numIntegration>5</numIntegration>
    <numSubintegration>1 5 6 6 6 6 6</numSubintegration>
    <correlatorCalibration>NONE</correlatorCalibration>
    <execBlockId>ExecBlock_0</execBlockId>
  </row>
  <row>
    <scanNumber>13</scanNumber>
    <subscanNumber>1</subscanNumber>
    <startTime>4833139898400000000</startTime>
    <endTime>4833139900416000000</endTime>
    <fieldName>J0403-360</fieldName>
    <subscanIntent>ON_SOURCE</subscanIntent>
    <subscanMode>NO_SWITCHING</subscanMode>
    <numIntegration>1</numIntegration>
    <numSubintegration>1 1 2</numSubintegration>
    <correlatorCalibration>NONE</correlatorCalibration>
    <execBlockId>ExecBlock_0</execBlockId>
  </row>
  <row>
    <scanNumber>13</scanNumber>
    <subscanNumber>2</subscanNumber>
    <startTime>4833139916160000000</startTime>
    <endTime>4833139918176000000</endTime>
    <fieldName>J0403-360</fieldName>
    <subscanIntent>ON_SOURCE</subscanIntent>
    <subscanMode>NO_SWITCHING</subscanMode>
    <numIntegration>1</numIntegration>
    <numSubintegration>1 1 2</numSubintegration>
    <correlatorCalibration>NONE</correlatorCalibration>
    <execBlockId>ExecBlock_0</execBlockId>
  </row>
  <row>
    <scanNumber>13</scanNumber>
    <subscanNumber>3</subscanNumber>
    <startTime>4833139932576000000</startTime>
    <endTime>4833139934592000000</endTime>
    <fieldName>J0403-360</fieldName>
    <subscanIntent>OFF_SOURCE</subscanIntent>
    <subscanMode>NO_SWITCHING</subscanMode>
    <numIntegration>1</numIntegration>
    <numSubintegration>1 1 2</numSubintegration>
    <correlatorCalibration>NONE</correlatorCalibration>
    <execBlockId>ExecBlock_0</execBlockId>
  </row>
  <row>
    <scanNumber>14</scanNumber>
    <subscanNumber>1</subscanNumber>
    <startTime>4833139969968000000</startTime>
    <endTime>4833140000208000000</endTime>
    <fieldName>J0403-360</fieldName>
    <subscanIntent>ON_SOURCE</subscanIntent>
    <subscanMode>NO_SWITCHING</subscanMode>
    <numIntegration>5</numIntegration>
    <numSubintegration>1 5 6 6 6 6 6</numSubintegration>
    <correlatorCalibration>NONE</correlatorCalibration>
    <execBlockId>ExecBlock_0</execBlockId>
  </row>
  <row>
    <scanNumber>15</scanNumber>
    <subscanNumber>1</subscanNumber>
    <startTime>4833140034192000000</startTime>
    <endTime>4833140036208000000</endTime>
    <fieldName>LESS J0332-2756</fieldName>
    <subscanIntent>ON_SOURCE</subscanIntent>
    <subscanMode>NO_SWITCHING</subscanMode>
    <numIntegration>1</numIntegration>
    <numSubintegration>1 1 2</numSubintegration>
    <correlatorCalibration>NONE</correlatorCalibration>
    <execBlockId>ExecBlock_0</execBlockId>
  </row>
  <row>
    <scanNumber>15</scanNumber>
    <subscanNumber>2</subscanNumber>
    <startTime>4833140052144000000</startTime>
    <endTime>4833140054160000000</endTime>
    <fieldName>LESS J0332-2756</fieldName>
    <subscanIntent>ON_SOURCE</subscanIntent>
    <subscanMode>NO_SWITCHING</subscanMode>
    <numIntegration>1</numIntegration>
    <numSubintegration>1 1 2</numSubintegration>
    <correlatorCalibration>NONE</correlatorCalibration>
    <execBlockId>ExecBlock_0</execBlockId>
  </row>
  <row>
    <scanNumber>15</scanNumber>
    <subscanNumber>3</subscanNumber>
    <startTime>4833140068560000000</startTime>
    <endTime>4833140070576000000</endTime>
    <fieldName>LESS J0332-2756</fieldName>
    <subscanIntent>OFF_SOURCE</subscanIntent>
    <subscanMode>NO_SWITCHING</subscanMode>
    <numIntegration>1</numIntegration>
    <numSubintegration>1 1 2</numSubintegration>
    <correlatorCalibration>NONE</correlatorCalibration>
    <execBlockId>ExecBlock_0</execBlockId>
  </row>
  <row>
    <scanNumber>16</scanNumber>
    <subscanNumber>1</subscanNumber>
    <startTime>4833140109984000000</startTime>
    <endTime>4833140140224000000</endTime>
    <fieldName>LESS J0332-2756</fieldName>
    <subscanIntent>ON_SOURCE</subscanIntent>
    <subscanMode>NO_SWITCHING</subscanMode>
    <numIntegration>5</numIntegration>
    <numSubintegration>1 5 6 6 6 6 6</numSubintegration>
    <correlatorCalibration>NONE</correlatorCalibration>
    <execBlockId>ExecBlock_0</execBlockId>
  </row>
  <row>
    <scanNumber>16</scanNumber>
    <subscanNumber>2</subscanNumber>
    <startTime>4833140145264000000</startTime>
    <endTime>4833140175504000000</endTime>
    <fieldName>LESS J0332-2756</fieldName>
    <subscanIntent>ON_SOURCE</subscanIntent>
    <subscanMode>NO_SWITCHING</subscanMode>
    <numIntegration>5</numIntegration>
    <numSubintegration>1 5 6 6 6 6 6</numSubintegration>
    <correlatorCalibration>NONE</correlatorCalibration>
    <execBlockId>ExecBlock_0</execBlockId>
  </row>
  <row>
    <scanNumber>16</scanNumber>
    <subscanNumber>3</subscanNumber>
    <startTime>4833140180544000000</startTime>
    <endTime>4833140210784000000</endTime>
    <fieldName>LESS J0332-2756</fieldName>
    <subscanIntent>ON_SOURCE</subscanIntent>
    <subscanMode>NO_SWITCHING</subscanMode>
    <numIntegration>5</numIntegration>
    <numSubintegration>1 5 6 6 6 6 6</numSubintegration>
    <correlatorCalibration>NONE</correlatorCalibration>
    <execBlockId>ExecBlock_0</execBlockId>
  </row>
  <row>
    <scanNumber>16</scanNumber>
    <subscanNumber>4</subscanNumber>
    <startTime>4833140215824000000</startTime>
    <endTime>4833140246064000000</endTime>
    <fieldName>LESS J0332-2756</fieldName>
    <subscanIntent>ON_SOURCE</subscanIntent>
    <subscanMode>NO_SWITCHING</subscanMode>
    <numIntegration>5</numIntegration>
    <numSubintegration>1 5 6 6 6 6 6</numSubintegration>
    <correlatorCalibration>NONE</correlatorCalibration>
    <execBlockId>ExecBlock_0</execBlockId>
  </row>
  <row>
    <scanNumber>16</scanNumber>
    <subscanNumber>5</subscanNumber>
    <startTime>4833140251104000000</startTime>
    <endTime>4833140281344000000</endTime>
    <fieldName>LESS J0332-2756</fieldName>
    <subscanIntent>ON_SOURCE</subscanIntent>
    <subscanMode>NO_SWITCHING</subscanMode>
    <numIntegration>5</numIntegration>
    <numSubintegration>1 5 6 6 6 6 6</numSubintegration>
    <correlatorCalibration>NONE</correlatorCalibration>
    <execBlockId>ExecBlock_0</execBlockId>
  </row>
  <row>
    <scanNumber>16</scanNumber>
    <subscanNumber>6</subscanNumber>
    <startTime>4833140286384000000</startTime>
    <endTime>4833140316624000000</endTime>
    <fieldName>LESS J0332-2756</fieldName>
    <subscanIntent>ON_SOURCE</subscanIntent>
    <subscanMode>NO_SWITCHING</subscanMode>
    <numIntegration>5</numIntegration>
    <numSubintegration>1 5 6 6 6 6 6</numSubintegration>
    <correlatorCalibration>NONE</correlatorCalibration>
    <execBlockId>ExecBlock_0</execBlockId>
  </row>
  <row>
    <scanNumber>16</scanNumber>
    <subscanNumber>7</subscanNumber>
    <startTime>4833140321664000000</startTime>
    <endTime>4833140351904000000</endTime>
    <fieldName>LESS J0332-2756</fieldName>
    <subscanIntent>ON_SOURCE</subscanIntent>
    <subscanMode>NO_SWITCHING</subscanMode>
    <numIntegration>5</numIntegration>
    <numSubintegration>1 5 6 6 6 6 6</numSubintegration>
    <correlatorCalibration>NONE</correlatorCalibration>
    <execBlockId>ExecBlock_0</execBlockId>
  </row>
  <row>
    <scanNumber>16</scanNumber>
    <subscanNumber>8</subscanNumber>
    <startTime>4833140356944000000</startTime>
    <endTime>4833140387184000000</endTime>
    <fieldName>LESS J0332-2756</fieldName>
    <subscanIntent>ON_SOURCE</subscanIntent>
    <subscanMode>NO_SWITCHING</subscanMode>
    <numIntegration>5</numIntegration>
    <numSubintegration>1 5 6 6 6 6 6</numSubintegration>
    <correlatorCalibration>NONE</correlatorCalibration>
    <execBlockId>ExecBlock_0</execBlockId>
  </row>
  <row>
    <scanNumber>16</scanNumber>
    <subscanNumber>9</subscanNumber>
    <startTime>4833140392224000000</startTime>
    <endTime>4833140422464000000</endTime>
    <fieldName>LESS J0332-2756</fieldName>
    <subscanIntent>ON_SOURCE</subscanIntent>
    <subscanMode>NO_SWITCHING</subscanMode>
    <numIntegration>5</numIntegration>
    <numSubintegration>1 5 6 6 6 6 6</numSubintegration>
    <correlatorCalibration>NONE</correlatorCalibration>
    <execBlockId>ExecBlock_0</execBlockId>
  </row>
  <row>
    <scanNumber>16</scanNumber>
    <subscanNumber>10</subscanNumber>
    <startTime>4833140427504000000</startTime>
    <endTime>4833140457744000000</endTime>
    <fieldName>LESS J0332-2756</fieldName>
    <subscanIntent>ON_SOURCE</subscanIntent>
    <subscanMode>NO_SWITCHING</subscanMode>
    <numIntegration>5</numIntegration>
    <numSubintegration>1 5 6 6 6 6 6</numSubintegration>
    <correlatorCalibration>NONE</correlatorCalibration>
    <execBlockId>ExecBlock_0</execBlockId>
  </row>
  <row>
    <scanNumber>16</scanNumber>
    <subscanNumber>11</subscanNumber>
    <startTime>4833140462784000000</startTime>
    <endTime>4833140493024000000</endTime>
    <fieldName>LESS J0332-2756</fieldName>
    <subscanIntent>ON_SOURCE</subscanIntent>
    <subscanMode>NO_SWITCHING</subscanMode>
    <numIntegration>5</numIntegration>
    <numSubintegration>1 5 6 6 6 6 6</numSubintegration>
    <correlatorCalibration>NONE</correlatorCalibration>
    <execBlockId>ExecBlock_0</execBlockId>
  </row>
  <row>
    <scanNumber>16</scanNumber>
    <subscanNumber>12</subscanNumber>
    <startTime>4833140498064000000</startTime>
    <endTime>4833140528304000000</endTime>
    <fieldName>LESS J0332-2756</fieldName>
    <subscanIntent>ON_SOURCE</subscanIntent>
    <subscanMode>NO_SWITCHING</subscanMode>
    <numIntegration>5</numIntegration>
    <numSubintegration>1 5 6 6 6 6 6</numSubintegration>
    <correlatorCalibration>NONE</correlatorCalibration>
    <execBlockId>ExecBlock_0</execBlockId>
  </row>
  <row>
    <scanNumber>17</scanNumber>
    <subscanNumber>1</subscanNumber>
    <startTime>4833140562528000000</startTime>
    <endTime>4833140564544000000</endTime>
    <fieldName>J0403-360</fieldName>
    <subscanIntent>ON_SOURCE</subscanIntent>
    <subscanMode>NO_SWITCHING</subscanMode>
    <numIntegration>1</numIntegration>
    <numSubintegration>1 1 2</numSubintegration>
    <correlatorCalibration>NONE</correlatorCalibration>
    <execBlockId>ExecBlock_0</execBlockId>
  </row>
  <row>
    <scanNumber>17</scanNumber>
    <subscanNumber>2</subscanNumber>
    <startTime>4833140580000000000</startTime>
    <endTime>4833140582016000000</endTime>
    <fieldName>J0403-360</fieldName>
    <subscanIntent>ON_SOURCE</subscanIntent>
    <subscanMode>NO_SWITCHING</subscanMode>
    <numIntegration>1</numIntegration>
    <numSubintegration>1 1 2</numSubintegration>
    <correlatorCalibration>NONE</correlatorCalibration>
    <execBlockId>ExecBlock_0</execBlockId>
  </row>
  <row>
    <scanNumber>17</scanNumber>
    <subscanNumber>3</subscanNumber>
    <startTime>4833140596320000000</startTime>
    <endTime>4833140598336000000</endTime>
    <fieldName>J0403-360</fieldName>
    <subscanIntent>OFF_SOURCE</subscanIntent>
    <subscanMode>NO_SWITCHING</subscanMode>
    <numIntegration>1</numIntegration>
    <numSubintegration>1 1 2</numSubintegration>
    <correlatorCalibration>NONE</correlatorCalibration>
    <execBlockId>ExecBlock_0</execBlockId>
  </row>
  <row>
    <scanNumber>18</scanNumber>
    <subscanNumber>1</subscanNumber>
    <startTime>4833140633760000000</startTime>
    <endTime>4833140664000000000</endTime>
    <fieldName>J0403-360</fieldName>
    <subscanIntent>ON_SOURCE</subscanIntent>
    <subscanMode>NO_SWITCHING</subscanMode>
    <numIntegration>5</numIntegration>
    <numSubintegration>1 5 6 6 6 6 6</numSubintegration>
    <correlatorCalibration>NONE</correlatorCalibration>
    <execBlockId>ExecBlock_0</execBlockId>
  </row>
  <row>
    <scanNumber>19</scanNumber>
    <subscanNumber>1</subscanNumber>
    <startTime>4833140697888000000</startTime>
    <endTime>4833140699904000000</endTime>
    <fieldName>LESS J0332-2756</fieldName>
    <subscanIntent>ON_SOURCE</subscanIntent>
    <subscanMode>NO_SWITCHING</subscanMode>
    <numIntegration>1</numIntegration>
    <numSubintegration>1 1 2</numSubintegration>
    <correlatorCalibration>NONE</correlatorCalibration>
    <execBlockId>ExecBlock_0</execBlockId>
  </row>
  <row>
    <scanNumber>19</scanNumber>
    <subscanNumber>2</subscanNumber>
    <startTime>4833140715264000000</startTime>
    <endTime>4833140717280000000</endTime>
    <fieldName>LESS J0332-2756</fieldName>
    <subscanIntent>ON_SOURCE</subscanIntent>
    <subscanMode>NO_SWITCHING</subscanMode>
    <numIntegration>1</numIntegration>
    <numSubintegration>1 1 2</numSubintegration>
    <correlatorCalibration>NONE</correlatorCalibration>
    <execBlockId>ExecBlock_0</execBlockId>
  </row>
  <row>
    <scanNumber>19</scanNumber>
    <subscanNumber>3</subscanNumber>
    <startTime>4833140731584000000</startTime>
    <endTime>4833140733600000000</endTime>
    <fieldName>LESS J0332-2756</fieldName>
    <subscanIntent>OFF_SOURCE</subscanIntent>
    <subscanMode>NO_SWITCHING</subscanMode>
    <numIntegration>1</numIntegration>
    <numSubintegration>1 1 2</numSubintegration>
    <correlatorCalibration>NONE</correlatorCalibration>
    <execBlockId>ExecBlock_0</execBlockId>
  </row>
  <row>
    <scanNumber>20</scanNumber>
    <subscanNumber>1</subscanNumber>
    <startTime>4833140772432000000</startTime>
    <endTime>4833140802672000000</endTime>
    <fieldName>LESS J0332-2756</fieldName>
    <subscanIntent>ON_SOURCE</subscanIntent>
    <subscanMode>NO_SWITCHING</subscanMode>
    <numIntegration>5</numIntegration>
    <numSubintegration>1 5 6 6 6 6 6</numSubintegration>
    <correlatorCalibration>NONE</correlatorCalibration>
    <execBlockId>ExecBlock_0</execBlockId>
  </row>
  <row>
    <scanNumber>20</scanNumber>
    <subscanNumber>2</subscanNumber>
    <startTime>4833140807712000000</startTime>
    <endTime>4833140837952000000</endTime>
    <fieldName>LESS J0332-2756</fieldName>
    <subscanIntent>ON_SOURCE</subscanIntent>
    <subscanMode>NO_SWITCHING</subscanMode>
    <numIntegration>5</numIntegration>
    <numSubintegration>1 5 6 6 6 6 6</numSubintegration>
    <correlatorCalibration>NONE</correlatorCalibration>
    <execBlockId>ExecBlock_0</execBlockId>
  </row>
  <row>
    <scanNumber>20</scanNumber>
    <subscanNumber>3</subscanNumber>
    <startTime>4833140842992000000</startTime>
    <endTime>4833140873232000000</endTime>
    <fieldName>LESS J0332-2756</fieldName>
    <subscanIntent>ON_SOURCE</subscanIntent>
    <subscanMode>NO_SWITCHING</subscanMode>
    <numIntegration>5</numIntegration>
    <numSubintegration>1 5 6 6 6 6 6</numSubintegration>
    <correlatorCalibration>NONE</correlatorCalibration>
    <execBlockId>ExecBlock_0</execBlockId>
  </row>
  <row>
    <scanNumber>20</scanNumber>
    <subscanNumber>4</subscanNumber>
    <startTime>4833140878272000000</startTime>
    <endTime>4833140908512000000</endTime>
    <fieldName>LESS J0332-2756</fieldName>
    <subscanIntent>ON_SOURCE</subscanIntent>
    <subscanMode>NO_SWITCHING</subscanMode>
    <numIntegration>5</numIntegration>
    <numSubintegration>1 5 6 6 6 6 6</numSubintegration>
    <correlatorCalibration>NONE</correlatorCalibration>
    <execBlockId>ExecBlock_0</execBlockId>
  </row>
  <row>
    <scanNumber>20</scanNumber>
    <subscanNumber>5</subscanNumber>
    <startTime>4833140913552000000</startTime>
    <endTime>4833140943792000000</endTime>
    <fieldName>LESS J0332-2756</fieldName>
    <subscanIntent>ON_SOURCE</subscanIntent>
    <subscanMode>NO_SWITCHING</subscanMode>
    <numIntegration>5</numIntegration>
    <numSubintegration>1 5 6 6 6 6 6</numSubintegration>
    <correlatorCalibration>NONE</correlatorCalibration>
    <execBlockId>ExecBlock_0</execBlockId>
  </row>
  <row>
    <scanNumber>20</scanNumber>
    <subscanNumber>6</subscanNumber>
    <startTime>4833140948832000000</startTime>
    <endTime>4833140979072000000</endTime>
    <fieldName>LESS J0332-2756</fieldName>
    <subscanIntent>ON_SOURCE</subscanIntent>
    <subscanMode>NO_SWITCHING</subscanMode>
    <numIntegration>5</numIntegration>
    <numSubintegration>1 5 6 6 6 6 6</numSubintegration>
    <correlatorCalibration>NONE</correlatorCalibration>
    <execBlockId>ExecBlock_0</execBlockId>
  </row>
  <row>
    <scanNumber>20</scanNumber>
    <subscanNumber>7</subscanNumber>
    <startTime>4833140984112000000</startTime>
    <endTime>4833141014352000000</endTime>
    <fieldName>LESS J0332-2756</fieldName>
    <subscanIntent>ON_SOURCE</subscanIntent>
    <subscanMode>NO_SWITCHING</subscanMode>
    <numIntegration>5</numIntegration>
    <numSubintegration>1 5 6 6 6 6 6</numSubintegration>
    <correlatorCalibration>NONE</correlatorCalibration>
    <execBlockId>ExecBlock_0</execBlockId>
  </row>
  <row>
    <scanNumber>20</scanNumber>
    <subscanNumber>8</subscanNumber>
    <startTime>4833141019392000000</startTime>
    <endTime>4833141049632000000</endTime>
    <fieldName>LESS J0332-2756</fieldName>
    <subscanIntent>ON_SOURCE</subscanIntent>
    <subscanMode>NO_SWITCHING</subscanMode>
    <numIntegration>5</numIntegration>
    <numSubintegration>1 5 6 6 6 6 6</numSubintegration>
    <correlatorCalibration>NONE</correlatorCalibration>
    <execBlockId>ExecBlock_0</execBlockId>
  </row>
  <row>
    <scanNumber>20</scanNumber>
    <subscanNumber>9</subscanNumber>
    <startTime>4833141054672000000</startTime>
    <endTime>4833141084912000000</endTime>
    <fieldName>LESS J0332-2756</fieldName>
    <subscanIntent>ON_SOURCE</subscanIntent>
    <subscanMode>NO_SWITCHING</subscanMode>
    <numIntegration>5</numIntegration>
    <numSubintegration>1 5 6 6 6 6 6</numSubintegration>
    <correlatorCalibration>NONE</correlatorCalibration>
    <execBlockId>ExecBlock_0</execBlockId>
  </row>
  <row>
    <scanNumber>20</scanNumber>
    <subscanNumber>10</subscanNumber>
    <startTime>4833141089952000000</startTime>
    <endTime>4833141120192000000</endTime>
    <fieldName>LESS J0332-2756</fieldName>
    <subscanIntent>ON_SOURCE</subscanIntent>
    <subscanMode>NO_SWITCHING</subscanMode>
    <numIntegration>5</numIntegration>
    <numSubintegration>1 5 6 6 6 6 6</numSubintegration>
    <correlatorCalibration>NONE</correlatorCalibration>
    <execBlockId>ExecBlock_0</execBlockId>
  </row>
  <row>
    <scanNumber>20</scanNumber>
    <subscanNumber>11</subscanNumber>
    <startTime>4833141125232000000</startTime>
    <endTime>4833141155472000000</endTime>
    <fieldName>LESS J0332-2756</fieldName>
    <subscanIntent>ON_SOURCE</subscanIntent>
    <subscanMode>NO_SWITCHING</subscanMode>
    <numIntegration>5</numIntegration>
    <numSubintegration>1 5 6 6 6 6 6</numSubintegration>
    <correlatorCalibration>NONE</correlatorCalibration>
    <execBlockId>ExecBlock_0</execBlockId>
  </row>
  <row>
    <scanNumber>20</scanNumber>
    <subscanNumber>12</subscanNumber>
    <startTime>4833141160512000000</startTime>
    <endTime>4833141190752000000</endTime>
    <fieldName>LESS J0332-2756</fieldName>
    <subscanIntent>ON_SOURCE</subscanIntent>
    <subscanMode>NO_SWITCHING</subscanMode>
    <numIntegration>5</numIntegration>
    <numSubintegration>1 5 6 6 6 6 6</numSubintegration>
    <correlatorCalibration>NONE</correlatorCalibration>
    <execBlockId>ExecBlock_0</execBlockId>
  </row>
  <row>
    <scanNumber>21</scanNumber>
    <subscanNumber>1</subscanNumber>
    <startTime>4833141228432000000</startTime>
    <endTime>4833141230448000000</endTime>
    <fieldName>J0403-360</fieldName>
    <subscanIntent>ON_SOURCE</subscanIntent>
    <subscanMode>NO_SWITCHING</subscanMode>
    <numIntegration>1</numIntegration>
    <numSubintegration>1 1 2</numSubintegration>
    <correlatorCalibration>NONE</correlatorCalibration>
    <execBlockId>ExecBlock_0</execBlockId>
  </row>
  <row>
    <scanNumber>21</scanNumber>
    <subscanNumber>2</subscanNumber>
    <startTime>4833141246096000000</startTime>
    <endTime>4833141248112000000</endTime>
    <fieldName>J0403-360</fieldName>
    <subscanIntent>ON_SOURCE</subscanIntent>
    <subscanMode>NO_SWITCHING</subscanMode>
    <numIntegration>1</numIntegration>
    <numSubintegration>1 1 2</numSubintegration>
    <correlatorCalibration>NONE</correlatorCalibration>
    <execBlockId>ExecBlock_0</execBlockId>
  </row>
  <row>
    <scanNumber>21</scanNumber>
    <subscanNumber>3</subscanNumber>
    <startTime>4833141262752000000</startTime>
    <endTime>4833141264768000000</endTime>
    <fieldName>J0403-360</fieldName>
    <subscanIntent>OFF_SOURCE</subscanIntent>
    <subscanMode>NO_SWITCHING</subscanMode>
    <numIntegration>1</numIntegration>
    <numSubintegration>1 1 2</numSubintegration>
    <correlatorCalibration>NONE</correlatorCalibration>
    <execBlockId>ExecBlock_0</execBlockId>
  </row>
  <row>
    <scanNumber>22</scanNumber>
    <subscanNumber>1</subscanNumber>
    <startTime>4833141307200000000</startTime>
    <endTime>4833141337440000000</endTime>
    <fieldName>J0403-360</fieldName>
    <subscanIntent>ON_SOURCE</subscanIntent>
    <subscanMode>NO_SWITCHING</subscanMode>
    <numIntegration>5</numIntegration>
    <numSubintegration>1 5 6 6 6 6 6</numSubintegration>
    <correlatorCalibration>NONE</correlatorCalibration>
    <execBlockId>ExecBlock_0</execBlockId>
  </row>
  <row>
    <scanNumber>23</scanNumber>
    <subscanNumber>1</subscanNumber>
    <startTime>4833141376560000000</startTime>
    <endTime>4833141378576000000</endTime>
    <fieldName>LESS J0332-2756</fieldName>
    <subscanIntent>ON_SOURCE</subscanIntent>
    <subscanMode>NO_SWITCHING</subscanMode>
    <numIntegration>1</numIntegration>
    <numSubintegration>1 1 2</numSubintegration>
    <correlatorCalibration>NONE</correlatorCalibration>
    <execBlockId>ExecBlock_0</execBlockId>
  </row>
  <row>
    <scanNumber>23</scanNumber>
    <subscanNumber>2</subscanNumber>
    <startTime>4833141394080000000</startTime>
    <endTime>4833141396096000000</endTime>
    <fieldName>LESS J0332-2756</fieldName>
    <subscanIntent>ON_SOURCE</subscanIntent>
    <subscanMode>NO_SWITCHING</subscanMode>
    <numIntegration>1</numIntegration>
    <numSubintegration>1 1 2</numSubintegration>
    <correlatorCalibration>NONE</correlatorCalibration>
    <execBlockId>ExecBlock_0</execBlockId>
  </row>
  <row>
    <scanNumber>23</scanNumber>
    <subscanNumber>3</subscanNumber>
    <startTime>4833141410352000000</startTime>
    <endTime>4833141412368000000</endTime>
    <fieldName>LESS J0332-2756</fieldName>
    <subscanIntent>OFF_SOURCE</subscanIntent>
    <subscanMode>NO_SWITCHING</subscanMode>
    <numIntegration>1</numIntegration>
    <numSubintegration>1 1 2</numSubintegration>
    <correlatorCalibration>NONE</correlatorCalibration>
    <execBlockId>ExecBlock_0</execBlockId>
  </row>
  <row>
    <scanNumber>24</scanNumber>
    <subscanNumber>1</subscanNumber>
    <startTime>4833141458640000000</startTime>
    <endTime>4833141488880000000</endTime>
    <fieldName>LESS J0332-2756</fieldName>
    <subscanIntent>ON_SOURCE</subscanIntent>
    <subscanMode>NO_SWITCHING</subscanMode>
    <numIntegration>5</numIntegration>
    <numSubintegration>1 5 6 6 6 6 6</numSubintegration>
    <correlatorCalibration>NONE</correlatorCalibration>
    <execBlockId>ExecBlock_0</execBlockId>
  </row>
  <row>
    <scanNumber>24</scanNumber>
    <subscanNumber>2</subscanNumber>
    <startTime>4833141493920000000</startTime>
    <endTime>4833141524160000000</endTime>
    <fieldName>LESS J0332-2756</fieldName>
    <subscanIntent>ON_SOURCE</subscanIntent>
    <subscanMode>NO_SWITCHING</subscanMode>
    <numIntegration>5</numIntegration>
    <numSubintegration>1 5 6 6 6 6 6</numSubintegration>
    <correlatorCalibration>NONE</correlatorCalibration>
    <execBlockId>ExecBlock_0</execBlockId>
  </row>
  <row>
    <scanNumber>24</scanNumber>
    <subscanNumber>3</subscanNumber>
    <startTime>4833141529200000000</startTime>
    <endTime>4833141559440000000</endTime>
    <fieldName>LESS J0332-2756</fieldName>
    <subscanIntent>ON_SOURCE</subscanIntent>
    <subscanMode>NO_SWITCHING</subscanMode>
    <numIntegration>5</numIntegration>
    <numSubintegration>1 5 6 6 6 6 6</numSubintegration>
    <correlatorCalibration>NONE</correlatorCalibration>
    <execBlockId>ExecBlock_0</execBlockId>
  </row>
  <row>
    <scanNumber>24</scanNumber>
    <subscanNumber>4</subscanNumber>
    <startTime>4833141564480000000</startTime>
    <endTime>4833141594720000000</endTime>
    <fieldName>LESS J0332-2756</fieldName>
    <subscanIntent>ON_SOURCE</subscanIntent>
    <subscanMode>NO_SWITCHING</subscanMode>
    <numIntegration>5</numIntegration>
    <numSubintegration>1 5 6 6 6 6 6</numSubintegration>
    <correlatorCalibration>NONE</correlatorCalibration>
    <execBlockId>ExecBlock_0</execBlockId>
  </row>
  <row>
    <scanNumber>24</scanNumber>
    <subscanNumber>5</subscanNumber>
    <startTime>4833141599760000000</startTime>
    <endTime>4833141630000000000</endTime>
    <fieldName>LESS J0332-2756</fieldName>
    <subscanIntent>ON_SOURCE</subscanIntent>
    <subscanMode>NO_SWITCHING</subscanMode>
    <numIntegration>5</numIntegration>
    <numSubintegration>1 5 6 6 6 6 6</numSubintegration>
    <correlatorCalibration>NONE</correlatorCalibration>
    <execBlockId>ExecBlock_0</execBlockId>
  </row>
  <row>
    <scanNumber>24</scanNumber>
    <subscanNumber>6</subscanNumber>
    <startTime>4833141635040000000</startTime>
    <endTime>4833141665280000000</endTime>
    <fieldName>LESS J0332-2756</fieldName>
    <subscanIntent>ON_SOURCE</subscanIntent>
    <subscanMode>NO_SWITCHING</subscanMode>
    <numIntegration>5</numIntegration>
    <numSubintegration>1 5 6 6 6 6 6</numSubintegration>
    <correlatorCalibration>NONE</correlatorCalibration>
    <execBlockId>ExecBlock_0</execBlockId>
  </row>
  <row>
    <scanNumber>24</scanNumber>
    <subscanNumber>7</subscanNumber>
    <startTime>4833141670320000000</startTime>
    <endTime>4833141700560000000</endTime>
    <fieldName>LESS J0332-2756</fieldName>
    <subscanIntent>ON_SOURCE</subscanIntent>
    <subscanMode>NO_SWITCHING</subscanMode>
    <numIntegration>5</numIntegration>
    <numSubintegration>1 5 6 6 6 6 6</numSubintegration>
    <correlatorCalibration>NONE</correlatorCalibration>
    <execBlockId>ExecBlock_0</execBlockId>
  </row>
  <row>
    <scanNumber>24</scanNumber>
    <subscanNumber>8</subscanNumber>
    <startTime>4833141705600000000</startTime>
    <endTime>4833141735840000000</endTime>
    <fieldName>LESS J0332-2756</fieldName>
    <subscanIntent>ON_SOURCE</subscanIntent>
    <subscanMode>NO_SWITCHING</subscanMode>
    <numIntegration>5</numIntegration>
    <numSubintegration>1 5 6 6 6 6 6</numSubintegration>
    <correlatorCalibration>NONE</correlatorCalibration>
    <execBlockId>ExecBlock_0</execBlockId>
  </row>
  <row>
    <scanNumber>24</scanNumber>
    <subscanNumber>9</subscanNumber>
    <startTime>4833141740880000000</startTime>
    <endTime>4833141771120000000</endTime>
    <fieldName>LESS J0332-2756</fieldName>
    <subscanIntent>ON_SOURCE</subscanIntent>
    <subscanMode>NO_SWITCHING</subscanMode>
    <numIntegration>5</numIntegration>
    <numSubintegration>1 5 6 6 6 6 6</numSubintegration>
    <correlatorCalibration>NONE</correlatorCalibration>
    <execBlockId>ExecBlock_0</execBlockId>
  </row>
  <row>
    <scanNumber>24</scanNumber>
    <subscanNumber>10</subscanNumber>
    <startTime>4833141776160000000</startTime>
    <endTime>4833141806400000000</endTime>
    <fieldName>LESS J0332-2756</fieldName>
    <subscanIntent>ON_SOURCE</subscanIntent>
    <subscanMode>NO_SWITCHING</subscanMode>
    <numIntegration>5</numIntegration>
    <numSubintegration>1 5 6 6 6 6 6</numSubintegration>
    <correlatorCalibration>NONE</correlatorCalibration>
    <execBlockId>ExecBlock_0</execBlockId>
  </row>
  <row>
    <scanNumber>24</scanNumber>
    <subscanNumber>11</subscanNumber>
    <startTime>4833141811440000000</startTime>
    <endTime>4833141841680000000</endTime>
    <fieldName>LESS J0332-2756</fieldName>
    <subscanIntent>ON_SOURCE</subscanIntent>
    <subscanMode>NO_SWITCHING</subscanMode>
    <numIntegration>5</numIntegration>
    <numSubintegration>1 5 6 6 6 6 6</numSubintegration>
    <correlatorCalibration>NONE</correlatorCalibration>
    <execBlockId>ExecBlock_0</execBlockId>
  </row>
  <row>
    <scanNumber>24</scanNumber>
    <subscanNumber>12</subscanNumber>
    <startTime>4833141846720000000</startTime>
    <endTime>4833141876960000000</endTime>
    <fieldName>LESS J0332-2756</fieldName>
    <subscanIntent>ON_SOURCE</subscanIntent>
    <subscanMode>NO_SWITCHING</subscanMode>
    <numIntegration>5</numIntegration>
    <numSubintegration>1 5 6 6 6 6 6</numSubintegration>
    <correlatorCalibration>NONE</correlatorCalibration>
    <execBlockId>ExecBlock_0</execBlockId>
  </row>
  <row>
    <scanNumber>25</scanNumber>
    <subscanNumber>1</subscanNumber>
    <startTime>4833141910656000000</startTime>
    <endTime>4833141912672000000</endTime>
    <fieldName>J0403-360</fieldName>
    <subscanIntent>ON_SOURCE</subscanIntent>
    <subscanMode>NO_SWITCHING</subscanMode>
    <numIntegration>1</numIntegration>
    <numSubintegration>1 1 2</numSubintegration>
    <correlatorCalibration>NONE</correlatorCalibration>
    <execBlockId>ExecBlock_0</execBlockId>
  </row>
  <row>
    <scanNumber>25</scanNumber>
    <subscanNumber>2</subscanNumber>
    <startTime>4833141928224000000</startTime>
    <endTime>4833141930240000000</endTime>
    <fieldName>J0403-360</fieldName>
    <subscanIntent>ON_SOURCE</subscanIntent>
    <subscanMode>NO_SWITCHING</subscanMode>
    <numIntegration>1</numIntegration>
    <numSubintegration>1 1 2</numSubintegration>
    <correlatorCalibration>NONE</correlatorCalibration>
    <execBlockId>ExecBlock_0</execBlockId>
  </row>
  <row>
    <scanNumber>25</scanNumber>
    <subscanNumber>3</subscanNumber>
    <startTime>4833141944496000000</startTime>
    <endTime>4833141946512000000</endTime>
    <fieldName>J0403-360</fieldName>
    <subscanIntent>OFF_SOURCE</subscanIntent>
    <subscanMode>NO_SWITCHING</subscanMode>
    <numIntegration>1</numIntegration>
    <numSubintegration>1 1 2</numSubintegration>
    <correlatorCalibration>NONE</correlatorCalibration>
    <execBlockId>ExecBlock_0</execBlockId>
  </row>
  <row>
    <scanNumber>26</scanNumber>
    <subscanNumber>1</subscanNumber>
    <startTime>4833141981792000000</startTime>
    <endTime>4833142012032000000</endTime>
    <fieldName>J0403-360</fieldName>
    <subscanIntent>ON_SOURCE</subscanIntent>
    <subscanMode>NO_SWITCHING</subscanMode>
    <numIntegration>5</numIntegration>
    <numSubintegration>1 5 6 6 6 6 6</numSubintegration>
    <correlatorCalibration>NONE</correlatorCalibration>
    <execBlockId>ExecBlock_0</execBlockId>
  </row>
  <row>
    <scanNumber>27</scanNumber>
    <subscanNumber>1</subscanNumber>
    <startTime>4833142045824000000</startTime>
    <endTime>4833142047840000000</endTime>
    <fieldName>LESS J0332-2756</fieldName>
    <subscanIntent>ON_SOURCE</subscanIntent>
    <subscanMode>NO_SWITCHING</subscanMode>
    <numIntegration>1</numIntegration>
    <numSubintegration>1 1 2</numSubintegration>
    <correlatorCalibration>NONE</correlatorCalibration>
    <execBlockId>ExecBlock_0</execBlockId>
  </row>
  <row>
    <scanNumber>27</scanNumber>
    <subscanNumber>2</subscanNumber>
    <startTime>4833142063296000000</startTime>
    <endTime>4833142065312000000</endTime>
    <fieldName>LESS J0332-2756</fieldName>
    <subscanIntent>ON_SOURCE</subscanIntent>
    <subscanMode>NO_SWITCHING</subscanMode>
    <numIntegration>1</numIntegration>
    <numSubintegration>1 1 2</numSubintegration>
    <correlatorCalibration>NONE</correlatorCalibration>
    <execBlockId>ExecBlock_0</execBlockId>
  </row>
  <row>
    <scanNumber>27</scanNumber>
    <subscanNumber>3</subscanNumber>
    <startTime>4833142079760000000</startTime>
    <endTime>4833142081776000000</endTime>
    <fieldName>LESS J0332-2756</fieldName>
    <subscanIntent>OFF_SOURCE</subscanIntent>
    <subscanMode>NO_SWITCHING</subscanMode>
    <numIntegration>1</numIntegration>
    <numSubintegration>1 1 2</numSubintegration>
    <correlatorCalibration>NONE</correlatorCalibration>
    <execBlockId>ExecBlock_0</execBlockId>
  </row>
  <row>
    <scanNumber>28</scanNumber>
    <subscanNumber>1</subscanNumber>
    <startTime>4833142117152000000</startTime>
    <endTime>4833142147392000000</endTime>
    <fieldName>LESS J0332-2756</fieldName>
    <subscanIntent>ON_SOURCE</subscanIntent>
    <subscanMode>NO_SWITCHING</subscanMode>
    <numIntegration>5</numIntegration>
    <numSubintegration>1 5 6 6 6 6 6</numSubintegration>
    <correlatorCalibration>NONE</correlatorCalibration>
    <execBlockId>ExecBlock_0</execBlockId>
  </row>
  <row>
    <scanNumber>28</scanNumber>
    <subscanNumber>2</subscanNumber>
    <startTime>4833142152432000000</startTime>
    <endTime>4833142182672000000</endTime>
    <fieldName>LESS J0332-2756</fieldName>
    <subscanIntent>ON_SOURCE</subscanIntent>
    <subscanMode>NO_SWITCHING</subscanMode>
    <numIntegration>5</numIntegration>
    <numSubintegration>1 5 6 6 6 6 6</numSubintegration>
    <correlatorCalibration>NONE</correlatorCalibration>
    <execBlockId>ExecBlock_0</execBlockId>
  </row>
  <row>
    <scanNumber>29</scanNumber>
    <subscanNumber>1</subscanNumber>
    <startTime>4833142216752000000</startTime>
    <endTime>4833142246992000000</endTime>
    <fieldName>J0403-360</fieldName>
    <subscanIntent>ON_SOURCE</subscanIntent>
    <subscanMode>NO_SWITCHING</subscanMode>
    <numIntegration>5</numIntegration>
    <numSubintegration>1 5 6 6 6 6 6</numSubintegration>
    <correlatorCalibration>NONE</correlatorCalibration>
    <execBlockId>ExecBlock_0</execBlockId>
  </row>
</SubscanTable>

