<?xml version="1.0" encoding="UTF-8"?>
<AlmaRadiometerTable xmlns:xsi="http://www.w3.org/2001/XMLSchema-instance" xmlns:ardmtr="http://Alma/XASDM/AlmaRadiometerTable" schemaVersion="3" schemaRevision="1.55.6.5">
  <Entity entityId="uid://A002/X36dd6f/X1" entityIdEncrypted="na" entityTypeName="AlmaRadiometerTable" schemaVersion="1" documentVersion="1" />
  <ContainerEntity entityId="uid://A002/X36d011/X63b" entityIdEncrypted="na" entityTypeName="ASDM" schemaVersion="1" documentVersion="1" />
  <row>
    <almaRadiometerId>AlmaRadiometer_0</almaRadiometerId>
    <numAntenna>18</numAntenna>
    <spectralWindowId>1 18 SpectralWindow_1 SpectralWindow_2 SpectralWindow_3 SpectralWindow_4 SpectralWindow_5 SpectralWindow_6 SpectralWindow_7 SpectralWindow_8 SpectralWindow_9 SpectralWindow_10 SpectralWindow_11 SpectralWindow_12 SpectralWindow_13 SpectralWindow_14 SpectralWindow_15 SpectralWindow_16 SpectralWindow_17 SpectralWindow_18</spectralWindowId>
  </row>
  <row>
    <almaRadiometerId>AlmaRadiometer_1</almaRadiometerId>
    <numAntenna>36</numAntenna>
    <spectralWindowId>1 36 SpectralWindow_1 SpectralWindow_2 SpectralWindow_3 SpectralWindow_4 SpectralWindow_5 SpectralWindow_6 SpectralWindow_7 SpectralWindow_8 SpectralWindow_9 SpectralWindow_10 SpectralWindow_11 SpectralWindow_12 SpectralWindow_13 SpectralWindow_14 SpectralWindow_15 SpectralWindow_16 SpectralWindow_17 SpectralWindow_18 SpectralWindow_1 SpectralWindow_2 SpectralWindow_3 SpectralWindow_4 SpectralWindow_5 SpectralWindow_6 SpectralWindow_7 SpectralWindow_8 SpectralWindow_9 SpectralWindow_10 SpectralWindow_11 SpectralWindow_12 SpectralWindow_13 SpectralWindow_14 SpectralWindow_15 SpectralWindow_16 SpectralWindow_17 SpectralWindow_18</spectralWindowId>
  </row>
  <row>
    <almaRadiometerId>AlmaRadiometer_2</almaRadiometerId>
    <numAntenna>54</numAntenna>
    <spectralWindowId>1 54 SpectralWindow_1 SpectralWindow_2 SpectralWindow_3 SpectralWindow_4 SpectralWindow_5 SpectralWindow_6 SpectralWindow_7 SpectralWindow_8 SpectralWindow_9 SpectralWindow_10 SpectralWindow_11 SpectralWindow_12 SpectralWindow_13 SpectralWindow_14 SpectralWindow_15 SpectralWindow_16 SpectralWindow_17 SpectralWindow_18 SpectralWindow_1 SpectralWindow_2 SpectralWindow_3 SpectralWindow_4 SpectralWindow_5 SpectralWindow_6 SpectralWindow_7 SpectralWindow_8 SpectralWindow_9 SpectralWindow_10 SpectralWindow_11 SpectralWindow_12 SpectralWindow_13 SpectralWindow_14 SpectralWindow_15 SpectralWindow_16 SpectralWindow_17 SpectralWindow_18 SpectralWindow_1 SpectralWindow_2 SpectralWindow_3 SpectralWindow_4 SpectralWindow_5 SpectralWindow_6 SpectralWindow_7 SpectralWindow_8 SpectralWindow_9 SpectralWindow_10 SpectralWindow_11 SpectralWindow_12 SpectralWindow_13 SpectralWindow_14 SpectralWindow_15 SpectralWindow_16 SpectralWindow_17 SpectralWindow_18</spectralWindowId>
  </row>
  <row>
    <almaRadiometerId>AlmaRadiometer_3</almaRadiometerId>
    <numAntenna>72</numAntenna>
    <spectralWindowId>1 72 SpectralWindow_1 SpectralWindow_2 SpectralWindow_3 SpectralWindow_4 SpectralWindow_5 SpectralWindow_6 SpectralWindow_7 SpectralWindow_8 SpectralWindow_9 SpectralWindow_10 SpectralWindow_11 SpectralWindow_12 SpectralWindow_13 SpectralWindow_14 SpectralWindow_15 SpectralWindow_16 SpectralWindow_17 SpectralWindow_18 SpectralWindow_1 SpectralWindow_2 SpectralWindow_3 SpectralWindow_4 SpectralWindow_5 SpectralWindow_6 SpectralWindow_7 SpectralWindow_8 SpectralWindow_9 SpectralWindow_10 SpectralWindow_11 SpectralWindow_12 SpectralWindow_13 SpectralWindow_14 SpectralWindow_15 SpectralWindow_16 SpectralWindow_17 SpectralWindow_18 SpectralWindow_1 SpectralWindow_2 SpectralWindow_3 SpectralWindow_4 SpectralWindow_5 SpectralWindow_6 SpectralWindow_7 SpectralWindow_8 SpectralWindow_9 SpectralWindow_10 SpectralWindow_11 SpectralWindow_12 SpectralWindow_13 SpectralWindow_14 SpectralWindow_15 SpectralWindow_16 SpectralWindow_17 SpectralWindow_18 SpectralWindow_1 SpectralWindow_2 SpectralWindow_3 SpectralWindow_4 SpectralWindow_5 SpectralWindow_6 SpectralWindow_7 SpectralWindow_8 SpectralWindow_9 SpectralWindow_10 SpectralWindow_11 SpectralWindow_12 SpectralWindow_13 SpectralWindow_14 SpectralWindow_15 SpectralWindow_16 SpectralWindow_17 SpectralWindow_18</spectralWindowId>
  </row>
</AlmaRadiometerTable>

