<?xml version="1.0" encoding="UTF-8"?>
<ASDM xmlns:xsi="http://www.w3.org/2001/XMLSchema-instance" xmlns:cntnr="http://Alma/XASDM/ASDM" schemaVersion="3" schemaRevision="1.55.6.5">
  <Entity entityId="uid://A002/X36d011/X63b" entityIdEncrypted="na" entityTypeName="ASDM" schemaVersion="1" documentVersion="1" />
  <TimeOfCreation>2012-01-13T03:33:20.000000000</TimeOfCreation>
  <Table>
    <Name>Main</Name>
    <NumberRows>321</NumberRows>
    <Entity entityId="uid://A002/X36dd6d/X1" entityIdEncrypted="na" entityTypeName="MainTable" schemaVersion="1" documentVersion="1" />
  </Table>
  <Table>
    <Name>AlmaRadiometer</Name>
    <NumberRows>4</NumberRows>
    <Entity entityId="uid://A002/X36dd6f/X1" entityIdEncrypted="na" entityTypeName="AlmaRadiometerTable" schemaVersion="1" documentVersion="1" />
  </Table>
  <Table>
    <Name>Annotation</Name>
    <NumberRows>0</NumberRows>
  </Table>
  <Table>
    <Name>Antenna</Name>
    <NumberRows>18</NumberRows>
    <Entity entityId="uid://A002/X36dd70/X1" entityIdEncrypted="na" entityTypeName="AntennaTable" schemaVersion="1" documentVersion="1" />
  </Table>
  <Table>
    <Name>CalAmpli</Name>
    <NumberRows>0</NumberRows>
  </Table>
  <Table>
    <Name>CalAtmosphere</Name>
    <NumberRows>432</NumberRows>
    <Entity entityId="uid://A002/X36dd71/X1" entityIdEncrypted="na" entityTypeName="CalAtmosphereTable" schemaVersion="1" documentVersion="1" />
  </Table>
  <Table>
    <Name>CalBandpass</Name>
    <NumberRows>4</NumberRows>
    <Entity entityId="uid://A002/X36dd72/X1" entityIdEncrypted="na" entityTypeName="CalBandpassTable" schemaVersion="1" documentVersion="1" />
  </Table>
  <Table>
    <Name>CalCurve</Name>
    <NumberRows>4</NumberRows>
    <Entity entityId="uid://A002/X36dd73/X1" entityIdEncrypted="na" entityTypeName="CalCurveTable" schemaVersion="1" documentVersion="1" />
  </Table>
  <Table>
    <Name>CalData</Name>
    <NumberRows>54</NumberRows>
    <Entity entityId="uid://A002/X36dd74/X1" entityIdEncrypted="na" entityTypeName="CalDataTable" schemaVersion="1" documentVersion="1" />
  </Table>
  <Table>
    <Name>CalDelay</Name>
    <NumberRows>0</NumberRows>
  </Table>
  <Table>
    <Name>CalDevice</Name>
    <NumberRows>8864</NumberRows>
    <Entity entityId="uid://A002/X36dd75/X1" entityIdEncrypted="na" entityTypeName="CalDeviceTable" schemaVersion="1" documentVersion="1" />
  </Table>
  <Table>
    <Name>CalFlux</Name>
    <NumberRows>0</NumberRows>
  </Table>
  <Table>
    <Name>CalFocus</Name>
    <NumberRows>0</NumberRows>
  </Table>
  <Table>
    <Name>CalFocusModel</Name>
    <NumberRows>0</NumberRows>
  </Table>
  <Table>
    <Name>CalGain</Name>
    <NumberRows>0</NumberRows>
  </Table>
  <Table>
    <Name>CalHolography</Name>
    <NumberRows>0</NumberRows>
  </Table>
  <Table>
    <Name>CalPhase</Name>
    <NumberRows>14</NumberRows>
    <Entity entityId="uid://A002/X36dd76/X1" entityIdEncrypted="na" entityTypeName="CalPhaseTable" schemaVersion="1" documentVersion="1" />
  </Table>
  <Table>
    <Name>CalPointing</Name>
    <NumberRows>18</NumberRows>
    <Entity entityId="uid://A002/X36dd77/X1" entityIdEncrypted="na" entityTypeName="CalPointingTable" schemaVersion="1" documentVersion="1" />
  </Table>
  <Table>
    <Name>CalPointingModel</Name>
    <NumberRows>0</NumberRows>
  </Table>
  <Table>
    <Name>CalPosition</Name>
    <NumberRows>0</NumberRows>
  </Table>
  <Table>
    <Name>CalPrimaryBeam</Name>
    <NumberRows>0</NumberRows>
  </Table>
  <Table>
    <Name>CalReduction</Name>
    <NumberRows>50</NumberRows>
    <Entity entityId="uid://A002/X36dd78/X1" entityIdEncrypted="na" entityTypeName="CalReductionTable" schemaVersion="1" documentVersion="1" />
  </Table>
  <Table>
    <Name>CalSeeing</Name>
    <NumberRows>4</NumberRows>
    <Entity entityId="uid://A002/X36dd79/X1" entityIdEncrypted="na" entityTypeName="CalSeeingTable" schemaVersion="1" documentVersion="1" />
  </Table>
  <Table>
    <Name>CalWVR</Name>
    <NumberRows>450</NumberRows>
    <Entity entityId="uid://A002/X36dd7a/X1" entityIdEncrypted="na" entityTypeName="CalWVRTable" schemaVersion="1" documentVersion="1" />
  </Table>
  <Table>
    <Name>ConfigDescription</Name>
    <NumberRows>11</NumberRows>
    <Entity entityId="uid://A002/X36dd7b/X1" entityIdEncrypted="na" entityTypeName="ConfigDescriptionTable" schemaVersion="1" documentVersion="1" />
  </Table>
  <Table>
    <Name>CorrelatorMode</Name>
    <NumberRows>3</NumberRows>
    <Entity entityId="uid://A002/X36dd7c/X1" entityIdEncrypted="na" entityTypeName="CorrelatorModeTable" schemaVersion="1" documentVersion="1" />
  </Table>
  <Table>
    <Name>DataDescription</Name>
    <NumberRows>17</NumberRows>
    <Entity entityId="uid://A002/X36dd7d/X1" entityIdEncrypted="na" entityTypeName="DataDescriptionTable" schemaVersion="1" documentVersion="1" />
  </Table>
  <Table>
    <Name>DelayModel</Name>
    <NumberRows>0</NumberRows>
  </Table>
  <Table>
    <Name>Doppler</Name>
    <NumberRows>0</NumberRows>
  </Table>
  <Table>
    <Name>Ephemeris</Name>
    <NumberRows>0</NumberRows>
  </Table>
  <Table>
    <Name>ExecBlock</Name>
    <NumberRows>1</NumberRows>
    <Entity entityId="uid://A002/X36dd7e/X1" entityIdEncrypted="na" entityTypeName="ExecBlockTable" schemaVersion="1" documentVersion="1" />
  </Table>
  <Table>
    <Name>Feed</Name>
    <NumberRows>612</NumberRows>
    <Entity entityId="uid://A002/X36dd7f/X1" entityIdEncrypted="na" entityTypeName="FeedTable" schemaVersion="1" documentVersion="1" />
  </Table>
  <Table>
    <Name>Field</Name>
    <NumberRows>3</NumberRows>
    <Entity entityId="uid://A002/X36dd80/X1" entityIdEncrypted="na" entityTypeName="FieldTable" schemaVersion="1" documentVersion="1" />
  </Table>
  <Table>
    <Name>Flag</Name>
    <NumberRows>686</NumberRows>
    <Entity entityId="uid://A002/X36dd81/X1" entityIdEncrypted="na" entityTypeName="FlagTable" schemaVersion="1" documentVersion="1" />
  </Table>
  <Table>
    <Name>FlagCmd</Name>
    <NumberRows>0</NumberRows>
  </Table>
  <Table>
    <Name>Focus</Name>
    <NumberRows>1926</NumberRows>
    <Entity entityId="uid://A002/X36dd82/X1" entityIdEncrypted="na" entityTypeName="FocusTable" schemaVersion="1" documentVersion="1" />
  </Table>
  <Table>
    <Name>FocusModel</Name>
    <NumberRows>72</NumberRows>
    <Entity entityId="uid://A002/X36dd83/X1" entityIdEncrypted="na" entityTypeName="FocusModelTable" schemaVersion="1" documentVersion="1" />
  </Table>
  <Table>
    <Name>FreqOffset</Name>
    <NumberRows>0</NumberRows>
  </Table>
  <Table>
    <Name>GainTracking</Name>
    <NumberRows>0</NumberRows>
  </Table>
  <Table>
    <Name>History</Name>
    <NumberRows>0</NumberRows>
  </Table>
  <Table>
    <Name>Holography</Name>
    <NumberRows>0</NumberRows>
  </Table>
  <Table>
    <Name>Observation</Name>
    <NumberRows>0</NumberRows>
  </Table>
  <Table>
    <Name>Pointing</Name>
    <NumberRows>1926</NumberRows>
    <Entity entityId="uid://A002/X36dd84/X1" entityIdEncrypted="na" entityTypeName="PointingTable" schemaVersion="1" documentVersion="1" />
  </Table>
  <Table>
    <Name>PointingModel</Name>
    <NumberRows>360</NumberRows>
    <Entity entityId="uid://A002/X36dd8d/X1" entityIdEncrypted="na" entityTypeName="PointingModelTable" schemaVersion="1" documentVersion="1" />
  </Table>
  <Table>
    <Name>Polarization</Name>
    <NumberRows>2</NumberRows>
    <Entity entityId="uid://A002/X36dd8e/X1" entityIdEncrypted="na" entityTypeName="PolarizationTable" schemaVersion="1" documentVersion="1" />
  </Table>
  <Table>
    <Name>Processor</Name>
    <NumberRows>4</NumberRows>
    <Entity entityId="uid://A002/X36dd8f/X1" entityIdEncrypted="na" entityTypeName="ProcessorTable" schemaVersion="1" documentVersion="1" />
  </Table>
  <Table>
    <Name>Receiver</Name>
    <NumberRows>30</NumberRows>
    <Entity entityId="uid://A002/X36dd90/X1" entityIdEncrypted="na" entityTypeName="ReceiverTable" schemaVersion="1" documentVersion="1" />
  </Table>
  <Table>
    <Name>SBSummary</Name>
    <NumberRows>1</NumberRows>
    <Entity entityId="uid://A002/X36dd91/X1" entityIdEncrypted="na" entityTypeName="SBSummaryTable" schemaVersion="1" documentVersion="1" />
  </Table>
  <Table>
    <Name>Scale</Name>
    <NumberRows>0</NumberRows>
  </Table>
  <Table>
    <Name>Scan</Name>
    <NumberRows>26</NumberRows>
    <Entity entityId="uid://A002/X36dd92/X1" entityIdEncrypted="na" entityTypeName="ScanTable" schemaVersion="1" documentVersion="1" />
  </Table>
  <Table>
    <Name>Seeing</Name>
    <NumberRows>0</NumberRows>
  </Table>
  <Table>
    <Name>Source</Name>
    <NumberRows>105</NumberRows>
    <Entity entityId="uid://A002/X36dd93/X1" entityIdEncrypted="na" entityTypeName="SourceTable" schemaVersion="1" documentVersion="1" />
  </Table>
  <Table>
    <Name>SpectralWindow</Name>
    <NumberRows>35</NumberRows>
    <Entity entityId="uid://A002/X36dd94/X1" entityIdEncrypted="na" entityTypeName="SpectralWindowTable" schemaVersion="1" documentVersion="1" />
  </Table>
  <Table>
    <Name>SquareLawDetector</Name>
    <NumberRows>0</NumberRows>
  </Table>
  <Table>
    <Name>State</Name>
    <NumberRows>3</NumberRows>
    <Entity entityId="uid://A002/X36dd95/X1" entityIdEncrypted="na" entityTypeName="StateTable" schemaVersion="1" documentVersion="1" />
  </Table>
  <Table>
    <Name>Station</Name>
    <NumberRows>20</NumberRows>
    <Entity entityId="uid://A002/X36dd96/X1" entityIdEncrypted="na" entityTypeName="StationTable" schemaVersion="1" documentVersion="1" />
  </Table>
  <Table>
    <Name>Subscan</Name>
    <NumberRows>107</NumberRows>
    <Entity entityId="uid://A002/X36dd97/X1" entityIdEncrypted="na" entityTypeName="SubscanTable" schemaVersion="1" documentVersion="1" />
  </Table>
  <Table>
    <Name>SwitchCycle</Name>
    <NumberRows>1</NumberRows>
    <Entity entityId="uid://A002/X36dd98/X1" entityIdEncrypted="na" entityTypeName="SwitchCycleTable" schemaVersion="1" documentVersion="1" />
  </Table>
  <Table>
    <Name>SysCal</Name>
    <NumberRows>396</NumberRows>
    <Entity entityId="uid://A002/X36dd99/X1" entityIdEncrypted="na" entityTypeName="SysCalTable" schemaVersion="1" documentVersion="1" />
  </Table>
  <Table>
    <Name>TotalPower</Name>
    <NumberRows>0</NumberRows>
  </Table>
  <Table>
    <Name>WVMCal</Name>
    <NumberRows>0</NumberRows>
  </Table>
  <Table>
    <Name>Weather</Name>
    <NumberRows>312</NumberRows>
    <Entity entityId="uid://A002/X36dd9a/X1" entityIdEncrypted="na" entityTypeName="WeatherTable" schemaVersion="1" documentVersion="1" />
  </Table>
</ASDM>

