<?xml version="1.0" encoding="UTF-8"?>
<CalDataTable xmlns:xsi="http://www.w3.org/2001/XMLSchema-instance" xmlns:cldata="http://Alma/XASDM/CalDataTable" schemaVersion="3" schemaRevision="1.55.6.5">
  <Entity entityId="uid://A002/X36dd74/X1" entityIdEncrypted="na" entityTypeName="CalDataTable" schemaVersion="1" documentVersion="1" />
  <ContainerEntity entityId="uid://A002/X36d011/X63b" entityIdEncrypted="na" entityTypeName="ASDM" schemaVersion="1" documentVersion="1" />
  <row>
    <calDataId>CalData_0</calDataId>
    <startTimeObserved>4833142479585000000</startTimeObserved>
    <endTimeObserved>4833142573203000000</endTimeObserved>
    <execBlockUID>
      <EntityRef entityId="uid://A002/X36d011/X63b" partId="X00000000" entityTypeName="ASDM" documentVersion="1" />
    </execBlockUID>
    <calDataType>WVR</calDataType>
    <calType>CAL_WVR</calType>
    <numScan>1</numScan>
    <scanSet>1 1 1</scanSet>
    <assocCalNature>ASSOCIATED_EXECBLOCK</assocCalNature>
  </row>
  <row>
    <calDataId>CalData_1</calDataId>
    <startTimeObserved>4833142479585000000</startTimeObserved>
    <endTimeObserved>4833142573203000000</endTimeObserved>
    <execBlockUID>
      <EntityRef entityId="uid://A002/X36d011/X63b" partId="X00000000" entityTypeName="ASDM" documentVersion="1" />
    </execBlockUID>
    <calDataType>CHANNEL_AVERAGE_CROSS</calDataType>
    <calType>CAL_POINTING</calType>
    <numScan>1</numScan>
    <scanSet>1 1 1</scanSet>
    <assocCalNature>ASSOCIATED_EXECBLOCK</assocCalNature>
  </row>
  <row>
    <calDataId>CalData_2</calDataId>
    <startTimeObserved>4833142601819000000</startTimeObserved>
    <endTimeObserved>4833142708006000000</endTimeObserved>
    <execBlockUID>
      <EntityRef entityId="uid://A002/X36d011/X63b" partId="X00000000" entityTypeName="ASDM" documentVersion="1" />
    </execBlockUID>
    <calDataType>WVR</calDataType>
    <calType>CAL_WVR</calType>
    <numScan>1</numScan>
    <scanSet>1 1 2</scanSet>
    <assocCalNature>ASSOCIATED_EXECBLOCK</assocCalNature>
  </row>
  <row>
    <calDataId>CalData_3</calDataId>
    <startTimeObserved>4833142601819000000</startTimeObserved>
    <endTimeObserved>4833142708006000000</endTimeObserved>
    <execBlockUID>
      <EntityRef entityId="uid://A002/X36d011/X63b" partId="X00000000" entityTypeName="ASDM" documentVersion="1" />
    </execBlockUID>
    <calDataType>CHANNEL_AVERAGE_CROSS</calDataType>
    <calType>CAL_ATMOSPHERE</calType>
    <numScan>1</numScan>
    <scanSet>1 1 2</scanSet>
    <assocCalNature>ASSOCIATED_EXECBLOCK</assocCalNature>
  </row>
  <row>
    <calDataId>CalData_4</calDataId>
    <startTimeObserved>4833142738634000000</startTimeObserved>
    <endTimeObserved>4833142803156000000</endTimeObserved>
    <execBlockUID>
      <EntityRef entityId="uid://A002/X36d011/X63b" partId="X00000000" entityTypeName="ASDM" documentVersion="1" />
    </execBlockUID>
    <calDataType>WVR</calDataType>
    <calType>CAL_WVR</calType>
    <numScan>1</numScan>
    <scanSet>1 1 3</scanSet>
    <assocCalNature>ASSOCIATED_EXECBLOCK</assocCalNature>
  </row>
  <row>
    <calDataId>CalData_5</calDataId>
    <startTimeObserved>4833142738634000000</startTimeObserved>
    <endTimeObserved>4833142803156000000</endTimeObserved>
    <execBlockUID>
      <EntityRef entityId="uid://A002/X36d011/X63b" partId="X00000000" entityTypeName="ASDM" documentVersion="1" />
    </execBlockUID>
    <calDataType>FULL_RESOLUTION_AUTO</calDataType>
    <calType>CAL_ATMOSPHERE</calType>
    <numScan>1</numScan>
    <scanSet>1 1 3</scanSet>
    <assocCalNature>ASSOCIATED_EXECBLOCK</assocCalNature>
  </row>
  <row>
    <calDataId>CalData_6</calDataId>
    <startTimeObserved>4833142840207000000</startTimeObserved>
    <endTimeObserved>4833143061822000000</endTimeObserved>
    <execBlockUID>
      <EntityRef entityId="uid://A002/X36d011/X63b" partId="X00000000" entityTypeName="ASDM" documentVersion="1" />
    </execBlockUID>
    <calDataType>WVR</calDataType>
    <calType>CAL_WVR</calType>
    <numScan>1</numScan>
    <scanSet>1 1 4</scanSet>
    <assocCalNature>ASSOCIATED_EXECBLOCK</assocCalNature>
  </row>
  <row>
    <calDataId>CalData_7</calDataId>
    <startTimeObserved>4833142840207000000</startTimeObserved>
    <endTimeObserved>4833143061822000000</endTimeObserved>
    <execBlockUID>
      <EntityRef entityId="uid://A002/X36d011/X63b" partId="X00000000" entityTypeName="ASDM" documentVersion="1" />
    </execBlockUID>
    <calDataType>CHANNEL_AVERAGE_CROSS</calDataType>
    <calType>CAL_PHASE</calType>
    <numScan>1</numScan>
    <scanSet>1 1 4</scanSet>
    <assocCalNature>ASSOCIATED_EXECBLOCK</assocCalNature>
  </row>
  <row>
    <calDataId>CalData_8</calDataId>
    <startTimeObserved>4833142840207000000</startTimeObserved>
    <endTimeObserved>4833143061822000000</endTimeObserved>
    <execBlockUID>
      <EntityRef entityId="uid://A002/X36d011/X63b" partId="X00000000" entityTypeName="ASDM" documentVersion="1" />
    </execBlockUID>
    <calDataType>FULL_RESOLUTION_CROSS</calDataType>
    <calType>CAL_BANDPASS</calType>
    <numScan>1</numScan>
    <scanSet>1 1 4</scanSet>
    <assocCalNature>ASSOCIATED_EXECBLOCK</assocCalNature>
  </row>
  <row>
    <calDataId>CalData_9</calDataId>
    <startTimeObserved>4833143256518000000</startTimeObserved>
    <endTimeObserved>4833143311609000000</endTimeObserved>
    <execBlockUID>
      <EntityRef entityId="uid://A002/X36d011/X63b" partId="X00000000" entityTypeName="ASDM" documentVersion="1" />
    </execBlockUID>
    <calDataType>WVR</calDataType>
    <calType>CAL_WVR</calType>
    <numScan>1</numScan>
    <scanSet>1 1 6</scanSet>
    <assocCalNature>ASSOCIATED_EXECBLOCK</assocCalNature>
  </row>
  <row>
    <calDataId>CalData_10</calDataId>
    <startTimeObserved>4833143256518000000</startTimeObserved>
    <endTimeObserved>4833143311609000000</endTimeObserved>
    <execBlockUID>
      <EntityRef entityId="uid://A002/X36d011/X63b" partId="X00000000" entityTypeName="ASDM" documentVersion="1" />
    </execBlockUID>
    <calDataType>FULL_RESOLUTION_AUTO</calDataType>
    <calType>CAL_ATMOSPHERE</calType>
    <numScan>1</numScan>
    <scanSet>1 1 6</scanSet>
    <assocCalNature>ASSOCIATED_EXECBLOCK</assocCalNature>
  </row>
  <row>
    <calDataId>CalData_11</calDataId>
    <startTimeObserved>4833143341589000000</startTimeObserved>
    <endTimeObserved>4833143385207000000</endTimeObserved>
    <execBlockUID>
      <EntityRef entityId="uid://A002/X36d011/X63b" partId="X00000000" entityTypeName="ASDM" documentVersion="1" />
    </execBlockUID>
    <calDataType>WVR</calDataType>
    <calType>CAL_WVR</calType>
    <numScan>1</numScan>
    <scanSet>1 1 7</scanSet>
    <assocCalNature>ASSOCIATED_EXECBLOCK</assocCalNature>
  </row>
  <row>
    <calDataId>CalData_12</calDataId>
    <startTimeObserved>4833143341589000000</startTimeObserved>
    <endTimeObserved>4833143385207000000</endTimeObserved>
    <execBlockUID>
      <EntityRef entityId="uid://A002/X36d011/X63b" partId="X00000000" entityTypeName="ASDM" documentVersion="1" />
    </execBlockUID>
    <calDataType>CHANNEL_AVERAGE_CROSS</calDataType>
    <calType>CAL_PHASE</calType>
    <numScan>1</numScan>
    <scanSet>1 1 7</scanSet>
    <assocCalNature>ASSOCIATED_EXECBLOCK</assocCalNature>
  </row>
  <row>
    <calDataId>CalData_13</calDataId>
    <startTimeObserved>4833143402259000000</startTimeObserved>
    <endTimeObserved>4833143459255000000</endTimeObserved>
    <execBlockUID>
      <EntityRef entityId="uid://A002/X36d011/X63b" partId="X00000000" entityTypeName="ASDM" documentVersion="1" />
    </execBlockUID>
    <calDataType>WVR</calDataType>
    <calType>CAL_WVR</calType>
    <numScan>1</numScan>
    <scanSet>1 1 8</scanSet>
    <assocCalNature>ASSOCIATED_EXECBLOCK</assocCalNature>
  </row>
  <row>
    <calDataId>CalData_14</calDataId>
    <startTimeObserved>4833143402259000000</startTimeObserved>
    <endTimeObserved>4833143459255000000</endTimeObserved>
    <execBlockUID>
      <EntityRef entityId="uid://A002/X36d011/X63b" partId="X00000000" entityTypeName="ASDM" documentVersion="1" />
    </execBlockUID>
    <calDataType>FULL_RESOLUTION_AUTO</calDataType>
    <calType>CAL_ATMOSPHERE</calType>
    <numScan>1</numScan>
    <scanSet>1 1 8</scanSet>
    <assocCalNature>ASSOCIATED_EXECBLOCK</assocCalNature>
  </row>
  <row>
    <calDataId>CalData_15</calDataId>
    <startTimeObserved>4833143488781000000</startTimeObserved>
    <endTimeObserved>4833143923944000000</endTimeObserved>
    <execBlockUID>
      <EntityRef entityId="uid://A002/X36d011/X63b" partId="X00000000" entityTypeName="ASDM" documentVersion="1" />
    </execBlockUID>
    <calDataType>WVR</calDataType>
    <calType>CAL_WVR</calType>
    <numScan>1</numScan>
    <scanSet>1 1 9</scanSet>
    <assocCalNature>ASSOCIATED_EXECBLOCK</assocCalNature>
  </row>
  <row>
    <calDataId>CalData_16</calDataId>
    <startTimeObserved>4833143941030000000</startTimeObserved>
    <endTimeObserved>4833143991345000000</endTimeObserved>
    <execBlockUID>
      <EntityRef entityId="uid://A002/X36d011/X63b" partId="X00000000" entityTypeName="ASDM" documentVersion="1" />
    </execBlockUID>
    <calDataType>WVR</calDataType>
    <calType>CAL_WVR</calType>
    <numScan>1</numScan>
    <scanSet>1 1 10</scanSet>
    <assocCalNature>ASSOCIATED_EXECBLOCK</assocCalNature>
  </row>
  <row>
    <calDataId>CalData_17</calDataId>
    <startTimeObserved>4833143941030000000</startTimeObserved>
    <endTimeObserved>4833143991345000000</endTimeObserved>
    <execBlockUID>
      <EntityRef entityId="uid://A002/X36d011/X63b" partId="X00000000" entityTypeName="ASDM" documentVersion="1" />
    </execBlockUID>
    <calDataType>FULL_RESOLUTION_AUTO</calDataType>
    <calType>CAL_ATMOSPHERE</calType>
    <numScan>1</numScan>
    <scanSet>1 1 10</scanSet>
    <assocCalNature>ASSOCIATED_EXECBLOCK</assocCalNature>
  </row>
  <row>
    <calDataId>CalData_18</calDataId>
    <startTimeObserved>4833144014380000000</startTimeObserved>
    <endTimeObserved>4833144057978000000</endTimeObserved>
    <execBlockUID>
      <EntityRef entityId="uid://A002/X36d011/X63b" partId="X00000000" entityTypeName="ASDM" documentVersion="1" />
    </execBlockUID>
    <calDataType>WVR</calDataType>
    <calType>CAL_WVR</calType>
    <numScan>1</numScan>
    <scanSet>1 1 11</scanSet>
    <assocCalNature>ASSOCIATED_EXECBLOCK</assocCalNature>
  </row>
  <row>
    <calDataId>CalData_19</calDataId>
    <startTimeObserved>4833144014380000000</startTimeObserved>
    <endTimeObserved>4833144057978000000</endTimeObserved>
    <execBlockUID>
      <EntityRef entityId="uid://A002/X36d011/X63b" partId="X00000000" entityTypeName="ASDM" documentVersion="1" />
    </execBlockUID>
    <calDataType>CHANNEL_AVERAGE_CROSS</calDataType>
    <calType>CAL_PHASE</calType>
    <numScan>1</numScan>
    <scanSet>1 1 11</scanSet>
    <assocCalNature>ASSOCIATED_EXECBLOCK</assocCalNature>
  </row>
  <row>
    <calDataId>CalData_20</calDataId>
    <startTimeObserved>4833144076163000000</startTimeObserved>
    <endTimeObserved>4833144126403000000</endTimeObserved>
    <execBlockUID>
      <EntityRef entityId="uid://A002/X36d011/X63b" partId="X00000000" entityTypeName="ASDM" documentVersion="1" />
    </execBlockUID>
    <calDataType>WVR</calDataType>
    <calType>CAL_WVR</calType>
    <numScan>1</numScan>
    <scanSet>1 1 12</scanSet>
    <assocCalNature>ASSOCIATED_EXECBLOCK</assocCalNature>
  </row>
  <row>
    <calDataId>CalData_21</calDataId>
    <startTimeObserved>4833144076163000000</startTimeObserved>
    <endTimeObserved>4833144126403000000</endTimeObserved>
    <execBlockUID>
      <EntityRef entityId="uid://A002/X36d011/X63b" partId="X00000000" entityTypeName="ASDM" documentVersion="1" />
    </execBlockUID>
    <calDataType>FULL_RESOLUTION_AUTO</calDataType>
    <calType>CAL_ATMOSPHERE</calType>
    <numScan>1</numScan>
    <scanSet>1 1 12</scanSet>
    <assocCalNature>ASSOCIATED_EXECBLOCK</assocCalNature>
  </row>
  <row>
    <calDataId>CalData_22</calDataId>
    <startTimeObserved>4833144150182000000</startTimeObserved>
    <endTimeObserved>4833144585999000000</endTimeObserved>
    <execBlockUID>
      <EntityRef entityId="uid://A002/X36d011/X63b" partId="X00000000" entityTypeName="ASDM" documentVersion="1" />
    </execBlockUID>
    <calDataType>WVR</calDataType>
    <calType>CAL_WVR</calType>
    <numScan>1</numScan>
    <scanSet>1 1 13</scanSet>
    <assocCalNature>ASSOCIATED_EXECBLOCK</assocCalNature>
  </row>
  <row>
    <calDataId>CalData_23</calDataId>
    <startTimeObserved>4833144603641000000</startTimeObserved>
    <endTimeObserved>4833144654655000000</endTimeObserved>
    <execBlockUID>
      <EntityRef entityId="uid://A002/X36d011/X63b" partId="X00000000" entityTypeName="ASDM" documentVersion="1" />
    </execBlockUID>
    <calDataType>WVR</calDataType>
    <calType>CAL_WVR</calType>
    <numScan>1</numScan>
    <scanSet>1 1 14</scanSet>
    <assocCalNature>ASSOCIATED_EXECBLOCK</assocCalNature>
  </row>
  <row>
    <calDataId>CalData_24</calDataId>
    <startTimeObserved>4833144603641000000</startTimeObserved>
    <endTimeObserved>4833144654655000000</endTimeObserved>
    <execBlockUID>
      <EntityRef entityId="uid://A002/X36d011/X63b" partId="X00000000" entityTypeName="ASDM" documentVersion="1" />
    </execBlockUID>
    <calDataType>FULL_RESOLUTION_AUTO</calDataType>
    <calType>CAL_ATMOSPHERE</calType>
    <numScan>1</numScan>
    <scanSet>1 1 14</scanSet>
    <assocCalNature>ASSOCIATED_EXECBLOCK</assocCalNature>
  </row>
  <row>
    <calDataId>CalData_25</calDataId>
    <startTimeObserved>4833144678138000000</startTimeObserved>
    <endTimeObserved>4833144722283000000</endTimeObserved>
    <execBlockUID>
      <EntityRef entityId="uid://A002/X36d011/X63b" partId="X00000000" entityTypeName="ASDM" documentVersion="1" />
    </execBlockUID>
    <calDataType>WVR</calDataType>
    <calType>CAL_WVR</calType>
    <numScan>1</numScan>
    <scanSet>1 1 15</scanSet>
    <assocCalNature>ASSOCIATED_EXECBLOCK</assocCalNature>
  </row>
  <row>
    <calDataId>CalData_26</calDataId>
    <startTimeObserved>4833144678138000000</startTimeObserved>
    <endTimeObserved>4833144722283000000</endTimeObserved>
    <execBlockUID>
      <EntityRef entityId="uid://A002/X36d011/X63b" partId="X00000000" entityTypeName="ASDM" documentVersion="1" />
    </execBlockUID>
    <calDataType>CHANNEL_AVERAGE_CROSS</calDataType>
    <calType>CAL_PHASE</calType>
    <numScan>1</numScan>
    <scanSet>1 1 15</scanSet>
    <assocCalNature>ASSOCIATED_EXECBLOCK</assocCalNature>
  </row>
  <row>
    <calDataId>CalData_27</calDataId>
    <startTimeObserved>4833143368320000000</startTimeObserved>
    <endTimeObserved>4833144705360000000</endTimeObserved>
    <execBlockUID>
      <EntityRef entityId="uid://A002/X36d011/X63b" partId="X00000000" entityTypeName="ASDM" documentVersion="1" />
    </execBlockUID>
    <calDataType>CHANNEL_AVERAGE_CROSS</calDataType>
    <calType>CAL_CURVE</calType>
    <numScan>3</numScan>
    <scanSet>1 3 7 11 15</scanSet>
    <assocCalNature>ASSOCIATED_EXECBLOCK</assocCalNature>
  </row>
  <row>
    <calDataId>CalData_28</calDataId>
    <startTimeObserved>4833143368320000000</startTimeObserved>
    <endTimeObserved>4833144705360000000</endTimeObserved>
    <execBlockUID>
      <EntityRef entityId="uid://A002/X36d011/X63b" partId="X00000000" entityTypeName="ASDM" documentVersion="1" />
    </execBlockUID>
    <calDataType>CHANNEL_AVERAGE_CROSS</calDataType>
    <calType>CAL_SEEING</calType>
    <numScan>3</numScan>
    <scanSet>1 3 7 11 15</scanSet>
    <assocCalNature>ASSOCIATED_EXECBLOCK</assocCalNature>
  </row>
  <row>
    <calDataId>CalData_29</calDataId>
    <startTimeObserved>4833144740172000000</startTimeObserved>
    <endTimeObserved>4833144791837000000</endTimeObserved>
    <execBlockUID>
      <EntityRef entityId="uid://A002/X36d011/X63b" partId="X00000000" entityTypeName="ASDM" documentVersion="1" />
    </execBlockUID>
    <calDataType>WVR</calDataType>
    <calType>CAL_WVR</calType>
    <numScan>1</numScan>
    <scanSet>1 1 16</scanSet>
    <assocCalNature>ASSOCIATED_EXECBLOCK</assocCalNature>
  </row>
  <row>
    <calDataId>CalData_30</calDataId>
    <startTimeObserved>4833144740172000000</startTimeObserved>
    <endTimeObserved>4833144791837000000</endTimeObserved>
    <execBlockUID>
      <EntityRef entityId="uid://A002/X36d011/X63b" partId="X00000000" entityTypeName="ASDM" documentVersion="1" />
    </execBlockUID>
    <calDataType>FULL_RESOLUTION_AUTO</calDataType>
    <calType>CAL_ATMOSPHERE</calType>
    <numScan>1</numScan>
    <scanSet>1 1 16</scanSet>
    <assocCalNature>ASSOCIATED_EXECBLOCK</assocCalNature>
  </row>
  <row>
    <calDataId>CalData_31</calDataId>
    <startTimeObserved>4833144815361000000</startTimeObserved>
    <endTimeObserved>4833145250779000000</endTimeObserved>
    <execBlockUID>
      <EntityRef entityId="uid://A002/X36d011/X63b" partId="X00000000" entityTypeName="ASDM" documentVersion="1" />
    </execBlockUID>
    <calDataType>WVR</calDataType>
    <calType>CAL_WVR</calType>
    <numScan>1</numScan>
    <scanSet>1 1 17</scanSet>
    <assocCalNature>ASSOCIATED_EXECBLOCK</assocCalNature>
  </row>
  <row>
    <calDataId>CalData_32</calDataId>
    <startTimeObserved>4833145268802000000</startTimeObserved>
    <endTimeObserved>4833145324871000000</endTimeObserved>
    <execBlockUID>
      <EntityRef entityId="uid://A002/X36d011/X63b" partId="X00000000" entityTypeName="ASDM" documentVersion="1" />
    </execBlockUID>
    <calDataType>WVR</calDataType>
    <calType>CAL_WVR</calType>
    <numScan>1</numScan>
    <scanSet>1 1 18</scanSet>
    <assocCalNature>ASSOCIATED_EXECBLOCK</assocCalNature>
  </row>
  <row>
    <calDataId>CalData_33</calDataId>
    <startTimeObserved>4833145268802000000</startTimeObserved>
    <endTimeObserved>4833145324871000000</endTimeObserved>
    <execBlockUID>
      <EntityRef entityId="uid://A002/X36d011/X63b" partId="X00000000" entityTypeName="ASDM" documentVersion="1" />
    </execBlockUID>
    <calDataType>FULL_RESOLUTION_AUTO</calDataType>
    <calType>CAL_ATMOSPHERE</calType>
    <numScan>1</numScan>
    <scanSet>1 1 18</scanSet>
    <assocCalNature>ASSOCIATED_EXECBLOCK</assocCalNature>
  </row>
  <row>
    <calDataId>CalData_34</calDataId>
    <startTimeObserved>4833145355597000000</startTimeObserved>
    <endTimeObserved>4833145399090000000</endTimeObserved>
    <execBlockUID>
      <EntityRef entityId="uid://A002/X36d011/X63b" partId="X00000000" entityTypeName="ASDM" documentVersion="1" />
    </execBlockUID>
    <calDataType>WVR</calDataType>
    <calType>CAL_WVR</calType>
    <numScan>1</numScan>
    <scanSet>1 1 19</scanSet>
    <assocCalNature>ASSOCIATED_EXECBLOCK</assocCalNature>
  </row>
  <row>
    <calDataId>CalData_35</calDataId>
    <startTimeObserved>4833145355597000000</startTimeObserved>
    <endTimeObserved>4833145399090000000</endTimeObserved>
    <execBlockUID>
      <EntityRef entityId="uid://A002/X36d011/X63b" partId="X00000000" entityTypeName="ASDM" documentVersion="1" />
    </execBlockUID>
    <calDataType>CHANNEL_AVERAGE_CROSS</calDataType>
    <calType>CAL_PHASE</calType>
    <numScan>1</numScan>
    <scanSet>1 1 19</scanSet>
    <assocCalNature>ASSOCIATED_EXECBLOCK</assocCalNature>
  </row>
  <row>
    <calDataId>CalData_36</calDataId>
    <startTimeObserved>4833143368320000000</startTimeObserved>
    <endTimeObserved>4833145382352000000</endTimeObserved>
    <execBlockUID>
      <EntityRef entityId="uid://A002/X36d011/X63b" partId="X00000000" entityTypeName="ASDM" documentVersion="1" />
    </execBlockUID>
    <calDataType>CHANNEL_AVERAGE_CROSS</calDataType>
    <calType>CAL_CURVE</calType>
    <numScan>4</numScan>
    <scanSet>1 4 7 11 15 19</scanSet>
    <assocCalNature>ASSOCIATED_EXECBLOCK</assocCalNature>
  </row>
  <row>
    <calDataId>CalData_37</calDataId>
    <startTimeObserved>4833143368320000000</startTimeObserved>
    <endTimeObserved>4833145382352000000</endTimeObserved>
    <execBlockUID>
      <EntityRef entityId="uid://A002/X36d011/X63b" partId="X00000000" entityTypeName="ASDM" documentVersion="1" />
    </execBlockUID>
    <calDataType>CHANNEL_AVERAGE_CROSS</calDataType>
    <calType>CAL_SEEING</calType>
    <numScan>4</numScan>
    <scanSet>1 4 7 11 15 19</scanSet>
    <assocCalNature>ASSOCIATED_EXECBLOCK</assocCalNature>
  </row>
  <row>
    <calDataId>CalData_38</calDataId>
    <startTimeObserved>4833145418075000000</startTimeObserved>
    <endTimeObserved>4833145474169000000</endTimeObserved>
    <execBlockUID>
      <EntityRef entityId="uid://A002/X36d011/X63b" partId="X00000000" entityTypeName="ASDM" documentVersion="1" />
    </execBlockUID>
    <calDataType>WVR</calDataType>
    <calType>CAL_WVR</calType>
    <numScan>1</numScan>
    <scanSet>1 1 20</scanSet>
    <assocCalNature>ASSOCIATED_EXECBLOCK</assocCalNature>
  </row>
  <row>
    <calDataId>CalData_39</calDataId>
    <startTimeObserved>4833145418075000000</startTimeObserved>
    <endTimeObserved>4833145474169000000</endTimeObserved>
    <execBlockUID>
      <EntityRef entityId="uid://A002/X36d011/X63b" partId="X00000000" entityTypeName="ASDM" documentVersion="1" />
    </execBlockUID>
    <calDataType>FULL_RESOLUTION_AUTO</calDataType>
    <calType>CAL_ATMOSPHERE</calType>
    <numScan>1</numScan>
    <scanSet>1 1 20</scanSet>
    <assocCalNature>ASSOCIATED_EXECBLOCK</assocCalNature>
  </row>
  <row>
    <calDataId>CalData_40</calDataId>
    <startTimeObserved>4833145504227000000</startTimeObserved>
    <endTimeObserved>4833145939786000000</endTimeObserved>
    <execBlockUID>
      <EntityRef entityId="uid://A002/X36d011/X63b" partId="X00000000" entityTypeName="ASDM" documentVersion="1" />
    </execBlockUID>
    <calDataType>WVR</calDataType>
    <calType>CAL_WVR</calType>
    <numScan>1</numScan>
    <scanSet>1 1 21</scanSet>
    <assocCalNature>ASSOCIATED_EXECBLOCK</assocCalNature>
  </row>
  <row>
    <calDataId>CalData_41</calDataId>
    <startTimeObserved>4833145957057000000</startTimeObserved>
    <endTimeObserved>4833146007366000000</endTimeObserved>
    <execBlockUID>
      <EntityRef entityId="uid://A002/X36d011/X63b" partId="X00000000" entityTypeName="ASDM" documentVersion="1" />
    </execBlockUID>
    <calDataType>WVR</calDataType>
    <calType>CAL_WVR</calType>
    <numScan>1</numScan>
    <scanSet>1 1 22</scanSet>
    <assocCalNature>ASSOCIATED_EXECBLOCK</assocCalNature>
  </row>
  <row>
    <calDataId>CalData_42</calDataId>
    <startTimeObserved>4833145957057000000</startTimeObserved>
    <endTimeObserved>4833146007366000000</endTimeObserved>
    <execBlockUID>
      <EntityRef entityId="uid://A002/X36d011/X63b" partId="X00000000" entityTypeName="ASDM" documentVersion="1" />
    </execBlockUID>
    <calDataType>FULL_RESOLUTION_AUTO</calDataType>
    <calType>CAL_ATMOSPHERE</calType>
    <numScan>1</numScan>
    <scanSet>1 1 22</scanSet>
    <assocCalNature>ASSOCIATED_EXECBLOCK</assocCalNature>
  </row>
  <row>
    <calDataId>CalData_43</calDataId>
    <startTimeObserved>4833146030435000000</startTimeObserved>
    <endTimeObserved>4833146073817000000</endTimeObserved>
    <execBlockUID>
      <EntityRef entityId="uid://A002/X36d011/X63b" partId="X00000000" entityTypeName="ASDM" documentVersion="1" />
    </execBlockUID>
    <calDataType>WVR</calDataType>
    <calType>CAL_WVR</calType>
    <numScan>1</numScan>
    <scanSet>1 1 23</scanSet>
    <assocCalNature>ASSOCIATED_EXECBLOCK</assocCalNature>
  </row>
  <row>
    <calDataId>CalData_44</calDataId>
    <startTimeObserved>4833146030435000000</startTimeObserved>
    <endTimeObserved>4833146073817000000</endTimeObserved>
    <execBlockUID>
      <EntityRef entityId="uid://A002/X36d011/X63b" partId="X00000000" entityTypeName="ASDM" documentVersion="1" />
    </execBlockUID>
    <calDataType>CHANNEL_AVERAGE_CROSS</calDataType>
    <calType>CAL_PHASE</calType>
    <numScan>1</numScan>
    <scanSet>1 1 23</scanSet>
    <assocCalNature>ASSOCIATED_EXECBLOCK</assocCalNature>
  </row>
  <row>
    <calDataId>CalData_45</calDataId>
    <startTimeObserved>4833143368320000000</startTimeObserved>
    <endTimeObserved>4833146057040000000</endTimeObserved>
    <execBlockUID>
      <EntityRef entityId="uid://A002/X36d011/X63b" partId="X00000000" entityTypeName="ASDM" documentVersion="1" />
    </execBlockUID>
    <calDataType>CHANNEL_AVERAGE_CROSS</calDataType>
    <calType>CAL_CURVE</calType>
    <numScan>5</numScan>
    <scanSet>1 5 7 11 15 19 23</scanSet>
    <assocCalNature>ASSOCIATED_EXECBLOCK</assocCalNature>
  </row>
  <row>
    <calDataId>CalData_46</calDataId>
    <startTimeObserved>4833143368320000000</startTimeObserved>
    <endTimeObserved>4833146057040000000</endTimeObserved>
    <execBlockUID>
      <EntityRef entityId="uid://A002/X36d011/X63b" partId="X00000000" entityTypeName="ASDM" documentVersion="1" />
    </execBlockUID>
    <calDataType>CHANNEL_AVERAGE_CROSS</calDataType>
    <calType>CAL_SEEING</calType>
    <numScan>5</numScan>
    <scanSet>1 5 7 11 15 19 23</scanSet>
    <assocCalNature>ASSOCIATED_EXECBLOCK</assocCalNature>
  </row>
  <row>
    <calDataId>CalData_47</calDataId>
    <startTimeObserved>4833146091860000000</startTimeObserved>
    <endTimeObserved>4833146142427000000</endTimeObserved>
    <execBlockUID>
      <EntityRef entityId="uid://A002/X36d011/X63b" partId="X00000000" entityTypeName="ASDM" documentVersion="1" />
    </execBlockUID>
    <calDataType>WVR</calDataType>
    <calType>CAL_WVR</calType>
    <numScan>1</numScan>
    <scanSet>1 1 24</scanSet>
    <assocCalNature>ASSOCIATED_EXECBLOCK</assocCalNature>
  </row>
  <row>
    <calDataId>CalData_48</calDataId>
    <startTimeObserved>4833146091860000000</startTimeObserved>
    <endTimeObserved>4833146142427000000</endTimeObserved>
    <execBlockUID>
      <EntityRef entityId="uid://A002/X36d011/X63b" partId="X00000000" entityTypeName="ASDM" documentVersion="1" />
    </execBlockUID>
    <calDataType>FULL_RESOLUTION_AUTO</calDataType>
    <calType>CAL_ATMOSPHERE</calType>
    <numScan>1</numScan>
    <scanSet>1 1 24</scanSet>
    <assocCalNature>ASSOCIATED_EXECBLOCK</assocCalNature>
  </row>
  <row>
    <calDataId>CalData_49</calDataId>
    <startTimeObserved>4833146165261000000</startTimeObserved>
    <endTimeObserved>4833146244220000000</endTimeObserved>
    <execBlockUID>
      <EntityRef entityId="uid://A002/X36d011/X63b" partId="X00000000" entityTypeName="ASDM" documentVersion="1" />
    </execBlockUID>
    <calDataType>WVR</calDataType>
    <calType>CAL_WVR</calType>
    <numScan>1</numScan>
    <scanSet>1 1 25</scanSet>
    <assocCalNature>ASSOCIATED_EXECBLOCK</assocCalNature>
  </row>
  <row>
    <calDataId>CalData_50</calDataId>
    <startTimeObserved>4833146263690000000</startTimeObserved>
    <endTimeObserved>4833146307342000000</endTimeObserved>
    <execBlockUID>
      <EntityRef entityId="uid://A002/X36d011/X63b" partId="X00000000" entityTypeName="ASDM" documentVersion="1" />
    </execBlockUID>
    <calDataType>WVR</calDataType>
    <calType>CAL_WVR</calType>
    <numScan>1</numScan>
    <scanSet>1 1 26</scanSet>
    <assocCalNature>ASSOCIATED_EXECBLOCK</assocCalNature>
  </row>
  <row>
    <calDataId>CalData_51</calDataId>
    <startTimeObserved>4833146263690000000</startTimeObserved>
    <endTimeObserved>4833146307342000000</endTimeObserved>
    <execBlockUID>
      <EntityRef entityId="uid://A002/X36d011/X63b" partId="X00000000" entityTypeName="ASDM" documentVersion="1" />
    </execBlockUID>
    <calDataType>CHANNEL_AVERAGE_CROSS</calDataType>
    <calType>CAL_PHASE</calType>
    <numScan>1</numScan>
    <scanSet>1 1 26</scanSet>
    <assocCalNature>ASSOCIATED_EXECBLOCK</assocCalNature>
  </row>
  <row>
    <calDataId>CalData_52</calDataId>
    <startTimeObserved>4833143368320000000</startTimeObserved>
    <endTimeObserved>4833146290416000000</endTimeObserved>
    <execBlockUID>
      <EntityRef entityId="uid://A002/X36d011/X63b" partId="X00000000" entityTypeName="ASDM" documentVersion="1" />
    </execBlockUID>
    <calDataType>CHANNEL_AVERAGE_CROSS</calDataType>
    <calType>CAL_CURVE</calType>
    <numScan>6</numScan>
    <scanSet>1 6 7 11 15 19 23 26</scanSet>
    <assocCalNature>ASSOCIATED_EXECBLOCK</assocCalNature>
  </row>
  <row>
    <calDataId>CalData_53</calDataId>
    <startTimeObserved>4833143368320000000</startTimeObserved>
    <endTimeObserved>4833146290416000000</endTimeObserved>
    <execBlockUID>
      <EntityRef entityId="uid://A002/X36d011/X63b" partId="X00000000" entityTypeName="ASDM" documentVersion="1" />
    </execBlockUID>
    <calDataType>CHANNEL_AVERAGE_CROSS</calDataType>
    <calType>CAL_SEEING</calType>
    <numScan>6</numScan>
    <scanSet>1 6 7 11 15 19 23 26</scanSet>
    <assocCalNature>ASSOCIATED_EXECBLOCK</assocCalNature>
  </row>
</CalDataTable>

