<?xml version="1.0" encoding="UTF-8"?>
<CalPointingTable xmlns:xsi="http://www.w3.org/2001/XMLSchema-instance" xmlns:clpntg="http://Alma/XASDM/CalPointingTable" schemaVersion="3" schemaRevision="1.55.6.5">
  <Entity entityId="uid://A002/X36dd77/X1" entityIdEncrypted="na" entityTypeName="CalPointingTable" schemaVersion="1" documentVersion="1" />
  <ContainerEntity entityId="uid://A002/X36d011/X63b" entityIdEncrypted="na" entityTypeName="ASDM" schemaVersion="1" documentVersion="1" />
  <row>
    <antennaName>DA42</antennaName>
    <receiverBand>ALMA_RB_03</receiverBand>
    <startValidTime>4833142515264000000</startValidTime>
    <endValidTime>4833146115264000000</endValidTime>
    <ambientTemperature>269.9599914550781</ambientTemperature>
    <antennaMake>AEM_12</antennaMake>
    <atmPhaseCorrection>AP_UNCORRECTED</atmPhaseCorrection>
    <direction>1 2 -2.3746978913386543 1.2220617747440738</direction>
    <frequencyRange>1 2 9.00805125E10 1.058773875E11</frequencyRange>
    <pointingModelMode>RADIO</pointingModelMode>
    <pointingMethod>FIVE_POINT</pointingMethod>
    <numReceptor>2</numReceptor>
    <polarizationTypes>1 2 X Y</polarizationTypes>
    <collOffsetRelative>2 2 2 7.527130604822644E-7 2.648034431629115E-6 7.527130604822644E-7 2.648034431629115E-6</collOffsetRelative>
    <collOffsetAbsolute>2 2 2 -1.0397898180994035E-4 0.0035047050908407528 -1.0397898180994035E-4 0.0035047050908407528</collOffsetAbsolute>
    <collError>2 2 2 9.073651534797834E-7 9.072178464352025E-7 9.073651534797834E-7 9.072178464352025E-7</collError>
    <collOffsetTied>2 2 2 false false false false</collOffsetTied>
    <reducedChiSquared>1 2 0.0 0.0</reducedChiSquared>
    <averagedPolarizations>true</averagedPolarizations>
    <beamWidth>2 2 2 2.9167758781557557E-4 2.9167758781557557E-4 2.9167758781557557E-4 2.9167758781557557E-4</beamWidth>
    <beamWidthError>2 2 2 0.0 0.0 0.0 0.0</beamWidthError>
    <beamWidthWasFixed>1 2 true true</beamWidthWasFixed>
    <offIntensity>1 2 0.0 0.0</offIntensity>
    <offIntensityError>1 2 0.0 0.0</offIntensityError>
    <offIntensityWasFixed>false</offIntensityWasFixed>
    <peakIntensity>1 2 0.18504888902194086 0.18504888902194086</peakIntensity>
    <peakIntensityError>1 2 7.232184003527651E-4 7.232184003527651E-4</peakIntensityError>
    <peakIntensityWasFixed>false</peakIntensityWasFixed>
    <calDataId>CalData_1</calDataId>
    <calReductionId>CalReduction_1</calReductionId>
  </row>
  <row>
    <antennaName>DA43</antennaName>
    <receiverBand>ALMA_RB_03</receiverBand>
    <startValidTime>4833142515264000000</startValidTime>
    <endValidTime>4833146115264000000</endValidTime>
    <ambientTemperature>269.9599914550781</ambientTemperature>
    <antennaMake>AEM_12</antennaMake>
    <atmPhaseCorrection>AP_UNCORRECTED</atmPhaseCorrection>
    <direction>1 2 -2.374726819934285 1.2220498131732855</direction>
    <frequencyRange>1 2 9.00805125E10 1.058773875E11</frequencyRange>
    <pointingModelMode>RADIO</pointingModelMode>
    <pointingMethod>FIVE_POINT</pointingMethod>
    <numReceptor>2</numReceptor>
    <polarizationTypes>1 2 X Y</polarizationTypes>
    <collOffsetRelative>2 2 2 -5.767968711894984E-6 -4.382682664721267E-6 -5.767968711894984E-6 -4.382682664721267E-6</collOffsetRelative>
    <collOffsetAbsolute>2 2 2 -2.7667862428406567E-4 0.0020502322671323665 -2.7667862428406567E-4 0.0020502322671323665</collOffsetAbsolute>
    <collError>2 2 2 1.0927397791363843E-6 1.0931094128976932E-6 1.0927397791363843E-6 1.0931094128976932E-6</collError>
    <collOffsetTied>2 2 2 false false false false</collOffsetTied>
    <reducedChiSquared>1 2 0.0 0.0</reducedChiSquared>
    <averagedPolarizations>true</averagedPolarizations>
    <beamWidth>2 2 2 2.9167758781557557E-4 2.9167758781557557E-4 2.9167758781557557E-4 2.9167758781557557E-4</beamWidth>
    <beamWidthError>2 2 2 0.0 0.0 0.0 0.0</beamWidthError>
    <beamWidthWasFixed>1 2 true true</beamWidthWasFixed>
    <offIntensity>1 2 0.0 0.0</offIntensity>
    <offIntensityError>1 2 0.0 0.0</offIntensityError>
    <offIntensityWasFixed>false</offIntensityWasFixed>
    <peakIntensity>1 2 0.28647276982184305 0.28647276982184305</peakIntensity>
    <peakIntensityError>1 2 0.001349443737504555 0.001349443737504555</peakIntensityError>
    <peakIntensityWasFixed>false</peakIntensityWasFixed>
    <calDataId>CalData_1</calDataId>
    <calReductionId>CalReduction_1</calReductionId>
  </row>
  <row>
    <antennaName>DV01</antennaName>
    <receiverBand>ALMA_RB_03</receiverBand>
    <startValidTime>4833142515264000000</startValidTime>
    <endValidTime>4833146115264000000</endValidTime>
    <ambientTemperature>269.9599914550781</ambientTemperature>
    <antennaMake>VERTEX_12</antennaMake>
    <atmPhaseCorrection>AP_UNCORRECTED</atmPhaseCorrection>
    <direction>1 2 -2.3746683544441933 1.2220482303445457</direction>
    <frequencyRange>1 2 9.00805125E10 1.058773875E11</frequencyRange>
    <pointingModelMode>RADIO</pointingModelMode>
    <pointingMethod>FIVE_POINT</pointingMethod>
    <numReceptor>2</numReceptor>
    <polarizationTypes>1 2 X Y</polarizationTypes>
    <collOffsetRelative>2 2 2 1.642030281175961E-6 -7.301016016460712E-6 1.642030281175961E-6 -7.301016016460712E-6</collOffsetRelative>
    <collOffsetAbsolute>2 2 2 6.371325354270533E-4 0.00111072132737678 6.371325354270533E-4 0.00111072132737678</collOffsetAbsolute>
    <collError>2 2 2 9.977432463925987E-7 9.965544890218258E-7 9.977432463925987E-7 9.965544890218258E-7</collError>
    <collOffsetTied>2 2 2 false false false false</collOffsetTied>
    <reducedChiSquared>1 2 0.0 0.0</reducedChiSquared>
    <averagedPolarizations>true</averagedPolarizations>
    <beamWidth>2 2 2 2.9167758781557557E-4 2.9167758781557557E-4 2.9167758781557557E-4 2.9167758781557557E-4</beamWidth>
    <beamWidthError>2 2 2 0.0 0.0 0.0 0.0</beamWidthError>
    <beamWidthWasFixed>1 2 true true</beamWidthWasFixed>
    <offIntensity>1 2 0.0 0.0</offIntensity>
    <offIntensityError>1 2 0.0 0.0</offIntensityError>
    <offIntensityWasFixed>false</offIntensityWasFixed>
    <peakIntensity>1 2 0.2619218513455652 0.2619218513455652</peakIntensity>
    <peakIntensityError>1 2 0.0011258184734985698 0.0011258184734985698</peakIntensityError>
    <peakIntensityWasFixed>false</peakIntensityWasFixed>
    <calDataId>CalData_1</calDataId>
    <calReductionId>CalReduction_1</calReductionId>
  </row>
  <row>
    <antennaName>DV03</antennaName>
    <receiverBand>ALMA_RB_03</receiverBand>
    <startValidTime>4833142515264000000</startValidTime>
    <endValidTime>4833146115264000000</endValidTime>
    <ambientTemperature>269.9599914550781</ambientTemperature>
    <antennaMake>VERTEX_12</antennaMake>
    <atmPhaseCorrection>AP_UNCORRECTED</atmPhaseCorrection>
    <direction>1 2 -2.374712525133652 1.2220530401223952</direction>
    <frequencyRange>1 2 9.00805125E10 1.058773875E11</frequencyRange>
    <pointingModelMode>RADIO</pointingModelMode>
    <pointingMethod>FIVE_POINT</pointingMethod>
    <numReceptor>2</numReceptor>
    <polarizationTypes>1 2 X Y</polarizationTypes>
    <collOffsetRelative>2 2 2 4.763345888238532E-6 -1.1763875210634305E-5 4.763345888238532E-6 -1.1763875210634305E-5</collOffsetRelative>
    <collOffsetAbsolute>2 2 2 -0.002432519727927258 0.002313271568623295 -0.002432519727927258 0.002313271568623295</collOffsetAbsolute>
    <collError>2 2 2 9.99628045925878E-7 9.970387829596773E-7 9.99628045925878E-7 9.970387829596773E-7</collError>
    <collOffsetTied>2 2 2 false false false false</collOffsetTied>
    <reducedChiSquared>1 2 0.0 0.0</reducedChiSquared>
    <averagedPolarizations>true</averagedPolarizations>
    <beamWidth>2 2 2 2.9167758781557557E-4 2.9167758781557557E-4 2.9167758781557557E-4 2.9167758781557557E-4</beamWidth>
    <beamWidthError>2 2 2 0.0 0.0 0.0 0.0</beamWidthError>
    <beamWidthWasFixed>1 2 true true</beamWidthWasFixed>
    <offIntensity>1 2 0.0 0.0</offIntensity>
    <offIntensityError>1 2 0.0 0.0</offIntensityError>
    <offIntensityWasFixed>false</offIntensityWasFixed>
    <peakIntensity>1 2 0.2742167244024282 0.2742167244024282</peakIntensity>
    <peakIntensityError>1 2 0.0011817040673141998 0.0011817040673141998</peakIntensityError>
    <peakIntensityWasFixed>false</peakIntensityWasFixed>
    <calDataId>CalData_1</calDataId>
    <calReductionId>CalReduction_1</calReductionId>
  </row>
  <row>
    <antennaName>DV04</antennaName>
    <receiverBand>ALMA_RB_03</receiverBand>
    <startValidTime>4833142515264000000</startValidTime>
    <endValidTime>4833146115264000000</endValidTime>
    <ambientTemperature>269.9599914550781</ambientTemperature>
    <antennaMake>VERTEX_12</antennaMake>
    <atmPhaseCorrection>AP_UNCORRECTED</atmPhaseCorrection>
    <direction>1 2 -2.37470773300098 1.222056131213075</direction>
    <frequencyRange>1 2 9.00805125E10 1.058773875E11</frequencyRange>
    <pointingModelMode>RADIO</pointingModelMode>
    <pointingMethod>FIVE_POINT</pointingMethod>
    <numReceptor>2</numReceptor>
    <polarizationTypes>1 2 X Y</polarizationTypes>
    <collOffsetRelative>2 2 2 -4.495263305708266E-6 -6.284842338272004E-6 -4.495263305708266E-6 -6.284842338272004E-6</collOffsetRelative>
    <collOffsetAbsolute>2 2 2 0.001143631982219833 2.269507853580815E-4 0.001143631982219833 2.269507853580815E-4</collOffsetAbsolute>
    <collError>2 2 2 7.484949111188539E-7 7.481296501283024E-7 7.484949111188539E-7 7.481296501283024E-7</collError>
    <collOffsetTied>2 2 2 false false false false</collOffsetTied>
    <reducedChiSquared>1 2 0.0 0.0</reducedChiSquared>
    <averagedPolarizations>true</averagedPolarizations>
    <beamWidth>2 2 2 2.9167758781557557E-4 2.9167758781557557E-4 2.9167758781557557E-4 2.9167758781557557E-4</beamWidth>
    <beamWidthError>2 2 2 0.0 0.0 0.0 0.0</beamWidthError>
    <beamWidthWasFixed>1 2 true true</beamWidthWasFixed>
    <offIntensity>1 2 0.0 0.0</offIntensity>
    <offIntensityError>1 2 0.0 0.0</offIntensityError>
    <offIntensityWasFixed>false</offIntensityWasFixed>
    <peakIntensity>1 2 0.23514435057922972 0.23514435057922972</peakIntensity>
    <peakIntensityError>1 2 7.58505083004248E-4 7.58505083004248E-4</peakIntensityError>
    <peakIntensityWasFixed>false</peakIntensityWasFixed>
    <calDataId>CalData_1</calDataId>
    <calReductionId>CalReduction_1</calReductionId>
  </row>
  <row>
    <antennaName>DV05</antennaName>
    <receiverBand>ALMA_RB_03</receiverBand>
    <startValidTime>4833142515264000000</startValidTime>
    <endValidTime>4833146115264000000</endValidTime>
    <ambientTemperature>269.9599914550781</ambientTemperature>
    <antennaMake>VERTEX_12</antennaMake>
    <atmPhaseCorrection>AP_UNCORRECTED</atmPhaseCorrection>
    <direction>1 2 -2.374726564930012 1.2220567128511075</direction>
    <frequencyRange>1 2 9.00805125E10 1.058773875E11</frequencyRange>
    <pointingModelMode>RADIO</pointingModelMode>
    <pointingMethod>FIVE_POINT</pointingMethod>
    <numReceptor>2</numReceptor>
    <polarizationTypes>1 2 X Y</polarizationTypes>
    <collOffsetRelative>2 2 2 5.214135464490879E-6 -1.0839578393860693E-5 5.214135464490879E-6 -1.0839578393860693E-5</collOffsetRelative>
    <collOffsetAbsolute>2 2 2 -1.6048330287317964E-4 0.0010159492984777067 -1.6048330287317964E-4 0.0010159492984777067</collOffsetAbsolute>
    <collError>2 2 2 1.4380030521109767E-6 1.4350098350130856E-6 1.4380030521109767E-6 1.4350098350130856E-6</collError>
    <collOffsetTied>2 2 2 false false false false</collOffsetTied>
    <reducedChiSquared>1 2 0.0 0.0</reducedChiSquared>
    <averagedPolarizations>true</averagedPolarizations>
    <beamWidth>2 2 2 2.9167758781557557E-4 2.9167758781557557E-4 2.9167758781557557E-4 2.9167758781557557E-4</beamWidth>
    <beamWidthError>2 2 2 0.0 0.0 0.0 0.0</beamWidthError>
    <beamWidthWasFixed>1 2 true true</beamWidthWasFixed>
    <offIntensity>1 2 0.0 0.0</offIntensity>
    <offIntensityError>1 2 0.0 0.0</offIntensityError>
    <offIntensityWasFixed>false</offIntensityWasFixed>
    <peakIntensity>1 2 0.21676273538324456 0.21676273538324456</peakIntensity>
    <peakIntensityError>1 2 0.0013438724822763056 0.0013438724822763056</peakIntensityError>
    <peakIntensityWasFixed>false</peakIntensityWasFixed>
    <calDataId>CalData_1</calDataId>
    <calReductionId>CalReduction_1</calReductionId>
  </row>
  <row>
    <antennaName>DV06</antennaName>
    <receiverBand>ALMA_RB_03</receiverBand>
    <startValidTime>4833142515264000000</startValidTime>
    <endValidTime>4833146115264000000</endValidTime>
    <ambientTemperature>269.9599914550781</ambientTemperature>
    <antennaMake>VERTEX_12</antennaMake>
    <atmPhaseCorrection>AP_UNCORRECTED</atmPhaseCorrection>
    <direction>1 2 -2.3747120367031838 1.2220586423005941</direction>
    <frequencyRange>1 2 9.00805125E10 1.058773875E11</frequencyRange>
    <pointingModelMode>RADIO</pointingModelMode>
    <pointingMethod>FIVE_POINT</pointingMethod>
    <numReceptor>2</numReceptor>
    <polarizationTypes>1 2 X Y</polarizationTypes>
    <collOffsetRelative>2 2 2 1.0870169573124657E-5 -3.9294228737930815E-6 1.0870169573124657E-5 -3.9294228737930815E-6</collOffsetRelative>
    <collOffsetAbsolute>2 2 2 -3.6656934102269985E-4 -5.708335474480504E-4 -3.6656934102269985E-4 -5.708335474480504E-4</collOffsetAbsolute>
    <collError>2 2 2 8.804502644835135E-7 8.826267676244918E-7 8.804502644835135E-7 8.826267676244918E-7</collError>
    <collOffsetTied>2 2 2 false false false false</collOffsetTied>
    <reducedChiSquared>1 2 0.0 0.0</reducedChiSquared>
    <averagedPolarizations>true</averagedPolarizations>
    <beamWidth>2 2 2 2.9167758781557557E-4 2.9167758781557557E-4 2.9167758781557557E-4 2.9167758781557557E-4</beamWidth>
    <beamWidthError>2 2 2 0.0 0.0 0.0 0.0</beamWidthError>
    <beamWidthWasFixed>1 2 true true</beamWidthWasFixed>
    <offIntensity>1 2 0.0 0.0</offIntensity>
    <offIntensityError>1 2 0.0 0.0</offIntensityError>
    <offIntensityWasFixed>false</offIntensityWasFixed>
    <peakIntensity>1 2 0.250596386276026 0.250596386276026</peakIntensity>
    <peakIntensityError>1 2 9.533393052078555E-4 9.533393052078555E-4</peakIntensityError>
    <peakIntensityWasFixed>false</peakIntensityWasFixed>
    <calDataId>CalData_1</calDataId>
    <calReductionId>CalReduction_1</calReductionId>
  </row>
  <row>
    <antennaName>DV07</antennaName>
    <receiverBand>ALMA_RB_03</receiverBand>
    <startValidTime>4833142515264000000</startValidTime>
    <endValidTime>4833146115264000000</endValidTime>
    <ambientTemperature>269.9599914550781</ambientTemperature>
    <antennaMake>VERTEX_12</antennaMake>
    <atmPhaseCorrection>AP_UNCORRECTED</atmPhaseCorrection>
    <direction>1 2 -2.3747135954113383 1.222068974033582</direction>
    <frequencyRange>1 2 9.00805125E10 1.058773875E11</frequencyRange>
    <pointingModelMode>RADIO</pointingModelMode>
    <pointingMethod>FIVE_POINT</pointingMethod>
    <numReceptor>2</numReceptor>
    <polarizationTypes>1 2 X Y</polarizationTypes>
    <collOffsetRelative>2 2 2 8.783540919834381E-6 -4.834563881113982E-6 8.783540919834381E-6 -4.834563881113982E-6</collOffsetRelative>
    <collOffsetAbsolute>2 2 2 9.705993424592984E-4 -2.967034590847182E-4 9.705993424592984E-4 -2.967034590847182E-4</collOffsetAbsolute>
    <collError>2 2 2 1.150832582926005E-6 1.1522570105250949E-6 1.150832582926005E-6 1.1522570105250949E-6</collError>
    <collOffsetTied>2 2 2 false false false false</collOffsetTied>
    <reducedChiSquared>1 2 0.0 0.0</reducedChiSquared>
    <averagedPolarizations>true</averagedPolarizations>
    <beamWidth>2 2 2 2.9167758781557557E-4 2.9167758781557557E-4 2.9167758781557557E-4 2.9167758781557557E-4</beamWidth>
    <beamWidthError>2 2 2 0.0 0.0 0.0 0.0</beamWidthError>
    <beamWidthWasFixed>1 2 true true</beamWidthWasFixed>
    <offIntensity>1 2 0.0 0.0</offIntensity>
    <offIntensityError>1 2 0.0 0.0</offIntensityError>
    <offIntensityWasFixed>false</offIntensityWasFixed>
    <peakIntensity>1 2 0.25058759069062586 0.25058759069062586</peakIntensity>
    <peakIntensityError>1 2 0.0012447238135438025 0.0012447238135438025</peakIntensityError>
    <peakIntensityWasFixed>false</peakIntensityWasFixed>
    <calDataId>CalData_1</calDataId>
    <calReductionId>CalReduction_1</calReductionId>
  </row>
  <row>
    <antennaName>DV10</antennaName>
    <receiverBand>ALMA_RB_03</receiverBand>
    <startValidTime>4833142515264000000</startValidTime>
    <endValidTime>4833146115264000000</endValidTime>
    <ambientTemperature>269.9599914550781</ambientTemperature>
    <antennaMake>VERTEX_12</antennaMake>
    <atmPhaseCorrection>AP_UNCORRECTED</atmPhaseCorrection>
    <direction>1 2 -2.3747377608262776 1.2220556226228065</direction>
    <frequencyRange>1 2 9.00805125E10 1.058773875E11</frequencyRange>
    <pointingModelMode>RADIO</pointingModelMode>
    <pointingMethod>FIVE_POINT</pointingMethod>
    <numReceptor>2</numReceptor>
    <polarizationTypes>1 2 X Y</polarizationTypes>
    <collOffsetRelative>2 2 2 3.7480640908210605E-6 -2.003523196907787E-6 3.7480640908210605E-6 -2.003523196907787E-6</collOffsetRelative>
    <collOffsetAbsolute>2 2 2 -0.0016142165028598826 -7.495261552332449E-4 -0.0016142165028598826 -7.495261552332449E-4</collOffsetAbsolute>
    <collError>2 2 2 7.969094675968519E-7 7.971026160767551E-7 7.969094675968519E-7 7.971026160767551E-7</collError>
    <collOffsetTied>2 2 2 false false false false</collOffsetTied>
    <reducedChiSquared>1 2 0.0 0.0</reducedChiSquared>
    <averagedPolarizations>true</averagedPolarizations>
    <beamWidth>2 2 2 2.9167758781557557E-4 2.9167758781557557E-4 2.9167758781557557E-4 2.9167758781557557E-4</beamWidth>
    <beamWidthError>2 2 2 0.0 0.0 0.0 0.0</beamWidthError>
    <beamWidthWasFixed>1 2 true true</beamWidthWasFixed>
    <offIntensity>1 2 0.0 0.0</offIntensity>
    <offIntensityError>1 2 0.0 0.0</offIntensityError>
    <offIntensityWasFixed>false</offIntensityWasFixed>
    <peakIntensity>1 2 0.27144001377863297 0.27144001377863297</peakIntensity>
    <peakIntensityError>1 2 9.319549426190586E-4 9.319549426190586E-4</peakIntensityError>
    <peakIntensityWasFixed>false</peakIntensityWasFixed>
    <calDataId>CalData_1</calDataId>
    <calReductionId>CalReduction_1</calReductionId>
  </row>
  <row>
    <antennaName>DV11</antennaName>
    <receiverBand>ALMA_RB_03</receiverBand>
    <startValidTime>4833142515264000000</startValidTime>
    <endValidTime>4833146115264000000</endValidTime>
    <ambientTemperature>269.9599914550781</ambientTemperature>
    <antennaMake>VERTEX_12</antennaMake>
    <atmPhaseCorrection>AP_UNCORRECTED</atmPhaseCorrection>
    <direction>1 2 -2.374702937663652 1.2220695849270917</direction>
    <frequencyRange>1 2 9.00805125E10 1.058773875E11</frequencyRange>
    <pointingModelMode>RADIO</pointingModelMode>
    <pointingMethod>FIVE_POINT</pointingMethod>
    <numReceptor>2</numReceptor>
    <polarizationTypes>1 2 X Y</polarizationTypes>
    <collOffsetRelative>2 2 2 1.66834562832482E-5 -5.9378505094432975E-6 1.66834562832482E-5 -5.9378505094432975E-6</collOffsetRelative>
    <collOffsetAbsolute>2 2 2 -6.742532572983056E-4 -8.424682928307951E-4 -6.742532572983056E-4 -8.424682928307951E-4</collOffsetAbsolute>
    <collError>2 2 2 9.540622302018936E-7 9.595373370914564E-7 9.540622302018936E-7 9.595373370914564E-7</collError>
    <collOffsetTied>2 2 2 false false false false</collOffsetTied>
    <reducedChiSquared>1 2 0.0 0.0</reducedChiSquared>
    <averagedPolarizations>true</averagedPolarizations>
    <beamWidth>2 2 2 2.9167758781557557E-4 2.9167758781557557E-4 2.9167758781557557E-4 2.9167758781557557E-4</beamWidth>
    <beamWidthError>2 2 2 0.0 0.0 0.0 0.0</beamWidthError>
    <beamWidthWasFixed>1 2 true true</beamWidthWasFixed>
    <offIntensity>1 2 0.0 0.0</offIntensity>
    <offIntensityError>1 2 0.0 0.0</offIntensityError>
    <offIntensityWasFixed>false</offIntensityWasFixed>
    <peakIntensity>1 2 0.26186318265504727 0.26186318265504727</peakIntensity>
    <peakIntensityError>1 2 0.0010839822392629927 0.0010839822392629927</peakIntensityError>
    <peakIntensityWasFixed>false</peakIntensityWasFixed>
    <calDataId>CalData_1</calDataId>
    <calReductionId>CalReduction_1</calReductionId>
  </row>
  <row>
    <antennaName>DV12</antennaName>
    <receiverBand>ALMA_RB_03</receiverBand>
    <startValidTime>4833142515264000000</startValidTime>
    <endValidTime>4833146115264000000</endValidTime>
    <ambientTemperature>269.9599914550781</ambientTemperature>
    <antennaMake>VERTEX_12</antennaMake>
    <atmPhaseCorrection>AP_UNCORRECTED</atmPhaseCorrection>
    <direction>1 2 -2.374693572728567 1.2220528031004574</direction>
    <frequencyRange>1 2 9.00805125E10 1.058773875E11</frequencyRange>
    <pointingModelMode>RADIO</pointingModelMode>
    <pointingMethod>FIVE_POINT</pointingMethod>
    <numReceptor>2</numReceptor>
    <polarizationTypes>1 2 X Y</polarizationTypes>
    <collOffsetRelative>2 2 2 3.079042454524724E-6 -3.454645088184204E-7 3.079042454524724E-6 -3.454645088184204E-7</collOffsetRelative>
    <collOffsetAbsolute>2 2 2 -8.171597275543113E-4 0.0012570122140946503 -8.171597275543113E-4 0.0012570122140946503</collOffsetAbsolute>
    <collError>2 2 2 8.986474447986825E-7 8.988450373248764E-7 8.986474447986825E-7 8.988450373248764E-7</collError>
    <collOffsetTied>2 2 2 false false false false</collOffsetTied>
    <reducedChiSquared>1 2 0.0 0.0</reducedChiSquared>
    <averagedPolarizations>true</averagedPolarizations>
    <beamWidth>2 2 2 2.9167758781557557E-4 2.9167758781557557E-4 2.9167758781557557E-4 2.9167758781557557E-4</beamWidth>
    <beamWidthError>2 2 2 0.0 0.0 0.0 0.0</beamWidthError>
    <beamWidthWasFixed>1 2 true true</beamWidthWasFixed>
    <offIntensity>1 2 0.0 0.0</offIntensity>
    <offIntensityError>1 2 0.0 0.0</offIntensityError>
    <offIntensityWasFixed>false</offIntensityWasFixed>
    <peakIntensity>1 2 0.233032582404585 0.233032582404585</peakIntensity>
    <peakIntensityError>1 2 9.021949031762716E-4 9.021949031762716E-4</peakIntensityError>
    <peakIntensityWasFixed>false</peakIntensityWasFixed>
    <calDataId>CalData_1</calDataId>
    <calReductionId>CalReduction_1</calReductionId>
  </row>
  <row>
    <antennaName>DV13</antennaName>
    <receiverBand>ALMA_RB_03</receiverBand>
    <startValidTime>4833142515264000000</startValidTime>
    <endValidTime>4833146115264000000</endValidTime>
    <ambientTemperature>269.9599914550781</ambientTemperature>
    <antennaMake>VERTEX_12</antennaMake>
    <atmPhaseCorrection>AP_UNCORRECTED</atmPhaseCorrection>
    <direction>1 2 -2.3747215703495326 1.222062062837299</direction>
    <frequencyRange>1 2 9.00805125E10 1.058773875E11</frequencyRange>
    <pointingModelMode>RADIO</pointingModelMode>
    <pointingMethod>FIVE_POINT</pointingMethod>
    <numReceptor>2</numReceptor>
    <polarizationTypes>1 2 X Y</polarizationTypes>
    <collOffsetRelative>2 2 2 -4.7252733650707514E-7 6.327311020078796E-6 -4.7252733650707514E-7 6.327311020078796E-6</collOffsetRelative>
    <collOffsetAbsolute>2 2 2 -3.2494332314915377E-4 0.0010788469948769049 -3.2494332314915377E-4 0.0010788469948769049</collOffsetAbsolute>
    <collError>2 2 2 7.746293449207297E-7 7.739147731892651E-7 7.746293449207297E-7 7.739147731892651E-7</collError>
    <collOffsetTied>2 2 2 false false false false</collOffsetTied>
    <reducedChiSquared>1 2 0.0 0.0</reducedChiSquared>
    <averagedPolarizations>true</averagedPolarizations>
    <beamWidth>2 2 2 2.9167758781557557E-4 2.9167758781557557E-4 2.9167758781557557E-4 2.9167758781557557E-4</beamWidth>
    <beamWidthError>2 2 2 0.0 0.0 0.0 0.0</beamWidthError>
    <beamWidthWasFixed>1 2 true true</beamWidthWasFixed>
    <offIntensity>1 2 0.0 0.0</offIntensity>
    <offIntensityError>1 2 0.0 0.0</offIntensityError>
    <offIntensityWasFixed>false</offIntensityWasFixed>
    <peakIntensity>1 2 0.24102408306474588 0.24102408306474588</peakIntensity>
    <peakIntensityError>1 2 8.042498720451405E-4 8.042498720451405E-4</peakIntensityError>
    <peakIntensityWasFixed>false</peakIntensityWasFixed>
    <calDataId>CalData_1</calDataId>
    <calReductionId>CalReduction_1</calReductionId>
  </row>
  <row>
    <antennaName>DV14</antennaName>
    <receiverBand>ALMA_RB_03</receiverBand>
    <startValidTime>4833142515264000000</startValidTime>
    <endValidTime>4833146115264000000</endValidTime>
    <ambientTemperature>269.9599914550781</ambientTemperature>
    <antennaMake>VERTEX_12</antennaMake>
    <atmPhaseCorrection>AP_UNCORRECTED</atmPhaseCorrection>
    <direction>1 2 -2.3747326666169846 1.222062580114124</direction>
    <frequencyRange>1 2 9.00805125E10 1.058773875E11</frequencyRange>
    <pointingModelMode>RADIO</pointingModelMode>
    <pointingMethod>FIVE_POINT</pointingMethod>
    <numReceptor>2</numReceptor>
    <polarizationTypes>1 2 X Y</polarizationTypes>
    <collOffsetRelative>2 2 2 2.0295493292212974E-6 2.417969638147503E-7 2.0295493292212974E-6 2.417969638147503E-7</collOffsetRelative>
    <collOffsetAbsolute>2 2 2 0.0011255095861604954 8.557233994970846E-4 0.0011255095861604954 8.557233994970846E-4</collOffsetAbsolute>
    <collError>2 2 2 6.15142047093095E-7 6.151952631711439E-7 6.15142047093095E-7 6.151952631711439E-7</collError>
    <collOffsetTied>2 2 2 false false false false</collOffsetTied>
    <reducedChiSquared>1 2 0.0 0.0</reducedChiSquared>
    <averagedPolarizations>true</averagedPolarizations>
    <beamWidth>2 2 2 2.9167758781557557E-4 2.9167758781557557E-4 2.9167758781557557E-4 2.9167758781557557E-4</beamWidth>
    <beamWidthError>2 2 2 0.0 0.0 0.0 0.0</beamWidthError>
    <beamWidthWasFixed>1 2 true true</beamWidthWasFixed>
    <offIntensity>1 2 0.0 0.0</offIntensity>
    <offIntensityError>1 2 0.0 0.0</offIntensityError>
    <offIntensityWasFixed>false</offIntensityWasFixed>
    <peakIntensity>1 2 0.2853980826328533 0.2853980826328533</peakIntensity>
    <peakIntensityError>1 2 7.562409017052446E-4 7.562409017052446E-4</peakIntensityError>
    <peakIntensityWasFixed>false</peakIntensityWasFixed>
    <calDataId>CalData_1</calDataId>
    <calReductionId>CalReduction_1</calReductionId>
  </row>
  <row>
    <antennaName>DV15</antennaName>
    <receiverBand>ALMA_RB_03</receiverBand>
    <startValidTime>4833142515264000000</startValidTime>
    <endValidTime>4833146115264000000</endValidTime>
    <ambientTemperature>269.9599914550781</ambientTemperature>
    <antennaMake>VERTEX_12</antennaMake>
    <atmPhaseCorrection>AP_UNCORRECTED</atmPhaseCorrection>
    <direction>1 2 -2.3746894034451054 1.2220585305056786</direction>
    <frequencyRange>1 2 9.00805125E10 1.058773875E11</frequencyRange>
    <pointingModelMode>RADIO</pointingModelMode>
    <pointingMethod>FIVE_POINT</pointingMethod>
    <numReceptor>2</numReceptor>
    <polarizationTypes>1 2 X Y</polarizationTypes>
    <collOffsetRelative>2 2 2 -4.8987402113164495E-6 -6.243630661704786E-6 -4.8987402113164495E-6 -6.243630661704786E-6</collOffsetRelative>
    <collOffsetAbsolute>2 2 2 -5.030840271715893E-4 0.0021433409979257304 -5.030840271715893E-4 0.0021433409979257304</collOffsetAbsolute>
    <collError>2 2 2 1.0013248522448363E-6 1.0009656850103784E-6 1.0013248522448363E-6 1.0009656850103784E-6</collError>
    <collOffsetTied>2 2 2 false false false false</collOffsetTied>
    <reducedChiSquared>1 2 0.0 0.0</reducedChiSquared>
    <averagedPolarizations>true</averagedPolarizations>
    <beamWidth>2 2 2 2.9167758781557557E-4 2.9167758781557557E-4 2.9167758781557557E-4 2.9167758781557557E-4</beamWidth>
    <beamWidthError>2 2 2 0.0 0.0 0.0 0.0</beamWidthError>
    <beamWidthWasFixed>1 2 true true</beamWidthWasFixed>
    <offIntensity>1 2 0.0 0.0</offIntensity>
    <offIntensityError>1 2 0.0 0.0</offIntensityError>
    <offIntensityWasFixed>false</offIntensityWasFixed>
    <peakIntensity>1 2 0.24671721937402663 0.24671721937402663</peakIntensity>
    <peakIntensityError>1 2 0.0010648428480483322 0.0010648428480483322</peakIntensityError>
    <peakIntensityWasFixed>false</peakIntensityWasFixed>
    <calDataId>CalData_1</calDataId>
    <calReductionId>CalReduction_1</calReductionId>
  </row>
  <row>
    <antennaName>DV16</antennaName>
    <receiverBand>ALMA_RB_03</receiverBand>
    <startValidTime>4833142515264000000</startValidTime>
    <endValidTime>4833146115264000000</endValidTime>
    <ambientTemperature>269.9599914550781</ambientTemperature>
    <antennaMake>VERTEX_12</antennaMake>
    <atmPhaseCorrection>AP_UNCORRECTED</atmPhaseCorrection>
    <direction>1 2 -2.3747255268662166 1.2220803213563836</direction>
    <frequencyRange>1 2 9.00805125E10 1.058773875E11</frequencyRange>
    <pointingModelMode>RADIO</pointingModelMode>
    <pointingMethod>FIVE_POINT</pointingMethod>
    <numReceptor>2</numReceptor>
    <polarizationTypes>1 2 X Y</polarizationTypes>
    <collOffsetRelative>2 2 2 2.237990091282263E-6 -6.654965679703447E-7 2.237990091282263E-6 -6.654965679703447E-7</collOffsetRelative>
    <collOffsetAbsolute>2 2 2 0.0012881989495688274 -0.0010647300026414269 0.0012881989495688274 -0.0010647300026414269</collOffsetAbsolute>
    <collError>2 2 2 9.436337903536885E-7 9.437412037099354E-7 9.436337903536885E-7 9.437412037099354E-7</collError>
    <collOffsetTied>2 2 2 false false false false</collOffsetTied>
    <reducedChiSquared>1 2 0.0 0.0</reducedChiSquared>
    <averagedPolarizations>true</averagedPolarizations>
    <beamWidth>2 2 2 2.9167758781557557E-4 2.9167758781557557E-4 2.9167758781557557E-4 2.9167758781557557E-4</beamWidth>
    <beamWidthError>2 2 2 0.0 0.0 0.0 0.0</beamWidthError>
    <beamWidthWasFixed>1 2 true true</beamWidthWasFixed>
    <offIntensity>1 2 0.0 0.0</offIntensity>
    <offIntensityError>1 2 0.0 0.0</offIntensityError>
    <offIntensityWasFixed>false</offIntensityWasFixed>
    <peakIntensity>1 2 0.2725421470626447 0.2725421470626447</peakIntensity>
    <peakIntensityError>1 2 0.0011077176433944645 0.0011077176433944645</peakIntensityError>
    <peakIntensityWasFixed>false</peakIntensityWasFixed>
    <calDataId>CalData_1</calDataId>
    <calReductionId>CalReduction_1</calReductionId>
  </row>
  <row>
    <antennaName>PM01</antennaName>
    <receiverBand>ALMA_RB_03</receiverBand>
    <startValidTime>4833142515264000000</startValidTime>
    <endValidTime>4833146115264000000</endValidTime>
    <ambientTemperature>269.9599914550781</ambientTemperature>
    <antennaMake>MITSUBISHI_12_B</antennaMake>
    <atmPhaseCorrection>AP_UNCORRECTED</atmPhaseCorrection>
    <direction>1 2 -2.37471203755475 1.2220637139818882</direction>
    <frequencyRange>1 2 9.00805125E10 1.058773875E11</frequencyRange>
    <pointingModelMode>RADIO</pointingModelMode>
    <pointingMethod>FIVE_POINT</pointingMethod>
    <numReceptor>2</numReceptor>
    <polarizationTypes>1 2 X Y</polarizationTypes>
    <collOffsetRelative>2 2 2 8.343010448041967E-6 -2.0990094516557973E-6 8.343010448041967E-6 -2.0990094516557973E-6</collOffsetRelative>
    <collOffsetAbsolute>2 2 2 -0.0051576059929192035 0.0018370993592876261 -0.0051576059929192035 0.0018370993592876261</collOffsetAbsolute>
    <collError>2 2 2 8.395965953649852E-7 8.408844128801995E-7 8.395965953649852E-7 8.408844128801995E-7</collError>
    <collOffsetTied>2 2 2 false false false false</collOffsetTied>
    <reducedChiSquared>1 2 0.0 0.0</reducedChiSquared>
    <averagedPolarizations>true</averagedPolarizations>
    <beamWidth>2 2 2 2.9167758781557557E-4 2.9167758781557557E-4 2.9167758781557557E-4 2.9167758781557557E-4</beamWidth>
    <beamWidthError>2 2 2 0.0 0.0 0.0 0.0</beamWidthError>
    <beamWidthWasFixed>1 2 true true</beamWidthWasFixed>
    <offIntensity>1 2 0.0 0.0</offIntensity>
    <offIntensityError>1 2 0.0 0.0</offIntensityError>
    <offIntensityWasFixed>false</offIntensityWasFixed>
    <peakIntensity>1 2 0.2405050935263517 0.2405050935263517</peakIntensity>
    <peakIntensityError>1 2 8.712018613934174E-4 8.712018613934174E-4</peakIntensityError>
    <peakIntensityWasFixed>false</peakIntensityWasFixed>
    <calDataId>CalData_1</calDataId>
    <calReductionId>CalReduction_1</calReductionId>
  </row>
  <row>
    <antennaName>PM02</antennaName>
    <receiverBand>ALMA_RB_03</receiverBand>
    <startValidTime>4833142515264000000</startValidTime>
    <endValidTime>4833146115264000000</endValidTime>
    <ambientTemperature>269.9599914550781</ambientTemperature>
    <antennaMake>MITSUBISHI_12_B</antennaMake>
    <atmPhaseCorrection>AP_UNCORRECTED</atmPhaseCorrection>
    <direction>1 2 -2.3747149176666227 1.2220558316047958</direction>
    <frequencyRange>1 2 9.00805125E10 1.058773875E11</frequencyRange>
    <pointingModelMode>RADIO</pointingModelMode>
    <pointingMethod>FIVE_POINT</pointingMethod>
    <numReceptor>2</numReceptor>
    <polarizationTypes>1 2 X Y</polarizationTypes>
    <collOffsetRelative>2 2 2 4.009914609123177E-6 -4.91721017481355E-6 4.009914609123177E-6 -4.91721017481355E-6</collOffsetRelative>
    <collOffsetAbsolute>2 2 2 -1.7576630421213955E-4 0.001961093550175302 -1.7576630421213955E-4 0.001961093550175302</collOffsetAbsolute>
    <collError>2 2 2 1.197290422801958E-6 1.1970680659424288E-6 1.197290422801958E-6 1.1970680659424288E-6</collError>
    <collOffsetTied>2 2 2 false false false false</collOffsetTied>
    <reducedChiSquared>1 2 0.0 0.0</reducedChiSquared>
    <averagedPolarizations>true</averagedPolarizations>
    <beamWidth>2 2 2 2.9167758781557557E-4 2.9167758781557557E-4 2.9167758781557557E-4 2.9167758781557557E-4</beamWidth>
    <beamWidthError>2 2 2 0.0 0.0 0.0 0.0</beamWidthError>
    <beamWidthWasFixed>1 2 true true</beamWidthWasFixed>
    <offIntensity>1 2 0.0 0.0</offIntensity>
    <offIntensityError>1 2 0.0 0.0</offIntensityError>
    <offIntensityWasFixed>false</offIntensityWasFixed>
    <peakIntensity>1 2 0.23212383261019454 0.23212383261019454</peakIntensity>
    <peakIntensityError>1 2 0.0011973805123911226 0.0011973805123911226</peakIntensityError>
    <peakIntensityWasFixed>false</peakIntensityWasFixed>
    <calDataId>CalData_1</calDataId>
    <calReductionId>CalReduction_1</calReductionId>
  </row>
  <row>
    <antennaName>PM03</antennaName>
    <receiverBand>ALMA_RB_03</receiverBand>
    <startValidTime>4833142515264000000</startValidTime>
    <endValidTime>4833146115264000000</endValidTime>
    <ambientTemperature>269.9599914550781</ambientTemperature>
    <antennaMake>MITSUBISHI_12_B</antennaMake>
    <atmPhaseCorrection>AP_UNCORRECTED</atmPhaseCorrection>
    <direction>1 2 -2.3747250199045675 1.222065942054971</direction>
    <frequencyRange>1 2 9.00805125E10 1.058773875E11</frequencyRange>
    <pointingModelMode>RADIO</pointingModelMode>
    <pointingMethod>FIVE_POINT</pointingMethod>
    <numReceptor>2</numReceptor>
    <polarizationTypes>1 2 X Y</polarizationTypes>
    <collOffsetRelative>2 2 2 -2.1445388468435996E-6 -4.114302851131881E-6 -2.1445388468435996E-6 -4.114302851131881E-6</collOffsetRelative>
    <collOffsetAbsolute>2 2 2 0.001885928436746694 0.0018195482181821844 0.001885928436746694 0.0018195482181821844</collOffsetAbsolute>
    <collError>2 2 2 9.250723335595852E-7 9.247881384211685E-7 9.250723335595852E-7 9.247881384211685E-7</collError>
    <collOffsetTied>2 2 2 false false false false</collOffsetTied>
    <reducedChiSquared>1 2 0.0 0.0</reducedChiSquared>
    <averagedPolarizations>true</averagedPolarizations>
    <beamWidth>2 2 2 2.9167758781557557E-4 2.9167758781557557E-4 2.9167758781557557E-4 2.9167758781557557E-4</beamWidth>
    <beamWidthError>2 2 2 0.0 0.0 0.0 0.0</beamWidthError>
    <beamWidthWasFixed>1 2 true true</beamWidthWasFixed>
    <offIntensity>1 2 0.0 0.0</offIntensity>
    <offIntensityError>1 2 0.0 0.0</offIntensityError>
    <offIntensityWasFixed>false</offIntensityWasFixed>
    <peakIntensity>1 2 0.25583332316800544 0.25583332316800544</peakIntensity>
    <peakIntensityError>1 2 0.0010192510926161833 0.0010192510926161833</peakIntensityError>
    <peakIntensityWasFixed>false</peakIntensityWasFixed>
    <calDataId>CalData_1</calDataId>
    <calReductionId>CalReduction_1</calReductionId>
  </row>
</CalPointingTable>

