<?xml version="1.0" encoding="UTF-8"?>
<CalReductionTable xmlns:xsi="http://www.w3.org/2001/XMLSchema-instance" xmlns:clred="http://Alma/XASDM/CalReductionTable" schemaVersion="3" schemaRevision="1.55.6.5">
  <Entity entityId="uid://A002/X36dd78/X1" entityIdEncrypted="na" entityTypeName="CalReductionTable" schemaVersion="1" documentVersion="1" />
  <ContainerEntity entityId="uid://A002/X36d011/X63b" entityIdEncrypted="na" entityTypeName="ASDM" schemaVersion="1" documentVersion="1" />
  <row>
    <calReductionId>CalReduction_0</calReductionId>
    <numApplied>0</numApplied>
    <appliedCalibrations>1 0</appliedCalibrations>
    <numParam>0</numParam>
    <paramSet>1 0</paramSet>
    <numInvalidConditions>1</numInvalidConditions>
    <invalidConditions>1 1 ANTENNA_DISCONNECT</invalidConditions>
    <timeReduced>4833142574694563000</timeReduced>
    <messages>none</messages>
    <software>TELCAL</software>
    <softwareVersion>0.0</softwareVersion>
  </row>
  <row>
    <calReductionId>CalReduction_1</calReductionId>
    <numApplied>0</numApplied>
    <appliedCalibrations>1 0</appliedCalibrations>
    <numParam>0</numParam>
    <paramSet>1 0</paramSet>
    <numInvalidConditions>1</numInvalidConditions>
    <invalidConditions>1 1 ANTENNA_DISCONNECT</invalidConditions>
    <timeReduced>4833142577182970000</timeReduced>
    <messages>none</messages>
    <software>TELCAL</software>
    <softwareVersion>0.0</softwareVersion>
  </row>
  <row>
    <calReductionId>CalReduction_2</calReductionId>
    <numApplied>0</numApplied>
    <appliedCalibrations>1 0</appliedCalibrations>
    <numParam>0</numParam>
    <paramSet>1 0</paramSet>
    <numInvalidConditions>1</numInvalidConditions>
    <invalidConditions>1 1 ANTENNA_DISCONNECT</invalidConditions>
    <timeReduced>4833142709905740000</timeReduced>
    <messages>none</messages>
    <software>TELCAL</software>
    <softwareVersion>0.0</softwareVersion>
  </row>
  <row>
    <calReductionId>CalReduction_3</calReductionId>
    <numApplied>0</numApplied>
    <appliedCalibrations>1 0</appliedCalibrations>
    <numParam>0</numParam>
    <paramSet>1 0</paramSet>
    <numInvalidConditions>1</numInvalidConditions>
    <invalidConditions>1 1 ANTENNA_DISCONNECT</invalidConditions>
    <timeReduced>4833142712331086000</timeReduced>
    <messages>none</messages>
    <software>TELCAL</software>
    <softwareVersion>0.0</softwareVersion>
  </row>
  <row>
    <calReductionId>CalReduction_4</calReductionId>
    <numApplied>0</numApplied>
    <appliedCalibrations>1 0</appliedCalibrations>
    <numParam>0</numParam>
    <paramSet>1 0</paramSet>
    <numInvalidConditions>1</numInvalidConditions>
    <invalidConditions>1 1 ANTENNA_DISCONNECT</invalidConditions>
    <timeReduced>4833142803680066000</timeReduced>
    <messages>none</messages>
    <software>TELCAL</software>
    <softwareVersion>0.0</softwareVersion>
  </row>
  <row>
    <calReductionId>CalReduction_5</calReductionId>
    <numApplied>0</numApplied>
    <appliedCalibrations>1 0</appliedCalibrations>
    <numParam>2</numParam>
    <paramSet>1 2 "trecMode=AH" "tsysMode=ALPHA"</paramSet>
    <numInvalidConditions>1</numInvalidConditions>
    <invalidConditions>1 1 ANTENNA_DISCONNECT</invalidConditions>
    <timeReduced>4833142807793577000</timeReduced>
    <messages>none</messages>
    <software>TELCAL</software>
    <softwareVersion>0.0</softwareVersion>
  </row>
  <row>
    <calReductionId>CalReduction_6</calReductionId>
    <numApplied>0</numApplied>
    <appliedCalibrations>1 0</appliedCalibrations>
    <numParam>0</numParam>
    <paramSet>1 0</paramSet>
    <numInvalidConditions>1</numInvalidConditions>
    <invalidConditions>1 1 ANTENNA_DISCONNECT</invalidConditions>
    <timeReduced>4833143070119011000</timeReduced>
    <messages>none</messages>
    <software>TELCAL</software>
    <softwareVersion>0.0</softwareVersion>
  </row>
  <row>
    <calReductionId>CalReduction_7</calReductionId>
    <numApplied>0</numApplied>
    <appliedCalibrations>1 0</appliedCalibrations>
    <numParam>0</numParam>
    <paramSet>1 0</paramSet>
    <numInvalidConditions>1</numInvalidConditions>
    <invalidConditions>1 1 ANTENNA_DISCONNECT</invalidConditions>
    <timeReduced>4833143072915947000</timeReduced>
    <messages>none</messages>
    <software>TELCAL</software>
    <softwareVersion>0.0</softwareVersion>
  </row>
  <row>
    <calReductionId>CalReduction_8</calReductionId>
    <numApplied>0</numApplied>
    <appliedCalibrations>1 0</appliedCalibrations>
    <numParam>0</numParam>
    <paramSet>1 0</paramSet>
    <numInvalidConditions>1</numInvalidConditions>
    <invalidConditions>1 1 ANTENNA_DISCONNECT</invalidConditions>
    <timeReduced>4833143082774986000</timeReduced>
    <messages>none</messages>
    <software>TELCAL</software>
    <softwareVersion>0.0</softwareVersion>
  </row>
  <row>
    <calReductionId>CalReduction_9</calReductionId>
    <numApplied>0</numApplied>
    <appliedCalibrations>1 0</appliedCalibrations>
    <numParam>0</numParam>
    <paramSet>1 0</paramSet>
    <numInvalidConditions>1</numInvalidConditions>
    <invalidConditions>1 1 ANTENNA_DISCONNECT</invalidConditions>
    <timeReduced>4833143312257851000</timeReduced>
    <messages>none</messages>
    <software>TELCAL</software>
    <softwareVersion>0.0</softwareVersion>
  </row>
  <row>
    <calReductionId>CalReduction_10</calReductionId>
    <numApplied>0</numApplied>
    <appliedCalibrations>1 0</appliedCalibrations>
    <numParam>2</numParam>
    <paramSet>1 2 "trecMode=AH" "tsysMode=ALPHA"</paramSet>
    <numInvalidConditions>1</numInvalidConditions>
    <invalidConditions>1 1 ANTENNA_DISCONNECT</invalidConditions>
    <timeReduced>4833143316841155000</timeReduced>
    <messages>none</messages>
    <software>TELCAL</software>
    <softwareVersion>0.0</softwareVersion>
  </row>
  <row>
    <calReductionId>CalReduction_11</calReductionId>
    <numApplied>0</numApplied>
    <appliedCalibrations>1 0</appliedCalibrations>
    <numParam>0</numParam>
    <paramSet>1 0</paramSet>
    <numInvalidConditions>1</numInvalidConditions>
    <invalidConditions>1 1 ANTENNA_DISCONNECT</invalidConditions>
    <timeReduced>4833143386401880000</timeReduced>
    <messages>none</messages>
    <software>TELCAL</software>
    <softwareVersion>0.0</softwareVersion>
  </row>
  <row>
    <calReductionId>CalReduction_12</calReductionId>
    <numApplied>0</numApplied>
    <appliedCalibrations>1 0</appliedCalibrations>
    <numParam>0</numParam>
    <paramSet>1 0</paramSet>
    <numInvalidConditions>1</numInvalidConditions>
    <invalidConditions>1 1 ANTENNA_DISCONNECT</invalidConditions>
    <timeReduced>4833143388922795000</timeReduced>
    <messages>none</messages>
    <software>TELCAL</software>
    <softwareVersion>0.0</softwareVersion>
  </row>
  <row>
    <calReductionId>CalReduction_13</calReductionId>
    <numApplied>0</numApplied>
    <appliedCalibrations>1 0</appliedCalibrations>
    <numParam>0</numParam>
    <paramSet>1 0</paramSet>
    <numInvalidConditions>1</numInvalidConditions>
    <invalidConditions>1 1 ANTENNA_DISCONNECT</invalidConditions>
    <timeReduced>4833143459933020000</timeReduced>
    <messages>none</messages>
    <software>TELCAL</software>
    <softwareVersion>0.0</softwareVersion>
  </row>
  <row>
    <calReductionId>CalReduction_14</calReductionId>
    <numApplied>0</numApplied>
    <appliedCalibrations>1 0</appliedCalibrations>
    <numParam>2</numParam>
    <paramSet>1 2 "trecMode=AH" "tsysMode=ALPHA"</paramSet>
    <numInvalidConditions>1</numInvalidConditions>
    <invalidConditions>1 1 ANTENNA_DISCONNECT</invalidConditions>
    <timeReduced>4833143464577980000</timeReduced>
    <messages>none</messages>
    <software>TELCAL</software>
    <softwareVersion>0.0</softwareVersion>
  </row>
  <row>
    <calReductionId>CalReduction_15</calReductionId>
    <numApplied>0</numApplied>
    <appliedCalibrations>1 0</appliedCalibrations>
    <numParam>0</numParam>
    <paramSet>1 0</paramSet>
    <numInvalidConditions>1</numInvalidConditions>
    <invalidConditions>1 1 ANTENNA_DISCONNECT</invalidConditions>
    <timeReduced>4833143933763403000</timeReduced>
    <messages>none</messages>
    <software>TELCAL</software>
    <softwareVersion>0.0</softwareVersion>
  </row>
  <row>
    <calReductionId>CalReduction_16</calReductionId>
    <numApplied>0</numApplied>
    <appliedCalibrations>1 0</appliedCalibrations>
    <numParam>0</numParam>
    <paramSet>1 0</paramSet>
    <numInvalidConditions>1</numInvalidConditions>
    <invalidConditions>1 1 ANTENNA_DISCONNECT</invalidConditions>
    <timeReduced>4833143992074087000</timeReduced>
    <messages>none</messages>
    <software>TELCAL</software>
    <softwareVersion>0.0</softwareVersion>
  </row>
  <row>
    <calReductionId>CalReduction_17</calReductionId>
    <numApplied>0</numApplied>
    <appliedCalibrations>1 0</appliedCalibrations>
    <numParam>2</numParam>
    <paramSet>1 2 "trecMode=AH" "tsysMode=ALPHA"</paramSet>
    <numInvalidConditions>1</numInvalidConditions>
    <invalidConditions>1 1 ANTENNA_DISCONNECT</invalidConditions>
    <timeReduced>4833143996197119000</timeReduced>
    <messages>none</messages>
    <software>TELCAL</software>
    <softwareVersion>0.0</softwareVersion>
  </row>
  <row>
    <calReductionId>CalReduction_18</calReductionId>
    <numApplied>0</numApplied>
    <appliedCalibrations>1 0</appliedCalibrations>
    <numParam>0</numParam>
    <paramSet>1 0</paramSet>
    <numInvalidConditions>1</numInvalidConditions>
    <invalidConditions>1 1 ANTENNA_DISCONNECT</invalidConditions>
    <timeReduced>4833144059361292000</timeReduced>
    <messages>none</messages>
    <software>TELCAL</software>
    <softwareVersion>0.0</softwareVersion>
  </row>
  <row>
    <calReductionId>CalReduction_19</calReductionId>
    <numApplied>0</numApplied>
    <appliedCalibrations>1 0</appliedCalibrations>
    <numParam>0</numParam>
    <paramSet>1 0</paramSet>
    <numInvalidConditions>1</numInvalidConditions>
    <invalidConditions>1 1 ANTENNA_DISCONNECT</invalidConditions>
    <timeReduced>4833144061640540000</timeReduced>
    <messages>none</messages>
    <software>TELCAL</software>
    <softwareVersion>0.0</softwareVersion>
  </row>
  <row>
    <calReductionId>CalReduction_20</calReductionId>
    <numApplied>0</numApplied>
    <appliedCalibrations>1 0</appliedCalibrations>
    <numParam>0</numParam>
    <paramSet>1 0</paramSet>
    <numInvalidConditions>1</numInvalidConditions>
    <invalidConditions>1 1 ANTENNA_DISCONNECT</invalidConditions>
    <timeReduced>4833144127151909000</timeReduced>
    <messages>none</messages>
    <software>TELCAL</software>
    <softwareVersion>0.0</softwareVersion>
  </row>
  <row>
    <calReductionId>CalReduction_21</calReductionId>
    <numApplied>0</numApplied>
    <appliedCalibrations>1 0</appliedCalibrations>
    <numParam>2</numParam>
    <paramSet>1 2 "trecMode=AH" "tsysMode=ALPHA"</paramSet>
    <numInvalidConditions>1</numInvalidConditions>
    <invalidConditions>1 1 ANTENNA_DISCONNECT</invalidConditions>
    <timeReduced>4833144131221397000</timeReduced>
    <messages>none</messages>
    <software>TELCAL</software>
    <softwareVersion>0.0</softwareVersion>
  </row>
  <row>
    <calReductionId>CalReduction_22</calReductionId>
    <numApplied>0</numApplied>
    <appliedCalibrations>1 0</appliedCalibrations>
    <numParam>0</numParam>
    <paramSet>1 0</paramSet>
    <numInvalidConditions>1</numInvalidConditions>
    <invalidConditions>1 1 ANTENNA_DISCONNECT</invalidConditions>
    <timeReduced>4833144595835560000</timeReduced>
    <messages>none</messages>
    <software>TELCAL</software>
    <softwareVersion>0.0</softwareVersion>
  </row>
  <row>
    <calReductionId>CalReduction_23</calReductionId>
    <numApplied>0</numApplied>
    <appliedCalibrations>1 0</appliedCalibrations>
    <numParam>0</numParam>
    <paramSet>1 0</paramSet>
    <numInvalidConditions>1</numInvalidConditions>
    <invalidConditions>1 1 ANTENNA_DISCONNECT</invalidConditions>
    <timeReduced>4833144655466255000</timeReduced>
    <messages>none</messages>
    <software>TELCAL</software>
    <softwareVersion>0.0</softwareVersion>
  </row>
  <row>
    <calReductionId>CalReduction_24</calReductionId>
    <numApplied>0</numApplied>
    <appliedCalibrations>1 0</appliedCalibrations>
    <numParam>2</numParam>
    <paramSet>1 2 "trecMode=AH" "tsysMode=ALPHA"</paramSet>
    <numInvalidConditions>1</numInvalidConditions>
    <invalidConditions>1 1 ANTENNA_DISCONNECT</invalidConditions>
    <timeReduced>4833144659185335000</timeReduced>
    <messages>none</messages>
    <software>TELCAL</software>
    <softwareVersion>0.0</softwareVersion>
  </row>
  <row>
    <calReductionId>CalReduction_25</calReductionId>
    <numApplied>0</numApplied>
    <appliedCalibrations>1 0</appliedCalibrations>
    <numParam>0</numParam>
    <paramSet>1 0</paramSet>
    <numInvalidConditions>1</numInvalidConditions>
    <invalidConditions>1 1 ANTENNA_DISCONNECT</invalidConditions>
    <timeReduced>4833144723628815000</timeReduced>
    <messages>none</messages>
    <software>TELCAL</software>
    <softwareVersion>0.0</softwareVersion>
  </row>
  <row>
    <calReductionId>CalReduction_26</calReductionId>
    <numApplied>0</numApplied>
    <appliedCalibrations>1 0</appliedCalibrations>
    <numParam>0</numParam>
    <paramSet>1 0</paramSet>
    <numInvalidConditions>1</numInvalidConditions>
    <invalidConditions>1 1 ANTENNA_DISCONNECT</invalidConditions>
    <timeReduced>4833144725798821000</timeReduced>
    <messages>none</messages>
    <software>TELCAL</software>
    <softwareVersion>0.0</softwareVersion>
  </row>
  <row>
    <calReductionId>CalReduction_27</calReductionId>
    <numApplied>0</numApplied>
    <appliedCalibrations>1 0</appliedCalibrations>
    <numParam>0</numParam>
    <paramSet>1 0</paramSet>
    <numInvalidConditions>1</numInvalidConditions>
    <invalidConditions>1 1 ANTENNA_DISCONNECT</invalidConditions>
    <timeReduced>4833144727401119000</timeReduced>
    <messages>none</messages>
    <software>TELCAL</software>
    <softwareVersion>0.0</softwareVersion>
  </row>
  <row>
    <calReductionId>CalReduction_28</calReductionId>
    <numApplied>0</numApplied>
    <appliedCalibrations>1 0</appliedCalibrations>
    <numParam>0</numParam>
    <paramSet>1 0</paramSet>
    <numInvalidConditions>1</numInvalidConditions>
    <invalidConditions>1 1 ANTENNA_DISCONNECT</invalidConditions>
    <timeReduced>4833144792650415000</timeReduced>
    <messages>none</messages>
    <software>TELCAL</software>
    <softwareVersion>0.0</softwareVersion>
  </row>
  <row>
    <calReductionId>CalReduction_29</calReductionId>
    <numApplied>0</numApplied>
    <appliedCalibrations>1 0</appliedCalibrations>
    <numParam>2</numParam>
    <paramSet>1 2 "trecMode=AH" "tsysMode=ALPHA"</paramSet>
    <numInvalidConditions>1</numInvalidConditions>
    <invalidConditions>1 1 ANTENNA_DISCONNECT</invalidConditions>
    <timeReduced>4833144796291857000</timeReduced>
    <messages>none</messages>
    <software>TELCAL</software>
    <softwareVersion>0.0</softwareVersion>
  </row>
  <row>
    <calReductionId>CalReduction_30</calReductionId>
    <numApplied>0</numApplied>
    <appliedCalibrations>1 0</appliedCalibrations>
    <numParam>0</numParam>
    <paramSet>1 0</paramSet>
    <numInvalidConditions>1</numInvalidConditions>
    <invalidConditions>1 1 ANTENNA_DISCONNECT</invalidConditions>
    <timeReduced>4833145260882932000</timeReduced>
    <messages>none</messages>
    <software>TELCAL</software>
    <softwareVersion>0.0</softwareVersion>
  </row>
  <row>
    <calReductionId>CalReduction_31</calReductionId>
    <numApplied>0</numApplied>
    <appliedCalibrations>1 0</appliedCalibrations>
    <numParam>0</numParam>
    <paramSet>1 0</paramSet>
    <numInvalidConditions>1</numInvalidConditions>
    <invalidConditions>1 1 ANTENNA_DISCONNECT</invalidConditions>
    <timeReduced>4833145325854866000</timeReduced>
    <messages>none</messages>
    <software>TELCAL</software>
    <softwareVersion>0.0</softwareVersion>
  </row>
  <row>
    <calReductionId>CalReduction_32</calReductionId>
    <numApplied>0</numApplied>
    <appliedCalibrations>1 0</appliedCalibrations>
    <numParam>2</numParam>
    <paramSet>1 2 "trecMode=AH" "tsysMode=ALPHA"</paramSet>
    <numInvalidConditions>1</numInvalidConditions>
    <invalidConditions>1 1 ANTENNA_DISCONNECT</invalidConditions>
    <timeReduced>4833145329602800000</timeReduced>
    <messages>none</messages>
    <software>TELCAL</software>
    <softwareVersion>0.0</softwareVersion>
  </row>
  <row>
    <calReductionId>CalReduction_33</calReductionId>
    <numApplied>0</numApplied>
    <appliedCalibrations>1 0</appliedCalibrations>
    <numParam>0</numParam>
    <paramSet>1 0</paramSet>
    <numInvalidConditions>1</numInvalidConditions>
    <invalidConditions>1 1 ANTENNA_DISCONNECT</invalidConditions>
    <timeReduced>4833145400510835000</timeReduced>
    <messages>none</messages>
    <software>TELCAL</software>
    <softwareVersion>0.0</softwareVersion>
  </row>
  <row>
    <calReductionId>CalReduction_34</calReductionId>
    <numApplied>0</numApplied>
    <appliedCalibrations>1 0</appliedCalibrations>
    <numParam>0</numParam>
    <paramSet>1 0</paramSet>
    <numInvalidConditions>1</numInvalidConditions>
    <invalidConditions>1 1 ANTENNA_DISCONNECT</invalidConditions>
    <timeReduced>4833145402657032000</timeReduced>
    <messages>none</messages>
    <software>TELCAL</software>
    <softwareVersion>0.0</softwareVersion>
  </row>
  <row>
    <calReductionId>CalReduction_35</calReductionId>
    <numApplied>0</numApplied>
    <appliedCalibrations>1 0</appliedCalibrations>
    <numParam>0</numParam>
    <paramSet>1 0</paramSet>
    <numInvalidConditions>1</numInvalidConditions>
    <invalidConditions>1 1 ANTENNA_DISCONNECT</invalidConditions>
    <timeReduced>4833145404257324000</timeReduced>
    <messages>none</messages>
    <software>TELCAL</software>
    <softwareVersion>0.0</softwareVersion>
  </row>
  <row>
    <calReductionId>CalReduction_36</calReductionId>
    <numApplied>0</numApplied>
    <appliedCalibrations>1 0</appliedCalibrations>
    <numParam>0</numParam>
    <paramSet>1 0</paramSet>
    <numInvalidConditions>1</numInvalidConditions>
    <invalidConditions>1 1 ANTENNA_DISCONNECT</invalidConditions>
    <timeReduced>4833145475056056000</timeReduced>
    <messages>none</messages>
    <software>TELCAL</software>
    <softwareVersion>0.0</softwareVersion>
  </row>
  <row>
    <calReductionId>CalReduction_37</calReductionId>
    <numApplied>0</numApplied>
    <appliedCalibrations>1 0</appliedCalibrations>
    <numParam>2</numParam>
    <paramSet>1 2 "trecMode=AH" "tsysMode=ALPHA"</paramSet>
    <numInvalidConditions>1</numInvalidConditions>
    <invalidConditions>1 1 ANTENNA_DISCONNECT</invalidConditions>
    <timeReduced>4833145478790522000</timeReduced>
    <messages>none</messages>
    <software>TELCAL</software>
    <softwareVersion>0.0</softwareVersion>
  </row>
  <row>
    <calReductionId>CalReduction_38</calReductionId>
    <numApplied>0</numApplied>
    <appliedCalibrations>1 0</appliedCalibrations>
    <numParam>0</numParam>
    <paramSet>1 0</paramSet>
    <numInvalidConditions>1</numInvalidConditions>
    <invalidConditions>1 1 ANTENNA_DISCONNECT</invalidConditions>
    <timeReduced>4833145949637947000</timeReduced>
    <messages>none</messages>
    <software>TELCAL</software>
    <softwareVersion>0.0</softwareVersion>
  </row>
  <row>
    <calReductionId>CalReduction_39</calReductionId>
    <numApplied>0</numApplied>
    <appliedCalibrations>1 0</appliedCalibrations>
    <numParam>0</numParam>
    <paramSet>1 0</paramSet>
    <numInvalidConditions>1</numInvalidConditions>
    <invalidConditions>1 1 ANTENNA_DISCONNECT</invalidConditions>
    <timeReduced>4833146008322490000</timeReduced>
    <messages>none</messages>
    <software>TELCAL</software>
    <softwareVersion>0.0</softwareVersion>
  </row>
  <row>
    <calReductionId>CalReduction_40</calReductionId>
    <numApplied>0</numApplied>
    <appliedCalibrations>1 0</appliedCalibrations>
    <numParam>2</numParam>
    <paramSet>1 2 "trecMode=AH" "tsysMode=ALPHA"</paramSet>
    <numInvalidConditions>1</numInvalidConditions>
    <invalidConditions>1 1 ANTENNA_DISCONNECT</invalidConditions>
    <timeReduced>4833146012050095000</timeReduced>
    <messages>none</messages>
    <software>TELCAL</software>
    <softwareVersion>0.0</softwareVersion>
  </row>
  <row>
    <calReductionId>CalReduction_41</calReductionId>
    <numApplied>0</numApplied>
    <appliedCalibrations>1 0</appliedCalibrations>
    <numParam>0</numParam>
    <paramSet>1 0</paramSet>
    <numInvalidConditions>1</numInvalidConditions>
    <invalidConditions>1 1 ANTENNA_DISCONNECT</invalidConditions>
    <timeReduced>4833146075309441000</timeReduced>
    <messages>none</messages>
    <software>TELCAL</software>
    <softwareVersion>0.0</softwareVersion>
  </row>
  <row>
    <calReductionId>CalReduction_42</calReductionId>
    <numApplied>0</numApplied>
    <appliedCalibrations>1 0</appliedCalibrations>
    <numParam>0</numParam>
    <paramSet>1 0</paramSet>
    <numInvalidConditions>1</numInvalidConditions>
    <invalidConditions>1 1 ANTENNA_DISCONNECT</invalidConditions>
    <timeReduced>4833146077461347000</timeReduced>
    <messages>none</messages>
    <software>TELCAL</software>
    <softwareVersion>0.0</softwareVersion>
  </row>
  <row>
    <calReductionId>CalReduction_43</calReductionId>
    <numApplied>0</numApplied>
    <appliedCalibrations>1 0</appliedCalibrations>
    <numParam>0</numParam>
    <paramSet>1 0</paramSet>
    <numInvalidConditions>1</numInvalidConditions>
    <invalidConditions>1 1 ANTENNA_DISCONNECT</invalidConditions>
    <timeReduced>4833146079068844000</timeReduced>
    <messages>none</messages>
    <software>TELCAL</software>
    <softwareVersion>0.0</softwareVersion>
  </row>
  <row>
    <calReductionId>CalReduction_44</calReductionId>
    <numApplied>0</numApplied>
    <appliedCalibrations>1 0</appliedCalibrations>
    <numParam>0</numParam>
    <paramSet>1 0</paramSet>
    <numInvalidConditions>1</numInvalidConditions>
    <invalidConditions>1 1 ANTENNA_DISCONNECT</invalidConditions>
    <timeReduced>4833146143374095000</timeReduced>
    <messages>none</messages>
    <software>TELCAL</software>
    <softwareVersion>0.0</softwareVersion>
  </row>
  <row>
    <calReductionId>CalReduction_45</calReductionId>
    <numApplied>0</numApplied>
    <appliedCalibrations>1 0</appliedCalibrations>
    <numParam>2</numParam>
    <paramSet>1 2 "trecMode=AH" "tsysMode=ALPHA"</paramSet>
    <numInvalidConditions>1</numInvalidConditions>
    <invalidConditions>1 1 ANTENNA_DISCONNECT</invalidConditions>
    <timeReduced>4833146146977197000</timeReduced>
    <messages>none</messages>
    <software>TELCAL</software>
    <softwareVersion>0.0</softwareVersion>
  </row>
  <row>
    <calReductionId>CalReduction_46</calReductionId>
    <numApplied>0</numApplied>
    <appliedCalibrations>1 0</appliedCalibrations>
    <numParam>0</numParam>
    <paramSet>1 0</paramSet>
    <numInvalidConditions>1</numInvalidConditions>
    <invalidConditions>1 1 ANTENNA_DISCONNECT</invalidConditions>
    <timeReduced>4833146246501881000</timeReduced>
    <messages>none</messages>
    <software>TELCAL</software>
    <softwareVersion>0.0</softwareVersion>
  </row>
  <row>
    <calReductionId>CalReduction_47</calReductionId>
    <numApplied>0</numApplied>
    <appliedCalibrations>1 0</appliedCalibrations>
    <numParam>0</numParam>
    <paramSet>1 0</paramSet>
    <numInvalidConditions>1</numInvalidConditions>
    <invalidConditions>1 1 ANTENNA_DISCONNECT</invalidConditions>
    <timeReduced>4833146308829687000</timeReduced>
    <messages>none</messages>
    <software>TELCAL</software>
    <softwareVersion>0.0</softwareVersion>
  </row>
  <row>
    <calReductionId>CalReduction_48</calReductionId>
    <numApplied>0</numApplied>
    <appliedCalibrations>1 0</appliedCalibrations>
    <numParam>0</numParam>
    <paramSet>1 0</paramSet>
    <numInvalidConditions>1</numInvalidConditions>
    <invalidConditions>1 1 ANTENNA_DISCONNECT</invalidConditions>
    <timeReduced>4833146310964101000</timeReduced>
    <messages>none</messages>
    <software>TELCAL</software>
    <softwareVersion>0.0</softwareVersion>
  </row>
  <row>
    <calReductionId>CalReduction_49</calReductionId>
    <numApplied>0</numApplied>
    <appliedCalibrations>1 0</appliedCalibrations>
    <numParam>0</numParam>
    <paramSet>1 0</paramSet>
    <numInvalidConditions>1</numInvalidConditions>
    <invalidConditions>1 1 ANTENNA_DISCONNECT</invalidConditions>
    <timeReduced>4833146312573170000</timeReduced>
    <messages>none</messages>
    <software>TELCAL</software>
    <softwareVersion>0.0</softwareVersion>
  </row>
</CalReductionTable>

