<?xml version="1.0" encoding="UTF-8"?>
<DataDescriptionTable xmlns:xsi="http://www.w3.org/2001/XMLSchema-instance" xmlns:dtdsc="http://Alma/XASDM/DataDescriptionTable">
  <Entity entityId="uid://A002/X36dd7d/X1" entityIdEncrypted="na" entityTypeName="DataDescriptionTable" schemaVersion="1" documentVersion="1" />
  <ContainerEntity entityId="uid://A002/X36d011/X63b" entityIdEncrypted="na" entityTypeName="ASDM" schemaVersion="1" documentVersion="1" />
  <row>
    <dataDescriptionId>DataDescription_0</dataDescriptionId>
    <polOrHoloId>Polarization_1</polOrHoloId>
    <spectralWindowId>SpectralWindow_0</spectralWindowId>
  </row>
  <row>
    <dataDescriptionId>DataDescription_1</dataDescriptionId>
    <polOrHoloId>Polarization_0</polOrHoloId>
    <spectralWindowId>SpectralWindow_19</spectralWindowId>
  </row>
  <row>
    <dataDescriptionId>DataDescription_2</dataDescriptionId>
    <polOrHoloId>Polarization_0</polOrHoloId>
    <spectralWindowId>SpectralWindow_20</spectralWindowId>
  </row>
  <row>
    <dataDescriptionId>DataDescription_3</dataDescriptionId>
    <polOrHoloId>Polarization_0</polOrHoloId>
    <spectralWindowId>SpectralWindow_21</spectralWindowId>
  </row>
  <row>
    <dataDescriptionId>DataDescription_4</dataDescriptionId>
    <polOrHoloId>Polarization_0</polOrHoloId>
    <spectralWindowId>SpectralWindow_22</spectralWindowId>
  </row>
  <row>
    <dataDescriptionId>DataDescription_5</dataDescriptionId>
    <polOrHoloId>Polarization_0</polOrHoloId>
    <spectralWindowId>SpectralWindow_23</spectralWindowId>
  </row>
  <row>
    <dataDescriptionId>DataDescription_6</dataDescriptionId>
    <polOrHoloId>Polarization_0</polOrHoloId>
    <spectralWindowId>SpectralWindow_24</spectralWindowId>
  </row>
  <row>
    <dataDescriptionId>DataDescription_7</dataDescriptionId>
    <polOrHoloId>Polarization_0</polOrHoloId>
    <spectralWindowId>SpectralWindow_25</spectralWindowId>
  </row>
  <row>
    <dataDescriptionId>DataDescription_8</dataDescriptionId>
    <polOrHoloId>Polarization_0</polOrHoloId>
    <spectralWindowId>SpectralWindow_26</spectralWindowId>
  </row>
  <row>
    <dataDescriptionId>DataDescription_9</dataDescriptionId>
    <polOrHoloId>Polarization_0</polOrHoloId>
    <spectralWindowId>SpectralWindow_27</spectralWindowId>
  </row>
  <row>
    <dataDescriptionId>DataDescription_10</dataDescriptionId>
    <polOrHoloId>Polarization_0</polOrHoloId>
    <spectralWindowId>SpectralWindow_28</spectralWindowId>
  </row>
  <row>
    <dataDescriptionId>DataDescription_11</dataDescriptionId>
    <polOrHoloId>Polarization_0</polOrHoloId>
    <spectralWindowId>SpectralWindow_29</spectralWindowId>
  </row>
  <row>
    <dataDescriptionId>DataDescription_12</dataDescriptionId>
    <polOrHoloId>Polarization_0</polOrHoloId>
    <spectralWindowId>SpectralWindow_30</spectralWindowId>
  </row>
  <row>
    <dataDescriptionId>DataDescription_13</dataDescriptionId>
    <polOrHoloId>Polarization_0</polOrHoloId>
    <spectralWindowId>SpectralWindow_31</spectralWindowId>
  </row>
  <row>
    <dataDescriptionId>DataDescription_14</dataDescriptionId>
    <polOrHoloId>Polarization_0</polOrHoloId>
    <spectralWindowId>SpectralWindow_32</spectralWindowId>
  </row>
  <row>
    <dataDescriptionId>DataDescription_15</dataDescriptionId>
    <polOrHoloId>Polarization_0</polOrHoloId>
    <spectralWindowId>SpectralWindow_33</spectralWindowId>
  </row>
  <row>
    <dataDescriptionId>DataDescription_16</dataDescriptionId>
    <polOrHoloId>Polarization_0</polOrHoloId>
    <spectralWindowId>SpectralWindow_34</spectralWindowId>
  </row>
</DataDescriptionTable>

