<?xml version="1.0" encoding="UTF-8"?>
<FieldTable xmlns:xsi="http://www.w3.org/2001/XMLSchema-instance" xmlns:field="http://Alma/XASDM/FieldTable" schemaVersion="3" schemaRevision="1.55.6.5">
  <Entity entityId="uid://A002/X36dd80/X1" entityIdEncrypted="na" entityTypeName="FieldTable" schemaVersion="1" documentVersion="1" />
  <ContainerEntity entityId="uid://A002/X36d011/X63b" entityIdEncrypted="na" entityTypeName="ASDM" schemaVersion="1" documentVersion="1" />
  <row>
    <fieldId>Field_0</fieldId>
    <fieldName>J0522-364</fieldName>
    <numPoly>1</numPoly>
    <delayDir>2 1 2 1.4092068106266762 -0.6363220816583083</delayDir>
    <phaseDir>2 1 2 1.4092068106266762 -0.6363220816583083</phaseDir>
    <referenceDir>2 1 2 1.4092068106266762 -0.6363220816583083</referenceDir>
    <time>4833142492896000000</time>
    <code>none</code>
    <directionCode>J2000</directionCode>
    <sourceId>0</sourceId>
  </row>
  <row>
    <fieldId>Field_1</fieldId>
    <fieldName>J0403-360</fieldName>
    <numPoly>1</numPoly>
    <delayDir>2 1 2 1.0641963233274074 -0.6297822476044852</delayDir>
    <phaseDir>2 1 2 1.0641963233274074 -0.6297822476044852</phaseDir>
    <referenceDir>2 1 2 1.0641963233274074 -0.6297822476044852</referenceDir>
    <time>4833143113056000000</time>
    <code>none</code>
    <directionCode>J2000</directionCode>
    <sourceId>1</sourceId>
  </row>
  <row>
    <fieldId>Field_2</fieldId>
    <fieldName>LESS J0332-2756</fieldName>
    <numPoly>1</numPoly>
    <delayDir>2 1 2 0.9271545324649494 -0.48762220676420354</delayDir>
    <phaseDir>2 1 2 0.9271545324649494 -0.48762220676420354</phaseDir>
    <referenceDir>2 1 2 0.9271545324649494 -0.48762220676420354</referenceDir>
    <time>4833143421456000000</time>
    <code>none</code>
    <directionCode>J2000</directionCode>
    <sourceId>2</sourceId>
  </row>
</FieldTable>

