<?xml version="1.0" encoding="UTF-8"?>
<ScanTable xmlns:xsi="http://www.w3.org/2001/XMLSchema-instance" xmlns:scn="http://Alma/XASDM/ScanTable" schemaVersion="3" schemaRevision="1.55.6.5">
  <Entity entityId="uid://A002/X36dd92/X1" entityIdEncrypted="na" entityTypeName="ScanTable" schemaVersion="1" documentVersion="1" />
  <ContainerEntity entityId="uid://A002/X36d011/X63b" entityIdEncrypted="na" entityTypeName="ASDM" schemaVersion="1" documentVersion="1" />
  <row>
    <scanNumber>1</scanNumber>
    <startTime>4833142479585000000</startTime>
    <endTime>4833142573203000000</endTime>
    <numIntent>2</numIntent>
    <numSubscan>5</numSubscan>
    <scanIntent>1 2 CALIBRATE_POINTING CALIBRATE_WVR</scanIntent>
    <calDataType>1 2 CHANNEL_AVERAGE_CROSS WVR</calDataType>
    <calibrationOnLine>1 2 true true</calibrationOnLine>
    <calibrationFunction>1 2 UNSPECIFIED UNSPECIFIED</calibrationFunction>
    <calibrationSet>1 2 NONE NONE</calibrationSet>
    <calPattern>1 2 FIVE_POINTS NONE</calPattern>
    <numField>1</numField>
    <fieldName>1 1 "J0522-364"</fieldName>
    <sourceName>J0522-364</sourceName>
    <execBlockId>ExecBlock_0</execBlockId>
  </row>
  <row>
    <scanNumber>2</scanNumber>
    <startTime>4833142601819000000</startTime>
    <endTime>4833142708006000000</endTime>
    <numIntent>2</numIntent>
    <numSubscan>2</numSubscan>
    <scanIntent>1 2 CALIBRATE_SIDEBAND_RATIO CALIBRATE_WVR</scanIntent>
    <calDataType>1 2 CHANNEL_AVERAGE_CROSS WVR</calDataType>
    <calibrationOnLine>1 2 true true</calibrationOnLine>
    <calibrationFunction>1 2 UNSPECIFIED UNSPECIFIED</calibrationFunction>
    <calibrationSet>1 2 NONE NONE</calibrationSet>
    <calPattern>1 2 NONE NONE</calPattern>
    <numField>1</numField>
    <fieldName>1 1 "J0522-364"</fieldName>
    <sourceName>J0522-364</sourceName>
    <execBlockId>ExecBlock_0</execBlockId>
  </row>
  <row>
    <scanNumber>3</scanNumber>
    <startTime>4833142738634000000</startTime>
    <endTime>4833142803156000000</endTime>
    <numIntent>2</numIntent>
    <numSubscan>3</numSubscan>
    <scanIntent>1 2 CALIBRATE_ATMOSPHERE CALIBRATE_WVR</scanIntent>
    <calDataType>1 2 FULL_RESOLUTION_AUTO WVR</calDataType>
    <calibrationOnLine>1 2 true true</calibrationOnLine>
    <calibrationFunction>1 2 UNSPECIFIED UNSPECIFIED</calibrationFunction>
    <calibrationSet>1 2 NONE NONE</calibrationSet>
    <calPattern>1 2 NONE NONE</calPattern>
    <numField>1</numField>
    <fieldName>1 1 "J0522-364"</fieldName>
    <sourceName>J0522-364</sourceName>
    <execBlockId>ExecBlock_0</execBlockId>
  </row>
  <row>
    <scanNumber>4</scanNumber>
    <startTime>4833142840207000000</startTime>
    <endTime>4833143061822000000</endTime>
    <numIntent>3</numIntent>
    <numSubscan>6</numSubscan>
    <scanIntent>1 3 CALIBRATE_BANDPASS CALIBRATE_PHASE CALIBRATE_WVR</scanIntent>
    <calDataType>1 3 FULL_RESOLUTION_CROSS CHANNEL_AVERAGE_CROSS WVR</calDataType>
    <calibrationOnLine>1 3 true true true</calibrationOnLine>
    <calibrationFunction>1 3 UNSPECIFIED UNSPECIFIED UNSPECIFIED</calibrationFunction>
    <calibrationSet>1 3 NONE NONE NONE</calibrationSet>
    <calPattern>1 3 NONE NONE NONE</calPattern>
    <numField>1</numField>
    <fieldName>1 1 "J0522-364"</fieldName>
    <sourceName>J0522-364</sourceName>
    <execBlockId>ExecBlock_0</execBlockId>
  </row>
  <row>
    <scanNumber>5</scanNumber>
    <startTime>4833143099840000000</startTime>
    <endTime>4833143193504000000</endTime>
    <numIntent>2</numIntent>
    <numSubscan>5</numSubscan>
    <scanIntent>1 2 CALIBRATE_POINTING CALIBRATE_WVR</scanIntent>
    <calDataType>1 2 CHANNEL_AVERAGE_CROSS WVR</calDataType>
    <calibrationOnLine>1 2 true true</calibrationOnLine>
    <calibrationFunction>1 2 UNSPECIFIED UNSPECIFIED</calibrationFunction>
    <calibrationSet>1 2 NONE NONE</calibrationSet>
    <calPattern>1 2 FIVE_POINTS NONE</calPattern>
    <numField>1</numField>
    <fieldName>1 1 "J0403-360"</fieldName>
    <sourceName>J0403-360</sourceName>
    <execBlockId>ExecBlock_0</execBlockId>
  </row>
  <row>
    <scanNumber>6</scanNumber>
    <startTime>4833143256518000000</startTime>
    <endTime>4833143311609000000</endTime>
    <numIntent>2</numIntent>
    <numSubscan>3</numSubscan>
    <scanIntent>1 2 CALIBRATE_ATMOSPHERE CALIBRATE_WVR</scanIntent>
    <calDataType>1 2 FULL_RESOLUTION_AUTO WVR</calDataType>
    <calibrationOnLine>1 2 true true</calibrationOnLine>
    <calibrationFunction>1 2 UNSPECIFIED UNSPECIFIED</calibrationFunction>
    <calibrationSet>1 2 NONE NONE</calibrationSet>
    <calPattern>1 2 NONE NONE</calPattern>
    <numField>1</numField>
    <fieldName>1 1 "J0403-360"</fieldName>
    <sourceName>J0403-360</sourceName>
    <execBlockId>ExecBlock_0</execBlockId>
  </row>
  <row>
    <scanNumber>7</scanNumber>
    <startTime>4833143341589000000</startTime>
    <endTime>4833143385207000000</endTime>
    <numIntent>2</numIntent>
    <numSubscan>1</numSubscan>
    <scanIntent>1 2 CALIBRATE_PHASE CALIBRATE_WVR</scanIntent>
    <calDataType>1 2 CHANNEL_AVERAGE_CROSS WVR</calDataType>
    <calibrationOnLine>1 2 true true</calibrationOnLine>
    <calibrationFunction>1 2 FIRST UNSPECIFIED</calibrationFunction>
    <calibrationSet>1 2 PHASE_CURVE NONE</calibrationSet>
    <calPattern>1 2 NONE NONE</calPattern>
    <numField>1</numField>
    <fieldName>1 1 "J0403-360"</fieldName>
    <sourceName>J0403-360</sourceName>
    <execBlockId>ExecBlock_0</execBlockId>
  </row>
  <row>
    <scanNumber>8</scanNumber>
    <startTime>4833143402259000000</startTime>
    <endTime>4833143459255000000</endTime>
    <numIntent>2</numIntent>
    <numSubscan>3</numSubscan>
    <scanIntent>1 2 CALIBRATE_ATMOSPHERE CALIBRATE_WVR</scanIntent>
    <calDataType>1 2 FULL_RESOLUTION_AUTO WVR</calDataType>
    <calibrationOnLine>1 2 true true</calibrationOnLine>
    <calibrationFunction>1 2 UNSPECIFIED UNSPECIFIED</calibrationFunction>
    <calibrationSet>1 2 NONE NONE</calibrationSet>
    <calPattern>1 2 NONE NONE</calPattern>
    <numField>1</numField>
    <fieldName>1 1 "LESS J0332-2756"</fieldName>
    <sourceName>LESS J0332-2756</sourceName>
    <execBlockId>ExecBlock_0</execBlockId>
  </row>
  <row>
    <scanNumber>9</scanNumber>
    <startTime>4833143488781000000</startTime>
    <endTime>4833143923944000000</endTime>
    <numIntent>2</numIntent>
    <numSubscan>12</numSubscan>
    <scanIntent>1 2 OBSERVE_TARGET CALIBRATE_WVR</scanIntent>
    <calDataType>1 2 NONE WVR</calDataType>
    <calibrationOnLine>1 2 false true</calibrationOnLine>
    <calibrationFunction>1 2 UNSPECIFIED UNSPECIFIED</calibrationFunction>
    <calibrationSet>1 2 NONE UNSPECIFIED</calibrationSet>
    <calPattern>1 2 NONE UNSPECIFIED</calPattern>
    <numField>1</numField>
    <fieldName>1 1 "LESS J0332-2756"</fieldName>
    <sourceName>LESS J0332-2756</sourceName>
    <execBlockId>ExecBlock_0</execBlockId>
  </row>
  <row>
    <scanNumber>10</scanNumber>
    <startTime>4833143941030000000</startTime>
    <endTime>4833143991345000000</endTime>
    <numIntent>2</numIntent>
    <numSubscan>3</numSubscan>
    <scanIntent>1 2 CALIBRATE_ATMOSPHERE CALIBRATE_WVR</scanIntent>
    <calDataType>1 2 FULL_RESOLUTION_AUTO WVR</calDataType>
    <calibrationOnLine>1 2 true true</calibrationOnLine>
    <calibrationFunction>1 2 UNSPECIFIED UNSPECIFIED</calibrationFunction>
    <calibrationSet>1 2 NONE NONE</calibrationSet>
    <calPattern>1 2 NONE NONE</calPattern>
    <numField>1</numField>
    <fieldName>1 1 "J0403-360"</fieldName>
    <sourceName>J0403-360</sourceName>
    <execBlockId>ExecBlock_0</execBlockId>
  </row>
  <row>
    <scanNumber>11</scanNumber>
    <startTime>4833144014380000000</startTime>
    <endTime>4833144057978000000</endTime>
    <numIntent>2</numIntent>
    <numSubscan>1</numSubscan>
    <scanIntent>1 2 CALIBRATE_PHASE CALIBRATE_WVR</scanIntent>
    <calDataType>1 2 CHANNEL_AVERAGE_CROSS WVR</calDataType>
    <calibrationOnLine>1 2 true true</calibrationOnLine>
    <calibrationFunction>1 2 UNSPECIFIED UNSPECIFIED</calibrationFunction>
    <calibrationSet>1 2 PHASE_CURVE NONE</calibrationSet>
    <calPattern>1 2 NONE NONE</calPattern>
    <numField>1</numField>
    <fieldName>1 1 "J0403-360"</fieldName>
    <sourceName>J0403-360</sourceName>
    <execBlockId>ExecBlock_0</execBlockId>
  </row>
  <row>
    <scanNumber>12</scanNumber>
    <startTime>4833144076163000000</startTime>
    <endTime>4833144126403000000</endTime>
    <numIntent>2</numIntent>
    <numSubscan>3</numSubscan>
    <scanIntent>1 2 CALIBRATE_ATMOSPHERE CALIBRATE_WVR</scanIntent>
    <calDataType>1 2 FULL_RESOLUTION_AUTO WVR</calDataType>
    <calibrationOnLine>1 2 true true</calibrationOnLine>
    <calibrationFunction>1 2 UNSPECIFIED UNSPECIFIED</calibrationFunction>
    <calibrationSet>1 2 NONE NONE</calibrationSet>
    <calPattern>1 2 NONE NONE</calPattern>
    <numField>1</numField>
    <fieldName>1 1 "LESS J0332-2756"</fieldName>
    <sourceName>LESS J0332-2756</sourceName>
    <execBlockId>ExecBlock_0</execBlockId>
  </row>
  <row>
    <scanNumber>13</scanNumber>
    <startTime>4833144150182000000</startTime>
    <endTime>4833144585999000000</endTime>
    <numIntent>2</numIntent>
    <numSubscan>12</numSubscan>
    <scanIntent>1 2 OBSERVE_TARGET CALIBRATE_WVR</scanIntent>
    <calDataType>1 2 NONE WVR</calDataType>
    <calibrationOnLine>1 2 false true</calibrationOnLine>
    <calibrationFunction>1 2 UNSPECIFIED UNSPECIFIED</calibrationFunction>
    <calibrationSet>1 2 NONE UNSPECIFIED</calibrationSet>
    <calPattern>1 2 NONE UNSPECIFIED</calPattern>
    <numField>1</numField>
    <fieldName>1 1 "LESS J0332-2756"</fieldName>
    <sourceName>LESS J0332-2756</sourceName>
    <execBlockId>ExecBlock_0</execBlockId>
  </row>
  <row>
    <scanNumber>14</scanNumber>
    <startTime>4833144603641000000</startTime>
    <endTime>4833144654655000000</endTime>
    <numIntent>2</numIntent>
    <numSubscan>3</numSubscan>
    <scanIntent>1 2 CALIBRATE_ATMOSPHERE CALIBRATE_WVR</scanIntent>
    <calDataType>1 2 FULL_RESOLUTION_AUTO WVR</calDataType>
    <calibrationOnLine>1 2 true true</calibrationOnLine>
    <calibrationFunction>1 2 UNSPECIFIED UNSPECIFIED</calibrationFunction>
    <calibrationSet>1 2 NONE NONE</calibrationSet>
    <calPattern>1 2 NONE NONE</calPattern>
    <numField>1</numField>
    <fieldName>1 1 "J0403-360"</fieldName>
    <sourceName>J0403-360</sourceName>
    <execBlockId>ExecBlock_0</execBlockId>
  </row>
  <row>
    <scanNumber>15</scanNumber>
    <startTime>4833144678138000000</startTime>
    <endTime>4833144722283000000</endTime>
    <numIntent>2</numIntent>
    <numSubscan>1</numSubscan>
    <scanIntent>1 2 CALIBRATE_PHASE CALIBRATE_WVR</scanIntent>
    <calDataType>1 2 CHANNEL_AVERAGE_CROSS WVR</calDataType>
    <calibrationOnLine>1 2 true true</calibrationOnLine>
    <calibrationFunction>1 2 LAST UNSPECIFIED</calibrationFunction>
    <calibrationSet>1 2 PHASE_CURVE NONE</calibrationSet>
    <calPattern>1 2 NONE NONE</calPattern>
    <numField>1</numField>
    <fieldName>1 1 "J0403-360"</fieldName>
    <sourceName>J0403-360</sourceName>
    <execBlockId>ExecBlock_0</execBlockId>
  </row>
  <row>
    <scanNumber>16</scanNumber>
    <startTime>4833144740172000000</startTime>
    <endTime>4833144791837000000</endTime>
    <numIntent>2</numIntent>
    <numSubscan>3</numSubscan>
    <scanIntent>1 2 CALIBRATE_ATMOSPHERE CALIBRATE_WVR</scanIntent>
    <calDataType>1 2 FULL_RESOLUTION_AUTO WVR</calDataType>
    <calibrationOnLine>1 2 true true</calibrationOnLine>
    <calibrationFunction>1 2 UNSPECIFIED UNSPECIFIED</calibrationFunction>
    <calibrationSet>1 2 NONE NONE</calibrationSet>
    <calPattern>1 2 NONE NONE</calPattern>
    <numField>1</numField>
    <fieldName>1 1 "LESS J0332-2756"</fieldName>
    <sourceName>LESS J0332-2756</sourceName>
    <execBlockId>ExecBlock_0</execBlockId>
  </row>
  <row>
    <scanNumber>17</scanNumber>
    <startTime>4833144815361000000</startTime>
    <endTime>4833145250779000000</endTime>
    <numIntent>2</numIntent>
    <numSubscan>12</numSubscan>
    <scanIntent>1 2 OBSERVE_TARGET CALIBRATE_WVR</scanIntent>
    <calDataType>1 2 NONE WVR</calDataType>
    <calibrationOnLine>1 2 false true</calibrationOnLine>
    <calibrationFunction>1 2 UNSPECIFIED UNSPECIFIED</calibrationFunction>
    <calibrationSet>1 2 NONE UNSPECIFIED</calibrationSet>
    <calPattern>1 2 NONE UNSPECIFIED</calPattern>
    <numField>1</numField>
    <fieldName>1 1 "LESS J0332-2756"</fieldName>
    <sourceName>LESS J0332-2756</sourceName>
    <execBlockId>ExecBlock_0</execBlockId>
  </row>
  <row>
    <scanNumber>18</scanNumber>
    <startTime>4833145268802000000</startTime>
    <endTime>4833145324871000000</endTime>
    <numIntent>2</numIntent>
    <numSubscan>3</numSubscan>
    <scanIntent>1 2 CALIBRATE_ATMOSPHERE CALIBRATE_WVR</scanIntent>
    <calDataType>1 2 FULL_RESOLUTION_AUTO WVR</calDataType>
    <calibrationOnLine>1 2 true true</calibrationOnLine>
    <calibrationFunction>1 2 UNSPECIFIED UNSPECIFIED</calibrationFunction>
    <calibrationSet>1 2 NONE NONE</calibrationSet>
    <calPattern>1 2 NONE NONE</calPattern>
    <numField>1</numField>
    <fieldName>1 1 "J0403-360"</fieldName>
    <sourceName>J0403-360</sourceName>
    <execBlockId>ExecBlock_0</execBlockId>
  </row>
  <row>
    <scanNumber>19</scanNumber>
    <startTime>4833145355597000000</startTime>
    <endTime>4833145399090000000</endTime>
    <numIntent>2</numIntent>
    <numSubscan>1</numSubscan>
    <scanIntent>1 2 CALIBRATE_PHASE CALIBRATE_WVR</scanIntent>
    <calDataType>1 2 CHANNEL_AVERAGE_CROSS WVR</calDataType>
    <calibrationOnLine>1 2 true true</calibrationOnLine>
    <calibrationFunction>1 2 LAST UNSPECIFIED</calibrationFunction>
    <calibrationSet>1 2 PHASE_CURVE NONE</calibrationSet>
    <calPattern>1 2 NONE NONE</calPattern>
    <numField>1</numField>
    <fieldName>1 1 "J0403-360"</fieldName>
    <sourceName>J0403-360</sourceName>
    <execBlockId>ExecBlock_0</execBlockId>
  </row>
  <row>
    <scanNumber>20</scanNumber>
    <startTime>4833145418075000000</startTime>
    <endTime>4833145474169000000</endTime>
    <numIntent>2</numIntent>
    <numSubscan>3</numSubscan>
    <scanIntent>1 2 CALIBRATE_ATMOSPHERE CALIBRATE_WVR</scanIntent>
    <calDataType>1 2 FULL_RESOLUTION_AUTO WVR</calDataType>
    <calibrationOnLine>1 2 true true</calibrationOnLine>
    <calibrationFunction>1 2 UNSPECIFIED UNSPECIFIED</calibrationFunction>
    <calibrationSet>1 2 NONE NONE</calibrationSet>
    <calPattern>1 2 NONE NONE</calPattern>
    <numField>1</numField>
    <fieldName>1 1 "LESS J0332-2756"</fieldName>
    <sourceName>LESS J0332-2756</sourceName>
    <execBlockId>ExecBlock_0</execBlockId>
  </row>
  <row>
    <scanNumber>21</scanNumber>
    <startTime>4833145504227000000</startTime>
    <endTime>4833145939786000000</endTime>
    <numIntent>2</numIntent>
    <numSubscan>12</numSubscan>
    <scanIntent>1 2 OBSERVE_TARGET CALIBRATE_WVR</scanIntent>
    <calDataType>1 2 NONE WVR</calDataType>
    <calibrationOnLine>1 2 false true</calibrationOnLine>
    <calibrationFunction>1 2 UNSPECIFIED UNSPECIFIED</calibrationFunction>
    <calibrationSet>1 2 NONE UNSPECIFIED</calibrationSet>
    <calPattern>1 2 NONE UNSPECIFIED</calPattern>
    <numField>1</numField>
    <fieldName>1 1 "LESS J0332-2756"</fieldName>
    <sourceName>LESS J0332-2756</sourceName>
    <execBlockId>ExecBlock_0</execBlockId>
  </row>
  <row>
    <scanNumber>22</scanNumber>
    <startTime>4833145957057000000</startTime>
    <endTime>4833146007366000000</endTime>
    <numIntent>2</numIntent>
    <numSubscan>3</numSubscan>
    <scanIntent>1 2 CALIBRATE_ATMOSPHERE CALIBRATE_WVR</scanIntent>
    <calDataType>1 2 FULL_RESOLUTION_AUTO WVR</calDataType>
    <calibrationOnLine>1 2 true true</calibrationOnLine>
    <calibrationFunction>1 2 UNSPECIFIED UNSPECIFIED</calibrationFunction>
    <calibrationSet>1 2 NONE NONE</calibrationSet>
    <calPattern>1 2 NONE NONE</calPattern>
    <numField>1</numField>
    <fieldName>1 1 "J0403-360"</fieldName>
    <sourceName>J0403-360</sourceName>
    <execBlockId>ExecBlock_0</execBlockId>
  </row>
  <row>
    <scanNumber>23</scanNumber>
    <startTime>4833146030435000000</startTime>
    <endTime>4833146073817000000</endTime>
    <numIntent>2</numIntent>
    <numSubscan>1</numSubscan>
    <scanIntent>1 2 CALIBRATE_PHASE CALIBRATE_WVR</scanIntent>
    <calDataType>1 2 CHANNEL_AVERAGE_CROSS WVR</calDataType>
    <calibrationOnLine>1 2 true true</calibrationOnLine>
    <calibrationFunction>1 2 LAST UNSPECIFIED</calibrationFunction>
    <calibrationSet>1 2 PHASE_CURVE NONE</calibrationSet>
    <calPattern>1 2 NONE NONE</calPattern>
    <numField>1</numField>
    <fieldName>1 1 "J0403-360"</fieldName>
    <sourceName>J0403-360</sourceName>
    <execBlockId>ExecBlock_0</execBlockId>
  </row>
  <row>
    <scanNumber>24</scanNumber>
    <startTime>4833146091860000000</startTime>
    <endTime>4833146142427000000</endTime>
    <numIntent>2</numIntent>
    <numSubscan>3</numSubscan>
    <scanIntent>1 2 CALIBRATE_ATMOSPHERE CALIBRATE_WVR</scanIntent>
    <calDataType>1 2 FULL_RESOLUTION_AUTO WVR</calDataType>
    <calibrationOnLine>1 2 true true</calibrationOnLine>
    <calibrationFunction>1 2 UNSPECIFIED UNSPECIFIED</calibrationFunction>
    <calibrationSet>1 2 NONE NONE</calibrationSet>
    <calPattern>1 2 NONE NONE</calPattern>
    <numField>1</numField>
    <fieldName>1 1 "LESS J0332-2756"</fieldName>
    <sourceName>LESS J0332-2756</sourceName>
    <execBlockId>ExecBlock_0</execBlockId>
  </row>
  <row>
    <scanNumber>25</scanNumber>
    <startTime>4833146165261000000</startTime>
    <endTime>4833146244220000000</endTime>
    <numIntent>2</numIntent>
    <numSubscan>2</numSubscan>
    <scanIntent>1 2 OBSERVE_TARGET CALIBRATE_WVR</scanIntent>
    <calDataType>1 2 NONE WVR</calDataType>
    <calibrationOnLine>1 2 false true</calibrationOnLine>
    <calibrationFunction>1 2 UNSPECIFIED UNSPECIFIED</calibrationFunction>
    <calibrationSet>1 2 NONE UNSPECIFIED</calibrationSet>
    <calPattern>1 2 NONE UNSPECIFIED</calPattern>
    <numField>1</numField>
    <fieldName>1 1 "LESS J0332-2756"</fieldName>
    <sourceName>LESS J0332-2756</sourceName>
    <execBlockId>ExecBlock_0</execBlockId>
  </row>
  <row>
    <scanNumber>26</scanNumber>
    <startTime>4833146263690000000</startTime>
    <endTime>4833146307342000000</endTime>
    <numIntent>2</numIntent>
    <numSubscan>1</numSubscan>
    <scanIntent>1 2 CALIBRATE_PHASE CALIBRATE_WVR</scanIntent>
    <calDataType>1 2 CHANNEL_AVERAGE_CROSS WVR</calDataType>
    <calibrationOnLine>1 2 true true</calibrationOnLine>
    <calibrationFunction>1 2 LAST UNSPECIFIED</calibrationFunction>
    <calibrationSet>1 2 PHASE_CURVE NONE</calibrationSet>
    <calPattern>1 2 NONE NONE</calPattern>
    <numField>1</numField>
    <fieldName>1 1 "J0403-360"</fieldName>
    <sourceName>J0403-360</sourceName>
    <execBlockId>ExecBlock_0</execBlockId>
  </row>
</ScanTable>

