<?xml version="1.0" encoding="UTF-8"?>
<StationTable xmlns:xsi="http://www.w3.org/2001/XMLSchema-instance" xmlns:sttn="http://Alma/XASDM/StationTable" schemaVersion="3" schemaRevision="1.55.6.5">
  <Entity entityId="uid://A002/X36dd96/X1" entityIdEncrypted="na" entityTypeName="StationTable" schemaVersion="1" documentVersion="1" />
  <ContainerEntity entityId="uid://A002/X36d011/X63b" entityIdEncrypted="na" entityTypeName="ASDM" schemaVersion="1" documentVersion="1" />
  <row>
    <stationId>Station_0</stationId>
    <name>A050</name>
    <position>1 3 2225077.264236 -5440034.982484 -2481721.680961</position>
    <type>ANTENNA_PAD</type>
  </row>
  <row>
    <stationId>Station_1</stationId>
    <name>A009</name>
    <position>1 3 2225096.841245 -5440069.063439 -2481629.028398</position>
    <type>ANTENNA_PAD</type>
  </row>
  <row>
    <stationId>Station_2</stationId>
    <name>A070</name>
    <position>1 3 2225190.832825 -5439987.368887 -2481719.620964</position>
    <type>ANTENNA_PAD</type>
  </row>
  <row>
    <stationId>Station_3</stationId>
    <name>A013</name>
    <position>1 3 2225101.235882 -5440051.260402 -2481664.911681</position>
    <type>ANTENNA_PAD</type>
  </row>
  <row>
    <stationId>Station_4</stationId>
    <name>A004</name>
    <position>1 3 2225092.18230023 -5440046.02468279 -2481684.35861972</position>
    <type>ANTENNA_PAD</type>
  </row>
  <row>
    <stationId>Station_5</stationId>
    <name>A021</name>
    <position>1 3 2225061.375793 -5440071.984522 -2481655.269639</position>
    <type>ANTENNA_PAD</type>
  </row>
  <row>
    <stationId>Station_6</stationId>
    <name>A035</name>
    <position>1 3 2225072.73863629 -5440052.9644743 -2481686.5553089697</position>
    <type>ANTENNA_PAD</type>
  </row>
  <row>
    <stationId>Station_7</stationId>
    <name>A038</name>
    <position>1 3 2225016.696078 -5440059.813519 -2481722.550793</position>
    <type>ANTENNA_PAD</type>
  </row>
  <row>
    <stationId>Station_8</stationId>
    <name>A023</name>
    <position>1 3 2225050.61387618 -5440086.97255568 -2481632.70791324</position>
    <type>ANTENNA_PAD</type>
  </row>
  <row>
    <stationId>Station_9</stationId>
    <name>A045</name>
    <position>1 3 2225029.4347467604 -5440046.027379249 -2481742.7406137097</position>
    <type>ANTENNA_PAD</type>
  </row>
  <row>
    <stationId>Station_10</stationId>
    <name>A011</name>
    <position>1 3 2225130.368961 -5440025.148453 -2481695.420046</position>
    <type>ANTENNA_PAD</type>
  </row>
  <row>
    <stationId>Station_11</stationId>
    <name>A020</name>
    <position>1 3 2225040.97720891 -5440067.76859224 -2481683.61036036</position>
    <type>ANTENNA_PAD</type>
  </row>
  <row>
    <stationId>Station_12</stationId>
    <name>A025</name>
    <position>1 3 2225021.915397 -5440083.13981 -2481667.122037</position>
    <type>ANTENNA_PAD</type>
  </row>
  <row>
    <stationId>Station_13</stationId>
    <name>A043</name>
    <position>1 3 2225106.525517 -5440021.587137 -2481723.503675</position>
    <type>ANTENNA_PAD</type>
  </row>
  <row>
    <stationId>Station_14</stationId>
    <name>A069</name>
    <position>1 3 2224940.552199 -5440082.453498 -2481745.662419</position>
    <type>ANTENNA_PAD</type>
  </row>
  <row>
    <stationId>Station_15</stationId>
    <name>A037</name>
    <position>1 3 2225046.287975 -5440055.11888 -2481705.417488</position>
    <type>ANTENNA_PAD</type>
  </row>
  <row>
    <stationId>Station_16</stationId>
    <name>A002</name>
    <position>1 3 2225083.146647 -5440055.70311 -2481671.319351</position>
    <type>ANTENNA_PAD</type>
  </row>
  <row>
    <stationId>Station_17</stationId>
    <name>A026</name>
    <position>1 3 2225015.663737 -5440074.135021 -2481692.319882</position>
    <type>ANTENNA_PAD</type>
  </row>
  <row>
    <stationId>Station_18</stationId>
    <name>WSTB1</name>
    <position>1 3 2225262.12 -5440307.3 -2480962.57</position>
    <type>WEATHER_STATION</type>
  </row>
  <row>
    <stationId>Station_19</stationId>
    <name>WSTB2</name>
    <position>1 3 2225262.12 -5440307.5 -2480962.57</position>
    <type>WEATHER_STATION</type>
  </row>
</StationTable>

