<?xml version="1.0" encoding="UTF-8"?>
<SubscanTable xmlns:xsi="http://www.w3.org/2001/XMLSchema-instance" xmlns:sbscn="http://Alma/XASDM/SubscanTable" schemaVersion="3" schemaRevision="1.55.6.5">
  <Entity entityId="uid://A002/X36dd97/X1" entityIdEncrypted="na" entityTypeName="SubscanTable" schemaVersion="1" documentVersion="1" />
  <ContainerEntity entityId="uid://A002/X36d011/X63b" entityIdEncrypted="na" entityTypeName="ASDM" schemaVersion="1" documentVersion="1" />
  <row>
    <scanNumber>1</scanNumber>
    <subscanNumber>1</subscanNumber>
    <startTime>4833142492896000000</startTime>
    <endTime>4833142502976000000</endTime>
    <fieldName>J0522-364</fieldName>
    <subscanIntent>ON_SOURCE</subscanIntent>
    <subscanMode>NO_SWITCHING</subscanMode>
    <numIntegration>5</numIntegration>
    <numSubintegration>1 5 2 2 2 2 2</numSubintegration>
    <correlatorCalibration>NONE</correlatorCalibration>
    <execBlockId>ExecBlock_0</execBlockId>
  </row>
  <row>
    <scanNumber>1</scanNumber>
    <subscanNumber>2</subscanNumber>
    <startTime>4833142510224000000</startTime>
    <endTime>4833142520304000000</endTime>
    <fieldName>J0522-364</fieldName>
    <subscanIntent>ON_SOURCE</subscanIntent>
    <subscanMode>NO_SWITCHING</subscanMode>
    <numIntegration>5</numIntegration>
    <numSubintegration>1 5 2 2 2 2 2</numSubintegration>
    <correlatorCalibration>NONE</correlatorCalibration>
    <execBlockId>ExecBlock_0</execBlockId>
  </row>
  <row>
    <scanNumber>1</scanNumber>
    <subscanNumber>3</subscanNumber>
    <startTime>4833142527552000000</startTime>
    <endTime>4833142537632000000</endTime>
    <fieldName>J0522-364</fieldName>
    <subscanIntent>ON_SOURCE</subscanIntent>
    <subscanMode>NO_SWITCHING</subscanMode>
    <numIntegration>5</numIntegration>
    <numSubintegration>1 5 2 2 2 2 2</numSubintegration>
    <correlatorCalibration>NONE</correlatorCalibration>
    <execBlockId>ExecBlock_0</execBlockId>
  </row>
  <row>
    <scanNumber>1</scanNumber>
    <subscanNumber>4</subscanNumber>
    <startTime>4833142544880000000</startTime>
    <endTime>4833142554960000000</endTime>
    <fieldName>J0522-364</fieldName>
    <subscanIntent>ON_SOURCE</subscanIntent>
    <subscanMode>NO_SWITCHING</subscanMode>
    <numIntegration>5</numIntegration>
    <numSubintegration>1 5 2 2 2 2 2</numSubintegration>
    <correlatorCalibration>NONE</correlatorCalibration>
    <execBlockId>ExecBlock_0</execBlockId>
  </row>
  <row>
    <scanNumber>1</scanNumber>
    <subscanNumber>5</subscanNumber>
    <startTime>4833142562208000000</startTime>
    <endTime>4833142572288000000</endTime>
    <fieldName>J0522-364</fieldName>
    <subscanIntent>ON_SOURCE</subscanIntent>
    <subscanMode>NO_SWITCHING</subscanMode>
    <numIntegration>5</numIntegration>
    <numSubintegration>1 5 2 2 2 2 2</numSubintegration>
    <correlatorCalibration>NONE</correlatorCalibration>
    <execBlockId>ExecBlock_0</execBlockId>
  </row>
  <row>
    <scanNumber>2</scanNumber>
    <subscanNumber>1</subscanNumber>
    <startTime>4833142618992000000</startTime>
    <endTime>4833142649232000000</endTime>
    <fieldName>J0522-364</fieldName>
    <subscanIntent>ON_SOURCE</subscanIntent>
    <subscanMode>NO_SWITCHING</subscanMode>
    <numIntegration>15</numIntegration>
    <numSubintegration>1 15 2 2 2 2 2 2 2 2 2 2 2 2 2 2 2</numSubintegration>
    <correlatorCalibration>NONE</correlatorCalibration>
    <execBlockId>ExecBlock_0</execBlockId>
  </row>
  <row>
    <scanNumber>2</scanNumber>
    <subscanNumber>2</subscanNumber>
    <startTime>4833142676880000000</startTime>
    <endTime>4833142707120000000</endTime>
    <fieldName>J0522-364</fieldName>
    <subscanIntent>OFF_SOURCE</subscanIntent>
    <subscanMode>NO_SWITCHING</subscanMode>
    <numIntegration>15</numIntegration>
    <numSubintegration>1 15 2 2 2 2 2 2 2 2 2 2 2 2 2 2 2</numSubintegration>
    <correlatorCalibration>NONE</correlatorCalibration>
    <execBlockId>ExecBlock_0</execBlockId>
  </row>
  <row>
    <scanNumber>3</scanNumber>
    <subscanNumber>1</subscanNumber>
    <startTime>4833142766736000000</startTime>
    <endTime>4833142768752000000</endTime>
    <fieldName>J0522-364</fieldName>
    <subscanIntent>ON_SOURCE</subscanIntent>
    <subscanMode>NO_SWITCHING</subscanMode>
    <numIntegration>1</numIntegration>
    <numSubintegration>1 1 2</numSubintegration>
    <correlatorCalibration>NONE</correlatorCalibration>
    <execBlockId>ExecBlock_0</execBlockId>
  </row>
  <row>
    <scanNumber>3</scanNumber>
    <subscanNumber>2</subscanNumber>
    <startTime>4833142784208000000</startTime>
    <endTime>4833142786224000000</endTime>
    <fieldName>J0522-364</fieldName>
    <subscanIntent>ON_SOURCE</subscanIntent>
    <subscanMode>NO_SWITCHING</subscanMode>
    <numIntegration>1</numIntegration>
    <numSubintegration>1 1 2</numSubintegration>
    <correlatorCalibration>NONE</correlatorCalibration>
    <execBlockId>ExecBlock_0</execBlockId>
  </row>
  <row>
    <scanNumber>3</scanNumber>
    <subscanNumber>3</subscanNumber>
    <startTime>4833142800624000000</startTime>
    <endTime>4833142802640000000</endTime>
    <fieldName>J0522-364</fieldName>
    <subscanIntent>OFF_SOURCE</subscanIntent>
    <subscanMode>NO_SWITCHING</subscanMode>
    <numIntegration>1</numIntegration>
    <numSubintegration>1 1 2</numSubintegration>
    <correlatorCalibration>NONE</correlatorCalibration>
    <execBlockId>ExecBlock_0</execBlockId>
  </row>
  <row>
    <scanNumber>4</scanNumber>
    <subscanNumber>1</subscanNumber>
    <startTime>4833142853520000000</startTime>
    <endTime>4833142883760000000</endTime>
    <fieldName>J0522-364</fieldName>
    <subscanIntent>ON_SOURCE</subscanIntent>
    <subscanMode>NO_SWITCHING</subscanMode>
    <numIntegration>5</numIntegration>
    <numSubintegration>1 5 6 6 6 6 6</numSubintegration>
    <correlatorCalibration>NONE</correlatorCalibration>
    <execBlockId>ExecBlock_0</execBlockId>
  </row>
  <row>
    <scanNumber>4</scanNumber>
    <subscanNumber>2</subscanNumber>
    <startTime>4833142888800000000</startTime>
    <endTime>4833142919040000000</endTime>
    <fieldName>J0522-364</fieldName>
    <subscanIntent>ON_SOURCE</subscanIntent>
    <subscanMode>NO_SWITCHING</subscanMode>
    <numIntegration>5</numIntegration>
    <numSubintegration>1 5 6 6 6 6 6</numSubintegration>
    <correlatorCalibration>NONE</correlatorCalibration>
    <execBlockId>ExecBlock_0</execBlockId>
  </row>
  <row>
    <scanNumber>4</scanNumber>
    <subscanNumber>3</subscanNumber>
    <startTime>4833142924080000000</startTime>
    <endTime>4833142954320000000</endTime>
    <fieldName>J0522-364</fieldName>
    <subscanIntent>ON_SOURCE</subscanIntent>
    <subscanMode>NO_SWITCHING</subscanMode>
    <numIntegration>5</numIntegration>
    <numSubintegration>1 5 6 6 6 6 6</numSubintegration>
    <correlatorCalibration>NONE</correlatorCalibration>
    <execBlockId>ExecBlock_0</execBlockId>
  </row>
  <row>
    <scanNumber>4</scanNumber>
    <subscanNumber>4</subscanNumber>
    <startTime>4833142959360000000</startTime>
    <endTime>4833142989600000000</endTime>
    <fieldName>J0522-364</fieldName>
    <subscanIntent>ON_SOURCE</subscanIntent>
    <subscanMode>NO_SWITCHING</subscanMode>
    <numIntegration>5</numIntegration>
    <numSubintegration>1 5 6 6 6 6 6</numSubintegration>
    <correlatorCalibration>NONE</correlatorCalibration>
    <execBlockId>ExecBlock_0</execBlockId>
  </row>
  <row>
    <scanNumber>4</scanNumber>
    <subscanNumber>5</subscanNumber>
    <startTime>4833142994640000000</startTime>
    <endTime>4833143024880000000</endTime>
    <fieldName>J0522-364</fieldName>
    <subscanIntent>ON_SOURCE</subscanIntent>
    <subscanMode>NO_SWITCHING</subscanMode>
    <numIntegration>5</numIntegration>
    <numSubintegration>1 5 6 6 6 6 6</numSubintegration>
    <correlatorCalibration>NONE</correlatorCalibration>
    <execBlockId>ExecBlock_0</execBlockId>
  </row>
  <row>
    <scanNumber>4</scanNumber>
    <subscanNumber>6</subscanNumber>
    <startTime>4833143029920000000</startTime>
    <endTime>4833143060160000000</endTime>
    <fieldName>J0522-364</fieldName>
    <subscanIntent>ON_SOURCE</subscanIntent>
    <subscanMode>NO_SWITCHING</subscanMode>
    <numIntegration>5</numIntegration>
    <numSubintegration>1 5 6 6 6 6 6</numSubintegration>
    <correlatorCalibration>NONE</correlatorCalibration>
    <execBlockId>ExecBlock_0</execBlockId>
  </row>
  <row>
    <scanNumber>5</scanNumber>
    <subscanNumber>1</subscanNumber>
    <startTime>4833143113056000000</startTime>
    <endTime>4833143123136000000</endTime>
    <fieldName>J0403-360</fieldName>
    <subscanIntent>ON_SOURCE</subscanIntent>
    <subscanMode>NO_SWITCHING</subscanMode>
    <numIntegration>5</numIntegration>
    <numSubintegration>1 5 2 2 2 2 2</numSubintegration>
    <correlatorCalibration>NONE</correlatorCalibration>
    <execBlockId>ExecBlock_0</execBlockId>
  </row>
  <row>
    <scanNumber>5</scanNumber>
    <subscanNumber>2</subscanNumber>
    <startTime>4833143130384000000</startTime>
    <endTime>4833143140464000000</endTime>
    <fieldName>J0403-360</fieldName>
    <subscanIntent>ON_SOURCE</subscanIntent>
    <subscanMode>NO_SWITCHING</subscanMode>
    <numIntegration>5</numIntegration>
    <numSubintegration>1 5 2 2 2 2 2</numSubintegration>
    <correlatorCalibration>NONE</correlatorCalibration>
    <execBlockId>ExecBlock_0</execBlockId>
  </row>
  <row>
    <scanNumber>5</scanNumber>
    <subscanNumber>3</subscanNumber>
    <startTime>4833143147712000000</startTime>
    <endTime>4833143157792000000</endTime>
    <fieldName>J0403-360</fieldName>
    <subscanIntent>ON_SOURCE</subscanIntent>
    <subscanMode>NO_SWITCHING</subscanMode>
    <numIntegration>5</numIntegration>
    <numSubintegration>1 5 2 2 2 2 2</numSubintegration>
    <correlatorCalibration>NONE</correlatorCalibration>
    <execBlockId>ExecBlock_0</execBlockId>
  </row>
  <row>
    <scanNumber>5</scanNumber>
    <subscanNumber>4</subscanNumber>
    <startTime>4833143165040000000</startTime>
    <endTime>4833143175120000000</endTime>
    <fieldName>J0403-360</fieldName>
    <subscanIntent>ON_SOURCE</subscanIntent>
    <subscanMode>NO_SWITCHING</subscanMode>
    <numIntegration>5</numIntegration>
    <numSubintegration>1 5 2 2 2 2 2</numSubintegration>
    <correlatorCalibration>NONE</correlatorCalibration>
    <execBlockId>ExecBlock_0</execBlockId>
  </row>
  <row>
    <scanNumber>5</scanNumber>
    <subscanNumber>5</subscanNumber>
    <startTime>4833143182368000000</startTime>
    <endTime>4833143192448000000</endTime>
    <fieldName>J0403-360</fieldName>
    <subscanIntent>ON_SOURCE</subscanIntent>
    <subscanMode>NO_SWITCHING</subscanMode>
    <numIntegration>5</numIntegration>
    <numSubintegration>1 5 2 2 2 2 2</numSubintegration>
    <correlatorCalibration>NONE</correlatorCalibration>
    <execBlockId>ExecBlock_0</execBlockId>
  </row>
  <row>
    <scanNumber>6</scanNumber>
    <subscanNumber>1</subscanNumber>
    <startTime>4833143275824000000</startTime>
    <endTime>4833143277840000000</endTime>
    <fieldName>J0403-360</fieldName>
    <subscanIntent>ON_SOURCE</subscanIntent>
    <subscanMode>NO_SWITCHING</subscanMode>
    <numIntegration>1</numIntegration>
    <numSubintegration>1 1 2</numSubintegration>
    <correlatorCalibration>NONE</correlatorCalibration>
    <execBlockId>ExecBlock_0</execBlockId>
  </row>
  <row>
    <scanNumber>6</scanNumber>
    <subscanNumber>2</subscanNumber>
    <startTime>4833143293296000000</startTime>
    <endTime>4833143295312000000</endTime>
    <fieldName>J0403-360</fieldName>
    <subscanIntent>ON_SOURCE</subscanIntent>
    <subscanMode>NO_SWITCHING</subscanMode>
    <numIntegration>1</numIntegration>
    <numSubintegration>1 1 2</numSubintegration>
    <correlatorCalibration>NONE</correlatorCalibration>
    <execBlockId>ExecBlock_0</execBlockId>
  </row>
  <row>
    <scanNumber>6</scanNumber>
    <subscanNumber>3</subscanNumber>
    <startTime>4833143309040000000</startTime>
    <endTime>4833143311056000000</endTime>
    <fieldName>J0403-360</fieldName>
    <subscanIntent>OFF_SOURCE</subscanIntent>
    <subscanMode>NO_SWITCHING</subscanMode>
    <numIntegration>1</numIntegration>
    <numSubintegration>1 1 2</numSubintegration>
    <correlatorCalibration>NONE</correlatorCalibration>
    <execBlockId>ExecBlock_0</execBlockId>
  </row>
  <row>
    <scanNumber>7</scanNumber>
    <subscanNumber>1</subscanNumber>
    <startTime>4833143353200000000</startTime>
    <endTime>4833143383440000000</endTime>
    <fieldName>J0403-360</fieldName>
    <subscanIntent>ON_SOURCE</subscanIntent>
    <subscanMode>NO_SWITCHING</subscanMode>
    <numIntegration>5</numIntegration>
    <numSubintegration>1 5 6 6 6 6 6</numSubintegration>
    <correlatorCalibration>NONE</correlatorCalibration>
    <execBlockId>ExecBlock_0</execBlockId>
  </row>
  <row>
    <scanNumber>8</scanNumber>
    <subscanNumber>1</subscanNumber>
    <startTime>4833143421456000000</startTime>
    <endTime>4833143423472000000</endTime>
    <fieldName>LESS J0332-2756</fieldName>
    <subscanIntent>ON_SOURCE</subscanIntent>
    <subscanMode>NO_SWITCHING</subscanMode>
    <numIntegration>1</numIntegration>
    <numSubintegration>1 1 2</numSubintegration>
    <correlatorCalibration>NONE</correlatorCalibration>
    <execBlockId>ExecBlock_0</execBlockId>
  </row>
  <row>
    <scanNumber>8</scanNumber>
    <subscanNumber>2</subscanNumber>
    <startTime>4833143438880000000</startTime>
    <endTime>4833143440896000000</endTime>
    <fieldName>LESS J0332-2756</fieldName>
    <subscanIntent>ON_SOURCE</subscanIntent>
    <subscanMode>NO_SWITCHING</subscanMode>
    <numIntegration>1</numIntegration>
    <numSubintegration>1 1 2</numSubintegration>
    <correlatorCalibration>NONE</correlatorCalibration>
    <execBlockId>ExecBlock_0</execBlockId>
  </row>
  <row>
    <scanNumber>8</scanNumber>
    <subscanNumber>3</subscanNumber>
    <startTime>4833143456688000000</startTime>
    <endTime>4833143458704000000</endTime>
    <fieldName>LESS J0332-2756</fieldName>
    <subscanIntent>OFF_SOURCE</subscanIntent>
    <subscanMode>NO_SWITCHING</subscanMode>
    <numIntegration>1</numIntegration>
    <numSubintegration>1 1 2</numSubintegration>
    <correlatorCalibration>NONE</correlatorCalibration>
    <execBlockId>ExecBlock_0</execBlockId>
  </row>
  <row>
    <scanNumber>9</scanNumber>
    <subscanNumber>1</subscanNumber>
    <startTime>4833143504016000000</startTime>
    <endTime>4833143534256000000</endTime>
    <fieldName>LESS J0332-2756</fieldName>
    <subscanIntent>ON_SOURCE</subscanIntent>
    <subscanMode>NO_SWITCHING</subscanMode>
    <numIntegration>5</numIntegration>
    <numSubintegration>1 5 6 6 6 6 6</numSubintegration>
    <correlatorCalibration>NONE</correlatorCalibration>
    <execBlockId>ExecBlock_0</execBlockId>
  </row>
  <row>
    <scanNumber>9</scanNumber>
    <subscanNumber>2</subscanNumber>
    <startTime>4833143539296000000</startTime>
    <endTime>4833143569536000000</endTime>
    <fieldName>LESS J0332-2756</fieldName>
    <subscanIntent>ON_SOURCE</subscanIntent>
    <subscanMode>NO_SWITCHING</subscanMode>
    <numIntegration>5</numIntegration>
    <numSubintegration>1 5 6 6 6 6 6</numSubintegration>
    <correlatorCalibration>NONE</correlatorCalibration>
    <execBlockId>ExecBlock_0</execBlockId>
  </row>
  <row>
    <scanNumber>9</scanNumber>
    <subscanNumber>3</subscanNumber>
    <startTime>4833143574576000000</startTime>
    <endTime>4833143604816000000</endTime>
    <fieldName>LESS J0332-2756</fieldName>
    <subscanIntent>ON_SOURCE</subscanIntent>
    <subscanMode>NO_SWITCHING</subscanMode>
    <numIntegration>5</numIntegration>
    <numSubintegration>1 5 6 6 6 6 6</numSubintegration>
    <correlatorCalibration>NONE</correlatorCalibration>
    <execBlockId>ExecBlock_0</execBlockId>
  </row>
  <row>
    <scanNumber>9</scanNumber>
    <subscanNumber>4</subscanNumber>
    <startTime>4833143609856000000</startTime>
    <endTime>4833143640096000000</endTime>
    <fieldName>LESS J0332-2756</fieldName>
    <subscanIntent>ON_SOURCE</subscanIntent>
    <subscanMode>NO_SWITCHING</subscanMode>
    <numIntegration>5</numIntegration>
    <numSubintegration>1 5 6 6 6 6 6</numSubintegration>
    <correlatorCalibration>NONE</correlatorCalibration>
    <execBlockId>ExecBlock_0</execBlockId>
  </row>
  <row>
    <scanNumber>9</scanNumber>
    <subscanNumber>5</subscanNumber>
    <startTime>4833143645136000000</startTime>
    <endTime>4833143675376000000</endTime>
    <fieldName>LESS J0332-2756</fieldName>
    <subscanIntent>ON_SOURCE</subscanIntent>
    <subscanMode>NO_SWITCHING</subscanMode>
    <numIntegration>5</numIntegration>
    <numSubintegration>1 5 6 6 6 6 6</numSubintegration>
    <correlatorCalibration>NONE</correlatorCalibration>
    <execBlockId>ExecBlock_0</execBlockId>
  </row>
  <row>
    <scanNumber>9</scanNumber>
    <subscanNumber>6</subscanNumber>
    <startTime>4833143680416000000</startTime>
    <endTime>4833143710656000000</endTime>
    <fieldName>LESS J0332-2756</fieldName>
    <subscanIntent>ON_SOURCE</subscanIntent>
    <subscanMode>NO_SWITCHING</subscanMode>
    <numIntegration>5</numIntegration>
    <numSubintegration>1 5 6 6 6 6 6</numSubintegration>
    <correlatorCalibration>NONE</correlatorCalibration>
    <execBlockId>ExecBlock_0</execBlockId>
  </row>
  <row>
    <scanNumber>9</scanNumber>
    <subscanNumber>7</subscanNumber>
    <startTime>4833143715696000000</startTime>
    <endTime>4833143745936000000</endTime>
    <fieldName>LESS J0332-2756</fieldName>
    <subscanIntent>ON_SOURCE</subscanIntent>
    <subscanMode>NO_SWITCHING</subscanMode>
    <numIntegration>5</numIntegration>
    <numSubintegration>1 5 6 6 6 6 6</numSubintegration>
    <correlatorCalibration>NONE</correlatorCalibration>
    <execBlockId>ExecBlock_0</execBlockId>
  </row>
  <row>
    <scanNumber>9</scanNumber>
    <subscanNumber>8</subscanNumber>
    <startTime>4833143750976000000</startTime>
    <endTime>4833143781216000000</endTime>
    <fieldName>LESS J0332-2756</fieldName>
    <subscanIntent>ON_SOURCE</subscanIntent>
    <subscanMode>NO_SWITCHING</subscanMode>
    <numIntegration>5</numIntegration>
    <numSubintegration>1 5 6 6 6 6 6</numSubintegration>
    <correlatorCalibration>NONE</correlatorCalibration>
    <execBlockId>ExecBlock_0</execBlockId>
  </row>
  <row>
    <scanNumber>9</scanNumber>
    <subscanNumber>9</subscanNumber>
    <startTime>4833143786256000000</startTime>
    <endTime>4833143816496000000</endTime>
    <fieldName>LESS J0332-2756</fieldName>
    <subscanIntent>ON_SOURCE</subscanIntent>
    <subscanMode>NO_SWITCHING</subscanMode>
    <numIntegration>5</numIntegration>
    <numSubintegration>1 5 6 6 6 6 6</numSubintegration>
    <correlatorCalibration>NONE</correlatorCalibration>
    <execBlockId>ExecBlock_0</execBlockId>
  </row>
  <row>
    <scanNumber>9</scanNumber>
    <subscanNumber>10</subscanNumber>
    <startTime>4833143821536000000</startTime>
    <endTime>4833143851776000000</endTime>
    <fieldName>LESS J0332-2756</fieldName>
    <subscanIntent>ON_SOURCE</subscanIntent>
    <subscanMode>NO_SWITCHING</subscanMode>
    <numIntegration>5</numIntegration>
    <numSubintegration>1 5 6 6 6 6 6</numSubintegration>
    <correlatorCalibration>NONE</correlatorCalibration>
    <execBlockId>ExecBlock_0</execBlockId>
  </row>
  <row>
    <scanNumber>9</scanNumber>
    <subscanNumber>11</subscanNumber>
    <startTime>4833143856816000000</startTime>
    <endTime>4833143887056000000</endTime>
    <fieldName>LESS J0332-2756</fieldName>
    <subscanIntent>ON_SOURCE</subscanIntent>
    <subscanMode>NO_SWITCHING</subscanMode>
    <numIntegration>5</numIntegration>
    <numSubintegration>1 5 6 6 6 6 6</numSubintegration>
    <correlatorCalibration>NONE</correlatorCalibration>
    <execBlockId>ExecBlock_0</execBlockId>
  </row>
  <row>
    <scanNumber>9</scanNumber>
    <subscanNumber>12</subscanNumber>
    <startTime>4833143892096000000</startTime>
    <endTime>4833143922336000000</endTime>
    <fieldName>LESS J0332-2756</fieldName>
    <subscanIntent>ON_SOURCE</subscanIntent>
    <subscanMode>NO_SWITCHING</subscanMode>
    <numIntegration>5</numIntegration>
    <numSubintegration>1 5 6 6 6 6 6</numSubintegration>
    <correlatorCalibration>NONE</correlatorCalibration>
    <execBlockId>ExecBlock_0</execBlockId>
  </row>
  <row>
    <scanNumber>10</scanNumber>
    <subscanNumber>1</subscanNumber>
    <startTime>4833143955168000000</startTime>
    <endTime>4833143957184000000</endTime>
    <fieldName>J0403-360</fieldName>
    <subscanIntent>ON_SOURCE</subscanIntent>
    <subscanMode>NO_SWITCHING</subscanMode>
    <numIntegration>1</numIntegration>
    <numSubintegration>1 1 2</numSubintegration>
    <correlatorCalibration>NONE</correlatorCalibration>
    <execBlockId>ExecBlock_0</execBlockId>
  </row>
  <row>
    <scanNumber>10</scanNumber>
    <subscanNumber>2</subscanNumber>
    <startTime>4833143972640000000</startTime>
    <endTime>4833143974656000000</endTime>
    <fieldName>J0403-360</fieldName>
    <subscanIntent>ON_SOURCE</subscanIntent>
    <subscanMode>NO_SWITCHING</subscanMode>
    <numIntegration>1</numIntegration>
    <numSubintegration>1 1 2</numSubintegration>
    <correlatorCalibration>NONE</correlatorCalibration>
    <execBlockId>ExecBlock_0</execBlockId>
  </row>
  <row>
    <scanNumber>10</scanNumber>
    <subscanNumber>3</subscanNumber>
    <startTime>4833143988768000000</startTime>
    <endTime>4833143990784000000</endTime>
    <fieldName>J0403-360</fieldName>
    <subscanIntent>OFF_SOURCE</subscanIntent>
    <subscanMode>NO_SWITCHING</subscanMode>
    <numIntegration>1</numIntegration>
    <numSubintegration>1 1 2</numSubintegration>
    <correlatorCalibration>NONE</correlatorCalibration>
    <execBlockId>ExecBlock_0</execBlockId>
  </row>
  <row>
    <scanNumber>11</scanNumber>
    <subscanNumber>1</subscanNumber>
    <startTime>4833144026064000000</startTime>
    <endTime>4833144056304000000</endTime>
    <fieldName>J0403-360</fieldName>
    <subscanIntent>ON_SOURCE</subscanIntent>
    <subscanMode>NO_SWITCHING</subscanMode>
    <numIntegration>5</numIntegration>
    <numSubintegration>1 5 6 6 6 6 6</numSubintegration>
    <correlatorCalibration>NONE</correlatorCalibration>
    <execBlockId>ExecBlock_0</execBlockId>
  </row>
  <row>
    <scanNumber>12</scanNumber>
    <subscanNumber>1</subscanNumber>
    <startTime>4833144090336000000</startTime>
    <endTime>4833144092352000000</endTime>
    <fieldName>LESS J0332-2756</fieldName>
    <subscanIntent>ON_SOURCE</subscanIntent>
    <subscanMode>NO_SWITCHING</subscanMode>
    <numIntegration>1</numIntegration>
    <numSubintegration>1 1 2</numSubintegration>
    <correlatorCalibration>NONE</correlatorCalibration>
    <execBlockId>ExecBlock_0</execBlockId>
  </row>
  <row>
    <scanNumber>12</scanNumber>
    <subscanNumber>2</subscanNumber>
    <startTime>4833144107712000000</startTime>
    <endTime>4833144109728000000</endTime>
    <fieldName>LESS J0332-2756</fieldName>
    <subscanIntent>ON_SOURCE</subscanIntent>
    <subscanMode>NO_SWITCHING</subscanMode>
    <numIntegration>1</numIntegration>
    <numSubintegration>1 1 2</numSubintegration>
    <correlatorCalibration>NONE</correlatorCalibration>
    <execBlockId>ExecBlock_0</execBlockId>
  </row>
  <row>
    <scanNumber>12</scanNumber>
    <subscanNumber>3</subscanNumber>
    <startTime>4833144123840000000</startTime>
    <endTime>4833144125856000000</endTime>
    <fieldName>LESS J0332-2756</fieldName>
    <subscanIntent>OFF_SOURCE</subscanIntent>
    <subscanMode>NO_SWITCHING</subscanMode>
    <numIntegration>1</numIntegration>
    <numSubintegration>1 1 2</numSubintegration>
    <correlatorCalibration>NONE</correlatorCalibration>
    <execBlockId>ExecBlock_0</execBlockId>
  </row>
  <row>
    <scanNumber>13</scanNumber>
    <subscanNumber>1</subscanNumber>
    <startTime>4833144165984000000</startTime>
    <endTime>4833144196224000000</endTime>
    <fieldName>LESS J0332-2756</fieldName>
    <subscanIntent>ON_SOURCE</subscanIntent>
    <subscanMode>NO_SWITCHING</subscanMode>
    <numIntegration>5</numIntegration>
    <numSubintegration>1 5 6 6 6 6 6</numSubintegration>
    <correlatorCalibration>NONE</correlatorCalibration>
    <execBlockId>ExecBlock_0</execBlockId>
  </row>
  <row>
    <scanNumber>13</scanNumber>
    <subscanNumber>2</subscanNumber>
    <startTime>4833144201264000000</startTime>
    <endTime>4833144231504000000</endTime>
    <fieldName>LESS J0332-2756</fieldName>
    <subscanIntent>ON_SOURCE</subscanIntent>
    <subscanMode>NO_SWITCHING</subscanMode>
    <numIntegration>5</numIntegration>
    <numSubintegration>1 5 6 6 6 6 6</numSubintegration>
    <correlatorCalibration>NONE</correlatorCalibration>
    <execBlockId>ExecBlock_0</execBlockId>
  </row>
  <row>
    <scanNumber>13</scanNumber>
    <subscanNumber>3</subscanNumber>
    <startTime>4833144236544000000</startTime>
    <endTime>4833144266784000000</endTime>
    <fieldName>LESS J0332-2756</fieldName>
    <subscanIntent>ON_SOURCE</subscanIntent>
    <subscanMode>NO_SWITCHING</subscanMode>
    <numIntegration>5</numIntegration>
    <numSubintegration>1 5 6 6 6 6 6</numSubintegration>
    <correlatorCalibration>NONE</correlatorCalibration>
    <execBlockId>ExecBlock_0</execBlockId>
  </row>
  <row>
    <scanNumber>13</scanNumber>
    <subscanNumber>4</subscanNumber>
    <startTime>4833144271824000000</startTime>
    <endTime>4833144302064000000</endTime>
    <fieldName>LESS J0332-2756</fieldName>
    <subscanIntent>ON_SOURCE</subscanIntent>
    <subscanMode>NO_SWITCHING</subscanMode>
    <numIntegration>5</numIntegration>
    <numSubintegration>1 5 6 6 6 6 6</numSubintegration>
    <correlatorCalibration>NONE</correlatorCalibration>
    <execBlockId>ExecBlock_0</execBlockId>
  </row>
  <row>
    <scanNumber>13</scanNumber>
    <subscanNumber>5</subscanNumber>
    <startTime>4833144307104000000</startTime>
    <endTime>4833144337344000000</endTime>
    <fieldName>LESS J0332-2756</fieldName>
    <subscanIntent>ON_SOURCE</subscanIntent>
    <subscanMode>NO_SWITCHING</subscanMode>
    <numIntegration>5</numIntegration>
    <numSubintegration>1 5 6 6 6 6 6</numSubintegration>
    <correlatorCalibration>NONE</correlatorCalibration>
    <execBlockId>ExecBlock_0</execBlockId>
  </row>
  <row>
    <scanNumber>13</scanNumber>
    <subscanNumber>6</subscanNumber>
    <startTime>4833144342384000000</startTime>
    <endTime>4833144372624000000</endTime>
    <fieldName>LESS J0332-2756</fieldName>
    <subscanIntent>ON_SOURCE</subscanIntent>
    <subscanMode>NO_SWITCHING</subscanMode>
    <numIntegration>5</numIntegration>
    <numSubintegration>1 5 6 6 6 6 6</numSubintegration>
    <correlatorCalibration>NONE</correlatorCalibration>
    <execBlockId>ExecBlock_0</execBlockId>
  </row>
  <row>
    <scanNumber>13</scanNumber>
    <subscanNumber>7</subscanNumber>
    <startTime>4833144377664000000</startTime>
    <endTime>4833144407904000000</endTime>
    <fieldName>LESS J0332-2756</fieldName>
    <subscanIntent>ON_SOURCE</subscanIntent>
    <subscanMode>NO_SWITCHING</subscanMode>
    <numIntegration>5</numIntegration>
    <numSubintegration>1 5 6 6 6 6 6</numSubintegration>
    <correlatorCalibration>NONE</correlatorCalibration>
    <execBlockId>ExecBlock_0</execBlockId>
  </row>
  <row>
    <scanNumber>13</scanNumber>
    <subscanNumber>8</subscanNumber>
    <startTime>4833144412944000000</startTime>
    <endTime>4833144443184000000</endTime>
    <fieldName>LESS J0332-2756</fieldName>
    <subscanIntent>ON_SOURCE</subscanIntent>
    <subscanMode>NO_SWITCHING</subscanMode>
    <numIntegration>5</numIntegration>
    <numSubintegration>1 5 6 6 6 6 6</numSubintegration>
    <correlatorCalibration>NONE</correlatorCalibration>
    <execBlockId>ExecBlock_0</execBlockId>
  </row>
  <row>
    <scanNumber>13</scanNumber>
    <subscanNumber>9</subscanNumber>
    <startTime>4833144448224000000</startTime>
    <endTime>4833144478464000000</endTime>
    <fieldName>LESS J0332-2756</fieldName>
    <subscanIntent>ON_SOURCE</subscanIntent>
    <subscanMode>NO_SWITCHING</subscanMode>
    <numIntegration>5</numIntegration>
    <numSubintegration>1 5 6 6 6 6 6</numSubintegration>
    <correlatorCalibration>NONE</correlatorCalibration>
    <execBlockId>ExecBlock_0</execBlockId>
  </row>
  <row>
    <scanNumber>13</scanNumber>
    <subscanNumber>10</subscanNumber>
    <startTime>4833144483504000000</startTime>
    <endTime>4833144513744000000</endTime>
    <fieldName>LESS J0332-2756</fieldName>
    <subscanIntent>ON_SOURCE</subscanIntent>
    <subscanMode>NO_SWITCHING</subscanMode>
    <numIntegration>5</numIntegration>
    <numSubintegration>1 5 6 6 6 6 6</numSubintegration>
    <correlatorCalibration>NONE</correlatorCalibration>
    <execBlockId>ExecBlock_0</execBlockId>
  </row>
  <row>
    <scanNumber>13</scanNumber>
    <subscanNumber>11</subscanNumber>
    <startTime>4833144518784000000</startTime>
    <endTime>4833144549024000000</endTime>
    <fieldName>LESS J0332-2756</fieldName>
    <subscanIntent>ON_SOURCE</subscanIntent>
    <subscanMode>NO_SWITCHING</subscanMode>
    <numIntegration>5</numIntegration>
    <numSubintegration>1 5 6 6 6 6 6</numSubintegration>
    <correlatorCalibration>NONE</correlatorCalibration>
    <execBlockId>ExecBlock_0</execBlockId>
  </row>
  <row>
    <scanNumber>13</scanNumber>
    <subscanNumber>12</subscanNumber>
    <startTime>4833144554064000000</startTime>
    <endTime>4833144584304000000</endTime>
    <fieldName>LESS J0332-2756</fieldName>
    <subscanIntent>ON_SOURCE</subscanIntent>
    <subscanMode>NO_SWITCHING</subscanMode>
    <numIntegration>5</numIntegration>
    <numSubintegration>1 5 6 6 6 6 6</numSubintegration>
    <correlatorCalibration>NONE</correlatorCalibration>
    <execBlockId>ExecBlock_0</execBlockId>
  </row>
  <row>
    <scanNumber>14</scanNumber>
    <subscanNumber>1</subscanNumber>
    <startTime>4833144617904000000</startTime>
    <endTime>4833144619920000000</endTime>
    <fieldName>J0403-360</fieldName>
    <subscanIntent>ON_SOURCE</subscanIntent>
    <subscanMode>NO_SWITCHING</subscanMode>
    <numIntegration>1</numIntegration>
    <numSubintegration>1 1 2</numSubintegration>
    <correlatorCalibration>NONE</correlatorCalibration>
    <execBlockId>ExecBlock_0</execBlockId>
  </row>
  <row>
    <scanNumber>14</scanNumber>
    <subscanNumber>2</subscanNumber>
    <startTime>4833144635616000000</startTime>
    <endTime>4833144637632000000</endTime>
    <fieldName>J0403-360</fieldName>
    <subscanIntent>ON_SOURCE</subscanIntent>
    <subscanMode>NO_SWITCHING</subscanMode>
    <numIntegration>1</numIntegration>
    <numSubintegration>1 1 2</numSubintegration>
    <correlatorCalibration>NONE</correlatorCalibration>
    <execBlockId>ExecBlock_0</execBlockId>
  </row>
  <row>
    <scanNumber>14</scanNumber>
    <subscanNumber>3</subscanNumber>
    <startTime>4833144652032000000</startTime>
    <endTime>4833144654048000000</endTime>
    <fieldName>J0403-360</fieldName>
    <subscanIntent>OFF_SOURCE</subscanIntent>
    <subscanMode>NO_SWITCHING</subscanMode>
    <numIntegration>1</numIntegration>
    <numSubintegration>1 1 2</numSubintegration>
    <correlatorCalibration>NONE</correlatorCalibration>
    <execBlockId>ExecBlock_0</execBlockId>
  </row>
  <row>
    <scanNumber>15</scanNumber>
    <subscanNumber>1</subscanNumber>
    <startTime>4833144690240000000</startTime>
    <endTime>4833144720480000000</endTime>
    <fieldName>J0403-360</fieldName>
    <subscanIntent>ON_SOURCE</subscanIntent>
    <subscanMode>NO_SWITCHING</subscanMode>
    <numIntegration>5</numIntegration>
    <numSubintegration>1 5 6 6 6 6 6</numSubintegration>
    <correlatorCalibration>NONE</correlatorCalibration>
    <execBlockId>ExecBlock_0</execBlockId>
  </row>
  <row>
    <scanNumber>16</scanNumber>
    <subscanNumber>1</subscanNumber>
    <startTime>4833144754656000000</startTime>
    <endTime>4833144756672000000</endTime>
    <fieldName>LESS J0332-2756</fieldName>
    <subscanIntent>ON_SOURCE</subscanIntent>
    <subscanMode>NO_SWITCHING</subscanMode>
    <numIntegration>1</numIntegration>
    <numSubintegration>1 1 2</numSubintegration>
    <correlatorCalibration>NONE</correlatorCalibration>
    <execBlockId>ExecBlock_0</execBlockId>
  </row>
  <row>
    <scanNumber>16</scanNumber>
    <subscanNumber>2</subscanNumber>
    <startTime>4833144772368000000</startTime>
    <endTime>4833144774384000000</endTime>
    <fieldName>LESS J0332-2756</fieldName>
    <subscanIntent>ON_SOURCE</subscanIntent>
    <subscanMode>NO_SWITCHING</subscanMode>
    <numIntegration>1</numIntegration>
    <numSubintegration>1 1 2</numSubintegration>
    <correlatorCalibration>NONE</correlatorCalibration>
    <execBlockId>ExecBlock_0</execBlockId>
  </row>
  <row>
    <scanNumber>16</scanNumber>
    <subscanNumber>3</subscanNumber>
    <startTime>4833144789168000000</startTime>
    <endTime>4833144791184000000</endTime>
    <fieldName>LESS J0332-2756</fieldName>
    <subscanIntent>OFF_SOURCE</subscanIntent>
    <subscanMode>NO_SWITCHING</subscanMode>
    <numIntegration>1</numIntegration>
    <numSubintegration>1 1 2</numSubintegration>
    <correlatorCalibration>NONE</correlatorCalibration>
    <execBlockId>ExecBlock_0</execBlockId>
  </row>
  <row>
    <scanNumber>17</scanNumber>
    <subscanNumber>1</subscanNumber>
    <startTime>4833144830880000000</startTime>
    <endTime>4833144861120000000</endTime>
    <fieldName>LESS J0332-2756</fieldName>
    <subscanIntent>ON_SOURCE</subscanIntent>
    <subscanMode>NO_SWITCHING</subscanMode>
    <numIntegration>5</numIntegration>
    <numSubintegration>1 5 6 6 6 6 6</numSubintegration>
    <correlatorCalibration>NONE</correlatorCalibration>
    <execBlockId>ExecBlock_0</execBlockId>
  </row>
  <row>
    <scanNumber>17</scanNumber>
    <subscanNumber>2</subscanNumber>
    <startTime>4833144866160000000</startTime>
    <endTime>4833144896400000000</endTime>
    <fieldName>LESS J0332-2756</fieldName>
    <subscanIntent>ON_SOURCE</subscanIntent>
    <subscanMode>NO_SWITCHING</subscanMode>
    <numIntegration>5</numIntegration>
    <numSubintegration>1 5 6 6 6 6 6</numSubintegration>
    <correlatorCalibration>NONE</correlatorCalibration>
    <execBlockId>ExecBlock_0</execBlockId>
  </row>
  <row>
    <scanNumber>17</scanNumber>
    <subscanNumber>3</subscanNumber>
    <startTime>4833144901440000000</startTime>
    <endTime>4833144931680000000</endTime>
    <fieldName>LESS J0332-2756</fieldName>
    <subscanIntent>ON_SOURCE</subscanIntent>
    <subscanMode>NO_SWITCHING</subscanMode>
    <numIntegration>5</numIntegration>
    <numSubintegration>1 5 6 6 6 6 6</numSubintegration>
    <correlatorCalibration>NONE</correlatorCalibration>
    <execBlockId>ExecBlock_0</execBlockId>
  </row>
  <row>
    <scanNumber>17</scanNumber>
    <subscanNumber>4</subscanNumber>
    <startTime>4833144936720000000</startTime>
    <endTime>4833144966960000000</endTime>
    <fieldName>LESS J0332-2756</fieldName>
    <subscanIntent>ON_SOURCE</subscanIntent>
    <subscanMode>NO_SWITCHING</subscanMode>
    <numIntegration>5</numIntegration>
    <numSubintegration>1 5 6 6 6 6 6</numSubintegration>
    <correlatorCalibration>NONE</correlatorCalibration>
    <execBlockId>ExecBlock_0</execBlockId>
  </row>
  <row>
    <scanNumber>17</scanNumber>
    <subscanNumber>5</subscanNumber>
    <startTime>4833144972000000000</startTime>
    <endTime>4833145002240000000</endTime>
    <fieldName>LESS J0332-2756</fieldName>
    <subscanIntent>ON_SOURCE</subscanIntent>
    <subscanMode>NO_SWITCHING</subscanMode>
    <numIntegration>5</numIntegration>
    <numSubintegration>1 5 6 6 6 6 6</numSubintegration>
    <correlatorCalibration>NONE</correlatorCalibration>
    <execBlockId>ExecBlock_0</execBlockId>
  </row>
  <row>
    <scanNumber>17</scanNumber>
    <subscanNumber>6</subscanNumber>
    <startTime>4833145007280000000</startTime>
    <endTime>4833145037520000000</endTime>
    <fieldName>LESS J0332-2756</fieldName>
    <subscanIntent>ON_SOURCE</subscanIntent>
    <subscanMode>NO_SWITCHING</subscanMode>
    <numIntegration>5</numIntegration>
    <numSubintegration>1 5 6 6 6 6 6</numSubintegration>
    <correlatorCalibration>NONE</correlatorCalibration>
    <execBlockId>ExecBlock_0</execBlockId>
  </row>
  <row>
    <scanNumber>17</scanNumber>
    <subscanNumber>7</subscanNumber>
    <startTime>4833145042560000000</startTime>
    <endTime>4833145072800000000</endTime>
    <fieldName>LESS J0332-2756</fieldName>
    <subscanIntent>ON_SOURCE</subscanIntent>
    <subscanMode>NO_SWITCHING</subscanMode>
    <numIntegration>5</numIntegration>
    <numSubintegration>1 5 6 6 6 6 6</numSubintegration>
    <correlatorCalibration>NONE</correlatorCalibration>
    <execBlockId>ExecBlock_0</execBlockId>
  </row>
  <row>
    <scanNumber>17</scanNumber>
    <subscanNumber>8</subscanNumber>
    <startTime>4833145077840000000</startTime>
    <endTime>4833145108080000000</endTime>
    <fieldName>LESS J0332-2756</fieldName>
    <subscanIntent>ON_SOURCE</subscanIntent>
    <subscanMode>NO_SWITCHING</subscanMode>
    <numIntegration>5</numIntegration>
    <numSubintegration>1 5 6 6 6 6 6</numSubintegration>
    <correlatorCalibration>NONE</correlatorCalibration>
    <execBlockId>ExecBlock_0</execBlockId>
  </row>
  <row>
    <scanNumber>17</scanNumber>
    <subscanNumber>9</subscanNumber>
    <startTime>4833145113120000000</startTime>
    <endTime>4833145143360000000</endTime>
    <fieldName>LESS J0332-2756</fieldName>
    <subscanIntent>ON_SOURCE</subscanIntent>
    <subscanMode>NO_SWITCHING</subscanMode>
    <numIntegration>5</numIntegration>
    <numSubintegration>1 5 6 6 6 6 6</numSubintegration>
    <correlatorCalibration>NONE</correlatorCalibration>
    <execBlockId>ExecBlock_0</execBlockId>
  </row>
  <row>
    <scanNumber>17</scanNumber>
    <subscanNumber>10</subscanNumber>
    <startTime>4833145148400000000</startTime>
    <endTime>4833145178640000000</endTime>
    <fieldName>LESS J0332-2756</fieldName>
    <subscanIntent>ON_SOURCE</subscanIntent>
    <subscanMode>NO_SWITCHING</subscanMode>
    <numIntegration>5</numIntegration>
    <numSubintegration>1 5 6 6 6 6 6</numSubintegration>
    <correlatorCalibration>NONE</correlatorCalibration>
    <execBlockId>ExecBlock_0</execBlockId>
  </row>
  <row>
    <scanNumber>17</scanNumber>
    <subscanNumber>11</subscanNumber>
    <startTime>4833145183680000000</startTime>
    <endTime>4833145213920000000</endTime>
    <fieldName>LESS J0332-2756</fieldName>
    <subscanIntent>ON_SOURCE</subscanIntent>
    <subscanMode>NO_SWITCHING</subscanMode>
    <numIntegration>5</numIntegration>
    <numSubintegration>1 5 6 6 6 6 6</numSubintegration>
    <correlatorCalibration>NONE</correlatorCalibration>
    <execBlockId>ExecBlock_0</execBlockId>
  </row>
  <row>
    <scanNumber>17</scanNumber>
    <subscanNumber>12</subscanNumber>
    <startTime>4833145218960000000</startTime>
    <endTime>4833145249200000000</endTime>
    <fieldName>LESS J0332-2756</fieldName>
    <subscanIntent>ON_SOURCE</subscanIntent>
    <subscanMode>NO_SWITCHING</subscanMode>
    <numIntegration>5</numIntegration>
    <numSubintegration>1 5 6 6 6 6 6</numSubintegration>
    <correlatorCalibration>NONE</correlatorCalibration>
    <execBlockId>ExecBlock_0</execBlockId>
  </row>
  <row>
    <scanNumber>18</scanNumber>
    <subscanNumber>1</subscanNumber>
    <startTime>4833145287840000000</startTime>
    <endTime>4833145289856000000</endTime>
    <fieldName>J0403-360</fieldName>
    <subscanIntent>ON_SOURCE</subscanIntent>
    <subscanMode>NO_SWITCHING</subscanMode>
    <numIntegration>1</numIntegration>
    <numSubintegration>1 1 2</numSubintegration>
    <correlatorCalibration>NONE</correlatorCalibration>
    <execBlockId>ExecBlock_0</execBlockId>
  </row>
  <row>
    <scanNumber>18</scanNumber>
    <subscanNumber>2</subscanNumber>
    <startTime>4833145305840000000</startTime>
    <endTime>4833145307856000000</endTime>
    <fieldName>J0403-360</fieldName>
    <subscanIntent>ON_SOURCE</subscanIntent>
    <subscanMode>NO_SWITCHING</subscanMode>
    <numIntegration>1</numIntegration>
    <numSubintegration>1 1 2</numSubintegration>
    <correlatorCalibration>NONE</correlatorCalibration>
    <execBlockId>ExecBlock_0</execBlockId>
  </row>
  <row>
    <scanNumber>18</scanNumber>
    <subscanNumber>3</subscanNumber>
    <startTime>4833145322256000000</startTime>
    <endTime>4833145324272000000</endTime>
    <fieldName>J0403-360</fieldName>
    <subscanIntent>OFF_SOURCE</subscanIntent>
    <subscanMode>NO_SWITCHING</subscanMode>
    <numIntegration>1</numIntegration>
    <numSubintegration>1 1 2</numSubintegration>
    <correlatorCalibration>NONE</correlatorCalibration>
    <execBlockId>ExecBlock_0</execBlockId>
  </row>
  <row>
    <scanNumber>19</scanNumber>
    <subscanNumber>1</subscanNumber>
    <startTime>4833145367232000000</startTime>
    <endTime>4833145397472000000</endTime>
    <fieldName>J0403-360</fieldName>
    <subscanIntent>ON_SOURCE</subscanIntent>
    <subscanMode>NO_SWITCHING</subscanMode>
    <numIntegration>5</numIntegration>
    <numSubintegration>1 5 6 6 6 6 6</numSubintegration>
    <correlatorCalibration>NONE</correlatorCalibration>
    <execBlockId>ExecBlock_0</execBlockId>
  </row>
  <row>
    <scanNumber>20</scanNumber>
    <subscanNumber>1</subscanNumber>
    <startTime>4833145437360000000</startTime>
    <endTime>4833145439376000000</endTime>
    <fieldName>LESS J0332-2756</fieldName>
    <subscanIntent>ON_SOURCE</subscanIntent>
    <subscanMode>NO_SWITCHING</subscanMode>
    <numIntegration>1</numIntegration>
    <numSubintegration>1 1 2</numSubintegration>
    <correlatorCalibration>NONE</correlatorCalibration>
    <execBlockId>ExecBlock_0</execBlockId>
  </row>
  <row>
    <scanNumber>20</scanNumber>
    <subscanNumber>2</subscanNumber>
    <startTime>4833145455216000000</startTime>
    <endTime>4833145457232000000</endTime>
    <fieldName>LESS J0332-2756</fieldName>
    <subscanIntent>ON_SOURCE</subscanIntent>
    <subscanMode>NO_SWITCHING</subscanMode>
    <numIntegration>1</numIntegration>
    <numSubintegration>1 1 2</numSubintegration>
    <correlatorCalibration>NONE</correlatorCalibration>
    <execBlockId>ExecBlock_0</execBlockId>
  </row>
  <row>
    <scanNumber>20</scanNumber>
    <subscanNumber>3</subscanNumber>
    <startTime>4833145471584000000</startTime>
    <endTime>4833145473600000000</endTime>
    <fieldName>LESS J0332-2756</fieldName>
    <subscanIntent>OFF_SOURCE</subscanIntent>
    <subscanMode>NO_SWITCHING</subscanMode>
    <numIntegration>1</numIntegration>
    <numSubintegration>1 1 2</numSubintegration>
    <correlatorCalibration>NONE</correlatorCalibration>
    <execBlockId>ExecBlock_0</execBlockId>
  </row>
  <row>
    <scanNumber>21</scanNumber>
    <subscanNumber>1</subscanNumber>
    <startTime>4833145519728000000</startTime>
    <endTime>4833145549968000000</endTime>
    <fieldName>LESS J0332-2756</fieldName>
    <subscanIntent>ON_SOURCE</subscanIntent>
    <subscanMode>NO_SWITCHING</subscanMode>
    <numIntegration>5</numIntegration>
    <numSubintegration>1 5 6 6 6 6 6</numSubintegration>
    <correlatorCalibration>NONE</correlatorCalibration>
    <execBlockId>ExecBlock_0</execBlockId>
  </row>
  <row>
    <scanNumber>21</scanNumber>
    <subscanNumber>2</subscanNumber>
    <startTime>4833145555008000000</startTime>
    <endTime>4833145585248000000</endTime>
    <fieldName>LESS J0332-2756</fieldName>
    <subscanIntent>ON_SOURCE</subscanIntent>
    <subscanMode>NO_SWITCHING</subscanMode>
    <numIntegration>5</numIntegration>
    <numSubintegration>1 5 6 6 6 6 6</numSubintegration>
    <correlatorCalibration>NONE</correlatorCalibration>
    <execBlockId>ExecBlock_0</execBlockId>
  </row>
  <row>
    <scanNumber>21</scanNumber>
    <subscanNumber>3</subscanNumber>
    <startTime>4833145590288000000</startTime>
    <endTime>4833145620528000000</endTime>
    <fieldName>LESS J0332-2756</fieldName>
    <subscanIntent>ON_SOURCE</subscanIntent>
    <subscanMode>NO_SWITCHING</subscanMode>
    <numIntegration>5</numIntegration>
    <numSubintegration>1 5 6 6 6 6 6</numSubintegration>
    <correlatorCalibration>NONE</correlatorCalibration>
    <execBlockId>ExecBlock_0</execBlockId>
  </row>
  <row>
    <scanNumber>21</scanNumber>
    <subscanNumber>4</subscanNumber>
    <startTime>4833145625568000000</startTime>
    <endTime>4833145655808000000</endTime>
    <fieldName>LESS J0332-2756</fieldName>
    <subscanIntent>ON_SOURCE</subscanIntent>
    <subscanMode>NO_SWITCHING</subscanMode>
    <numIntegration>5</numIntegration>
    <numSubintegration>1 5 6 6 6 6 6</numSubintegration>
    <correlatorCalibration>NONE</correlatorCalibration>
    <execBlockId>ExecBlock_0</execBlockId>
  </row>
  <row>
    <scanNumber>21</scanNumber>
    <subscanNumber>5</subscanNumber>
    <startTime>4833145660848000000</startTime>
    <endTime>4833145691088000000</endTime>
    <fieldName>LESS J0332-2756</fieldName>
    <subscanIntent>ON_SOURCE</subscanIntent>
    <subscanMode>NO_SWITCHING</subscanMode>
    <numIntegration>5</numIntegration>
    <numSubintegration>1 5 6 6 6 6 6</numSubintegration>
    <correlatorCalibration>NONE</correlatorCalibration>
    <execBlockId>ExecBlock_0</execBlockId>
  </row>
  <row>
    <scanNumber>21</scanNumber>
    <subscanNumber>6</subscanNumber>
    <startTime>4833145696128000000</startTime>
    <endTime>4833145726368000000</endTime>
    <fieldName>LESS J0332-2756</fieldName>
    <subscanIntent>ON_SOURCE</subscanIntent>
    <subscanMode>NO_SWITCHING</subscanMode>
    <numIntegration>5</numIntegration>
    <numSubintegration>1 5 6 6 6 6 6</numSubintegration>
    <correlatorCalibration>NONE</correlatorCalibration>
    <execBlockId>ExecBlock_0</execBlockId>
  </row>
  <row>
    <scanNumber>21</scanNumber>
    <subscanNumber>7</subscanNumber>
    <startTime>4833145731408000000</startTime>
    <endTime>4833145761648000000</endTime>
    <fieldName>LESS J0332-2756</fieldName>
    <subscanIntent>ON_SOURCE</subscanIntent>
    <subscanMode>NO_SWITCHING</subscanMode>
    <numIntegration>5</numIntegration>
    <numSubintegration>1 5 6 6 6 6 6</numSubintegration>
    <correlatorCalibration>NONE</correlatorCalibration>
    <execBlockId>ExecBlock_0</execBlockId>
  </row>
  <row>
    <scanNumber>21</scanNumber>
    <subscanNumber>8</subscanNumber>
    <startTime>4833145766688000000</startTime>
    <endTime>4833145796928000000</endTime>
    <fieldName>LESS J0332-2756</fieldName>
    <subscanIntent>ON_SOURCE</subscanIntent>
    <subscanMode>NO_SWITCHING</subscanMode>
    <numIntegration>5</numIntegration>
    <numSubintegration>1 5 6 6 6 6 6</numSubintegration>
    <correlatorCalibration>NONE</correlatorCalibration>
    <execBlockId>ExecBlock_0</execBlockId>
  </row>
  <row>
    <scanNumber>21</scanNumber>
    <subscanNumber>9</subscanNumber>
    <startTime>4833145801968000000</startTime>
    <endTime>4833145832208000000</endTime>
    <fieldName>LESS J0332-2756</fieldName>
    <subscanIntent>ON_SOURCE</subscanIntent>
    <subscanMode>NO_SWITCHING</subscanMode>
    <numIntegration>5</numIntegration>
    <numSubintegration>1 5 6 6 6 6 6</numSubintegration>
    <correlatorCalibration>NONE</correlatorCalibration>
    <execBlockId>ExecBlock_0</execBlockId>
  </row>
  <row>
    <scanNumber>21</scanNumber>
    <subscanNumber>10</subscanNumber>
    <startTime>4833145837248000000</startTime>
    <endTime>4833145867488000000</endTime>
    <fieldName>LESS J0332-2756</fieldName>
    <subscanIntent>ON_SOURCE</subscanIntent>
    <subscanMode>NO_SWITCHING</subscanMode>
    <numIntegration>5</numIntegration>
    <numSubintegration>1 5 6 6 6 6 6</numSubintegration>
    <correlatorCalibration>NONE</correlatorCalibration>
    <execBlockId>ExecBlock_0</execBlockId>
  </row>
  <row>
    <scanNumber>21</scanNumber>
    <subscanNumber>11</subscanNumber>
    <startTime>4833145872528000000</startTime>
    <endTime>4833145902768000000</endTime>
    <fieldName>LESS J0332-2756</fieldName>
    <subscanIntent>ON_SOURCE</subscanIntent>
    <subscanMode>NO_SWITCHING</subscanMode>
    <numIntegration>5</numIntegration>
    <numSubintegration>1 5 6 6 6 6 6</numSubintegration>
    <correlatorCalibration>NONE</correlatorCalibration>
    <execBlockId>ExecBlock_0</execBlockId>
  </row>
  <row>
    <scanNumber>21</scanNumber>
    <subscanNumber>12</subscanNumber>
    <startTime>4833145907808000000</startTime>
    <endTime>4833145938048000000</endTime>
    <fieldName>LESS J0332-2756</fieldName>
    <subscanIntent>ON_SOURCE</subscanIntent>
    <subscanMode>NO_SWITCHING</subscanMode>
    <numIntegration>5</numIntegration>
    <numSubintegration>1 5 6 6 6 6 6</numSubintegration>
    <correlatorCalibration>NONE</correlatorCalibration>
    <execBlockId>ExecBlock_0</execBlockId>
  </row>
  <row>
    <scanNumber>22</scanNumber>
    <subscanNumber>1</subscanNumber>
    <startTime>4833145971168000000</startTime>
    <endTime>4833145973184000000</endTime>
    <fieldName>J0403-360</fieldName>
    <subscanIntent>ON_SOURCE</subscanIntent>
    <subscanMode>NO_SWITCHING</subscanMode>
    <numIntegration>1</numIntegration>
    <numSubintegration>1 1 2</numSubintegration>
    <correlatorCalibration>NONE</correlatorCalibration>
    <execBlockId>ExecBlock_0</execBlockId>
  </row>
  <row>
    <scanNumber>22</scanNumber>
    <subscanNumber>2</subscanNumber>
    <startTime>4833145988784000000</startTime>
    <endTime>4833145990800000000</endTime>
    <fieldName>J0403-360</fieldName>
    <subscanIntent>ON_SOURCE</subscanIntent>
    <subscanMode>NO_SWITCHING</subscanMode>
    <numIntegration>1</numIntegration>
    <numSubintegration>1 1 2</numSubintegration>
    <correlatorCalibration>NONE</correlatorCalibration>
    <execBlockId>ExecBlock_0</execBlockId>
  </row>
  <row>
    <scanNumber>22</scanNumber>
    <subscanNumber>3</subscanNumber>
    <startTime>4833146004768000000</startTime>
    <endTime>4833146006784000000</endTime>
    <fieldName>J0403-360</fieldName>
    <subscanIntent>OFF_SOURCE</subscanIntent>
    <subscanMode>NO_SWITCHING</subscanMode>
    <numIntegration>1</numIntegration>
    <numSubintegration>1 1 2</numSubintegration>
    <correlatorCalibration>NONE</correlatorCalibration>
    <execBlockId>ExecBlock_0</execBlockId>
  </row>
  <row>
    <scanNumber>23</scanNumber>
    <subscanNumber>1</subscanNumber>
    <startTime>4833146041920000000</startTime>
    <endTime>4833146072160000000</endTime>
    <fieldName>J0403-360</fieldName>
    <subscanIntent>ON_SOURCE</subscanIntent>
    <subscanMode>NO_SWITCHING</subscanMode>
    <numIntegration>5</numIntegration>
    <numSubintegration>1 5 6 6 6 6 6</numSubintegration>
    <correlatorCalibration>NONE</correlatorCalibration>
    <execBlockId>ExecBlock_0</execBlockId>
  </row>
  <row>
    <scanNumber>24</scanNumber>
    <subscanNumber>1</subscanNumber>
    <startTime>4833146105952000000</startTime>
    <endTime>4833146107968000000</endTime>
    <fieldName>LESS J0332-2756</fieldName>
    <subscanIntent>ON_SOURCE</subscanIntent>
    <subscanMode>NO_SWITCHING</subscanMode>
    <numIntegration>1</numIntegration>
    <numSubintegration>1 1 2</numSubintegration>
    <correlatorCalibration>NONE</correlatorCalibration>
    <execBlockId>ExecBlock_0</execBlockId>
  </row>
  <row>
    <scanNumber>24</scanNumber>
    <subscanNumber>2</subscanNumber>
    <startTime>4833146123472000000</startTime>
    <endTime>4833146125488000000</endTime>
    <fieldName>LESS J0332-2756</fieldName>
    <subscanIntent>ON_SOURCE</subscanIntent>
    <subscanMode>NO_SWITCHING</subscanMode>
    <numIntegration>1</numIntegration>
    <numSubintegration>1 1 2</numSubintegration>
    <correlatorCalibration>NONE</correlatorCalibration>
    <execBlockId>ExecBlock_0</execBlockId>
  </row>
  <row>
    <scanNumber>24</scanNumber>
    <subscanNumber>3</subscanNumber>
    <startTime>4833146139792000000</startTime>
    <endTime>4833146141808000000</endTime>
    <fieldName>LESS J0332-2756</fieldName>
    <subscanIntent>OFF_SOURCE</subscanIntent>
    <subscanMode>NO_SWITCHING</subscanMode>
    <numIntegration>1</numIntegration>
    <numSubintegration>1 1 2</numSubintegration>
    <correlatorCalibration>NONE</correlatorCalibration>
    <execBlockId>ExecBlock_0</execBlockId>
  </row>
  <row>
    <scanNumber>25</scanNumber>
    <subscanNumber>1</subscanNumber>
    <startTime>4833146177088000000</startTime>
    <endTime>4833146207328000000</endTime>
    <fieldName>LESS J0332-2756</fieldName>
    <subscanIntent>ON_SOURCE</subscanIntent>
    <subscanMode>NO_SWITCHING</subscanMode>
    <numIntegration>5</numIntegration>
    <numSubintegration>1 5 6 6 6 6 6</numSubintegration>
    <correlatorCalibration>NONE</correlatorCalibration>
    <execBlockId>ExecBlock_0</execBlockId>
  </row>
  <row>
    <scanNumber>25</scanNumber>
    <subscanNumber>2</subscanNumber>
    <startTime>4833146212368000000</startTime>
    <endTime>4833146242608000000</endTime>
    <fieldName>LESS J0332-2756</fieldName>
    <subscanIntent>ON_SOURCE</subscanIntent>
    <subscanMode>NO_SWITCHING</subscanMode>
    <numIntegration>5</numIntegration>
    <numSubintegration>1 5 6 6 6 6 6</numSubintegration>
    <correlatorCalibration>NONE</correlatorCalibration>
    <execBlockId>ExecBlock_0</execBlockId>
  </row>
  <row>
    <scanNumber>26</scanNumber>
    <subscanNumber>1</subscanNumber>
    <startTime>4833146275296000000</startTime>
    <endTime>4833146305536000000</endTime>
    <fieldName>J0403-360</fieldName>
    <subscanIntent>ON_SOURCE</subscanIntent>
    <subscanMode>NO_SWITCHING</subscanMode>
    <numIntegration>5</numIntegration>
    <numSubintegration>1 5 6 6 6 6 6</numSubintegration>
    <correlatorCalibration>NONE</correlatorCalibration>
    <execBlockId>ExecBlock_0</execBlockId>
  </row>
</SubscanTable>

