<?xml version="1.0" encoding="UTF-8"?>
<SwitchCycleTable xmlns:xsi="http://www.w3.org/2001/XMLSchema-instance" xmlns:swtccl="http://Alma/XASDM/SwitchCycleTable" schemaVersion="3" schemaRevision="1.55.6.5">
  <Entity entityId="uid://A002/X36dd98/X1" entityIdEncrypted="na" entityTypeName="SwitchCycleTable" schemaVersion="1" documentVersion="1" />
  <ContainerEntity entityId="uid://A002/X36d011/X63b" entityIdEncrypted="na" entityTypeName="ASDM" schemaVersion="1" documentVersion="1" />
  <row>
    <switchCycleId>SwitchCycle_0</switchCycleId>
    <numStep>1</numStep>
    <weightArray>1 1 1.0</weightArray>
    <dirOffsetArray>2 1 2 0.0 0.0</dirOffsetArray>
    <freqOffsetArray>1 1 1.0</freqOffsetArray>
    <stepDurationArray>1 1 0</stepDurationArray>
  </row>
</SwitchCycleTable>

