<?xml version="1.0" encoding="UTF-8"?>
<AlmaRadiometerTable xmlns:xsi="http://www.w3.org/2001/XMLSchema-instance" xmlns:ardmtr="http://Alma/XASDM/AlmaRadiometerTable" schemaVersion="3" schemaRevision="1.55.6.5">
  <Entity entityId="uid://A002/X36ab22/X1" entityIdEncrypted="na" entityTypeName="AlmaRadiometerTable" schemaVersion="1" documentVersion="1" />
  <ContainerEntity entityId="uid://A002/X36a70f/X318" entityIdEncrypted="na" entityTypeName="ASDM" schemaVersion="1" documentVersion="1" />
  <row>
    <almaRadiometerId>AlmaRadiometer_0</almaRadiometerId>
    <numAntenna>17</numAntenna>
    <spectralWindowId>1 17 SpectralWindow_1 SpectralWindow_2 SpectralWindow_3 SpectralWindow_4 SpectralWindow_5 SpectralWindow_6 SpectralWindow_7 SpectralWindow_8 SpectralWindow_9 SpectralWindow_10 SpectralWindow_11 SpectralWindow_12 SpectralWindow_13 SpectralWindow_14 SpectralWindow_15 SpectralWindow_16 SpectralWindow_17</spectralWindowId>
  </row>
  <row>
    <almaRadiometerId>AlmaRadiometer_1</almaRadiometerId>
    <numAntenna>34</numAntenna>
    <spectralWindowId>1 34 SpectralWindow_1 SpectralWindow_2 SpectralWindow_3 SpectralWindow_4 SpectralWindow_5 SpectralWindow_6 SpectralWindow_7 SpectralWindow_8 SpectralWindow_9 SpectralWindow_10 SpectralWindow_11 SpectralWindow_12 SpectralWindow_13 SpectralWindow_14 SpectralWindow_15 SpectralWindow_16 SpectralWindow_17 SpectralWindow_1 SpectralWindow_2 SpectralWindow_3 SpectralWindow_4 SpectralWindow_5 SpectralWindow_6 SpectralWindow_7 SpectralWindow_8 SpectralWindow_9 SpectralWindow_10 SpectralWindow_11 SpectralWindow_12 SpectralWindow_13 SpectralWindow_14 SpectralWindow_15 SpectralWindow_16 SpectralWindow_17</spectralWindowId>
  </row>
  <row>
    <almaRadiometerId>AlmaRadiometer_2</almaRadiometerId>
    <numAntenna>51</numAntenna>
    <spectralWindowId>1 51 SpectralWindow_1 SpectralWindow_2 SpectralWindow_3 SpectralWindow_4 SpectralWindow_5 SpectralWindow_6 SpectralWindow_7 SpectralWindow_8 SpectralWindow_9 SpectralWindow_10 SpectralWindow_11 SpectralWindow_12 SpectralWindow_13 SpectralWindow_14 SpectralWindow_15 SpectralWindow_16 SpectralWindow_17 SpectralWindow_1 SpectralWindow_2 SpectralWindow_3 SpectralWindow_4 SpectralWindow_5 SpectralWindow_6 SpectralWindow_7 SpectralWindow_8 SpectralWindow_9 SpectralWindow_10 SpectralWindow_11 SpectralWindow_12 SpectralWindow_13 SpectralWindow_14 SpectralWindow_15 SpectralWindow_16 SpectralWindow_17 SpectralWindow_1 SpectralWindow_2 SpectralWindow_3 SpectralWindow_4 SpectralWindow_5 SpectralWindow_6 SpectralWindow_7 SpectralWindow_8 SpectralWindow_9 SpectralWindow_10 SpectralWindow_11 SpectralWindow_12 SpectralWindow_13 SpectralWindow_14 SpectralWindow_15 SpectralWindow_16 SpectralWindow_17</spectralWindowId>
  </row>
  <row>
    <almaRadiometerId>AlmaRadiometer_3</almaRadiometerId>
    <numAntenna>68</numAntenna>
    <spectralWindowId>1 68 SpectralWindow_1 SpectralWindow_2 SpectralWindow_3 SpectralWindow_4 SpectralWindow_5 SpectralWindow_6 SpectralWindow_7 SpectralWindow_8 SpectralWindow_9 SpectralWindow_10 SpectralWindow_11 SpectralWindow_12 SpectralWindow_13 SpectralWindow_14 SpectralWindow_15 SpectralWindow_16 SpectralWindow_17 SpectralWindow_1 SpectralWindow_2 SpectralWindow_3 SpectralWindow_4 SpectralWindow_5 SpectralWindow_6 SpectralWindow_7 SpectralWindow_8 SpectralWindow_9 SpectralWindow_10 SpectralWindow_11 SpectralWindow_12 SpectralWindow_13 SpectralWindow_14 SpectralWindow_15 SpectralWindow_16 SpectralWindow_17 SpectralWindow_1 SpectralWindow_2 SpectralWindow_3 SpectralWindow_4 SpectralWindow_5 SpectralWindow_6 SpectralWindow_7 SpectralWindow_8 SpectralWindow_9 SpectralWindow_10 SpectralWindow_11 SpectralWindow_12 SpectralWindow_13 SpectralWindow_14 SpectralWindow_15 SpectralWindow_16 SpectralWindow_17 SpectralWindow_1 SpectralWindow_2 SpectralWindow_3 SpectralWindow_4 SpectralWindow_5 SpectralWindow_6 SpectralWindow_7 SpectralWindow_8 SpectralWindow_9 SpectralWindow_10 SpectralWindow_11 SpectralWindow_12 SpectralWindow_13 SpectralWindow_14 SpectralWindow_15 SpectralWindow_16 SpectralWindow_17</spectralWindowId>
  </row>
</AlmaRadiometerTable>

