<?xml version="1.0" encoding="UTF-8"?>
<AntennaTable xmlns:xsi="http://www.w3.org/2001/XMLSchema-instance" xmlns:antnn="http://Alma/XASDM/AntennaTable" schemaVersion="3" schemaRevision="1.55.6.5">
  <Entity entityId="uid://A002/X36ab23/X1" entityIdEncrypted="na" entityTypeName="AntennaTable" schemaVersion="1" documentVersion="1" />
  <ContainerEntity entityId="uid://A002/X36a70f/X318" entityIdEncrypted="na" entityTypeName="ASDM" schemaVersion="1" documentVersion="1" />
  <row>
    <antennaId>Antenna_0</antennaId>
    <name>DA42</name>
    <antennaMake>AEM_12</antennaMake>
    <antennaType>GROUND_BASED</antennaType>
    <dishDiameter>12.0</dishDiameter>
    <position>1 3 2.0E-4 -4.8E-5 7.500124</position>
    <offset>1 3 0.0 0.0 0.0</offset>
    <time>4832948865233000000</time>
    <stationId>Station_0</stationId>
  </row>
  <row>
    <antennaId>Antenna_1</antennaId>
    <name>DA43</name>
    <antennaMake>AEM_12</antennaMake>
    <antennaType>GROUND_BASED</antennaType>
    <dishDiameter>12.0</dishDiameter>
    <position>1 3 2.36E-4 7.0E-5 7.498974</position>
    <offset>1 3 0.0 0.0 0.0</offset>
    <time>4832948865233000000</time>
    <stationId>Station_1</stationId>
  </row>
  <row>
    <antennaId>Antenna_2</antennaId>
    <name>DV01</name>
    <antennaMake>VERTEX_12</antennaMake>
    <antennaType>GROUND_BASED</antennaType>
    <dishDiameter>12.0</dishDiameter>
    <position>1 3 -1.3E-5 -1.0E-6 6.999766</position>
    <offset>1 3 0.0 0.0 0.0</offset>
    <time>4832948865233000000</time>
    <stationId>Station_2</stationId>
  </row>
  <row>
    <antennaId>Antenna_3</antennaId>
    <name>DV03</name>
    <antennaMake>VERTEX_12</antennaMake>
    <antennaType>GROUND_BASED</antennaType>
    <dishDiameter>12.0</dishDiameter>
    <position>1 3 7.18E-4 7.7E-5 6.998449</position>
    <offset>1 3 0.0 0.0 0.0</offset>
    <time>4832948865233000000</time>
    <stationId>Station_3</stationId>
  </row>
  <row>
    <antennaId>Antenna_4</antennaId>
    <name>DV05</name>
    <antennaMake>VERTEX_12</antennaMake>
    <antennaType>GROUND_BASED</antennaType>
    <dishDiameter>12.0</dishDiameter>
    <position>1 3 -4.67E-4 -0.001423 6.998806</position>
    <offset>1 3 0.0 0.0 0.0</offset>
    <time>4832948865233000000</time>
    <stationId>Station_4</stationId>
  </row>
  <row>
    <antennaId>Antenna_5</antennaId>
    <name>DV06</name>
    <antennaMake>VERTEX_12</antennaMake>
    <antennaType>GROUND_BASED</antennaType>
    <dishDiameter>12.0</dishDiameter>
    <position>1 3 -1.21E-4 -2.85E-4 7.000258</position>
    <offset>1 3 0.0 0.0 0.0</offset>
    <time>4832948865233000000</time>
    <stationId>Station_5</stationId>
  </row>
  <row>
    <antennaId>Antenna_6</antennaId>
    <name>DV07</name>
    <antennaMake>VERTEX_12</antennaMake>
    <antennaType>GROUND_BASED</antennaType>
    <dishDiameter>12.0</dishDiameter>
    <position>1 3 5.54E-4 1.16E-4 7.000774</position>
    <offset>1 3 0.0 0.0 0.0</offset>
    <time>4832948865233000000</time>
    <stationId>Station_6</stationId>
  </row>
  <row>
    <antennaId>Antenna_7</antennaId>
    <name>DV10</name>
    <antennaMake>VERTEX_12</antennaMake>
    <antennaType>GROUND_BASED</antennaType>
    <dishDiameter>12.0</dishDiameter>
    <position>1 3 0.001674 -0.0037 6.998448</position>
    <offset>1 3 0.0 0.0 0.0</offset>
    <time>4832948865233000000</time>
    <stationId>Station_7</stationId>
  </row>
  <row>
    <antennaId>Antenna_8</antennaId>
    <name>DV11</name>
    <antennaMake>VERTEX_12</antennaMake>
    <antennaType>GROUND_BASED</antennaType>
    <dishDiameter>12.0</dishDiameter>
    <position>1 3 3.07E-4 -2.73E-4 7.000304</position>
    <offset>1 3 0.0 0.0 0.0</offset>
    <time>4832948865233000000</time>
    <stationId>Station_8</stationId>
  </row>
  <row>
    <antennaId>Antenna_9</antennaId>
    <name>DV12</name>
    <antennaMake>VERTEX_12</antennaMake>
    <antennaType>GROUND_BASED</antennaType>
    <dishDiameter>12.0</dishDiameter>
    <position>1 3 -8.3E-5 -8.11E-4 7.00018</position>
    <offset>1 3 0.0 0.0 0.0</offset>
    <time>4832948865233000000</time>
    <stationId>Station_9</stationId>
  </row>
  <row>
    <antennaId>Antenna_10</antennaId>
    <name>DV13</name>
    <antennaMake>VERTEX_12</antennaMake>
    <antennaType>GROUND_BASED</antennaType>
    <dishDiameter>12.0</dishDiameter>
    <position>1 3 1.54E-4 -8.02E-4 7.00013</position>
    <offset>1 3 0.0 0.0 0.0</offset>
    <time>4832948865233000000</time>
    <stationId>Station_10</stationId>
  </row>
  <row>
    <antennaId>Antenna_11</antennaId>
    <name>DV14</name>
    <antennaMake>VERTEX_12</antennaMake>
    <antennaType>GROUND_BASED</antennaType>
    <dishDiameter>12.0</dishDiameter>
    <position>1 3 9.1E-5 -2.98E-4 7.000001</position>
    <offset>1 3 0.0 0.0 0.0</offset>
    <time>4832948865233000000</time>
    <stationId>Station_11</stationId>
  </row>
  <row>
    <antennaId>Antenna_12</antennaId>
    <name>DV15</name>
    <antennaMake>VERTEX_12</antennaMake>
    <antennaType>GROUND_BASED</antennaType>
    <dishDiameter>12.0</dishDiameter>
    <position>1 3 0.0 0.0 7.0</position>
    <offset>1 3 0.0 0.0 0.0</offset>
    <time>4832948865233000000</time>
    <stationId>Station_12</stationId>
  </row>
  <row>
    <antennaId>Antenna_13</antennaId>
    <name>DV16</name>
    <antennaMake>VERTEX_12</antennaMake>
    <antennaType>GROUND_BASED</antennaType>
    <dishDiameter>12.0</dishDiameter>
    <position>1 3 0.0 0.0 7.0</position>
    <offset>1 3 0.0 0.0 0.0</offset>
    <time>4832948865233000000</time>
    <stationId>Station_13</stationId>
  </row>
  <row>
    <antennaId>Antenna_14</antennaId>
    <name>PM01</name>
    <antennaMake>MITSUBISHI_12_B</antennaMake>
    <antennaType>GROUND_BASED</antennaType>
    <dishDiameter>12.0</dishDiameter>
    <position>1 3 4.19E-4 -3.35E-4 7.497669</position>
    <offset>1 3 0.0 0.0 0.0</offset>
    <time>4832948865233000000</time>
    <stationId>Station_14</stationId>
  </row>
  <row>
    <antennaId>Antenna_15</antennaId>
    <name>PM02</name>
    <antennaMake>MITSUBISHI_12_B</antennaMake>
    <antennaType>GROUND_BASED</antennaType>
    <dishDiameter>12.0</dishDiameter>
    <position>1 3 1.09E-4 -4.02E-4 7.499766</position>
    <offset>1 3 0.0 0.0 0.0</offset>
    <time>4832948865233000000</time>
    <stationId>Station_15</stationId>
  </row>
  <row>
    <antennaId>Antenna_16</antennaId>
    <name>PM03</name>
    <antennaMake>MITSUBISHI_12_B</antennaMake>
    <antennaType>GROUND_BASED</antennaType>
    <dishDiameter>12.0</dishDiameter>
    <position>1 3 3.39E-4 -2.66E-4 7.499314</position>
    <offset>1 3 0.0 0.0 0.0</offset>
    <time>4832948865233000000</time>
    <stationId>Station_16</stationId>
  </row>
</AntennaTable>

