<?xml version="1.0" encoding="UTF-8"?>
<ASDM xmlns:xsi="http://www.w3.org/2001/XMLSchema-instance" xmlns:cntnr="http://Alma/XASDM/ASDM" schemaVersion="3" schemaRevision="1.55.6.5">
  <Entity entityId="uid://A002/X36a70f/X318" entityIdEncrypted="na" entityTypeName="ASDM" schemaVersion="1" documentVersion="1" />
  <TimeOfCreation>2012-01-10T21:47:36.000000000</TimeOfCreation>
  <Table>
    <Name>Main</Name>
    <NumberRows>357</NumberRows>
    <Entity entityId="uid://A002/X36ab21/X1" entityIdEncrypted="na" entityTypeName="MainTable" schemaVersion="1" documentVersion="1" />
  </Table>
  <Table>
    <Name>AlmaRadiometer</Name>
    <NumberRows>4</NumberRows>
    <Entity entityId="uid://A002/X36ab22/X1" entityIdEncrypted="na" entityTypeName="AlmaRadiometerTable" schemaVersion="1" documentVersion="1" />
  </Table>
  <Table>
    <Name>Annotation</Name>
    <NumberRows>0</NumberRows>
  </Table>
  <Table>
    <Name>Antenna</Name>
    <NumberRows>17</NumberRows>
    <Entity entityId="uid://A002/X36ab23/X1" entityIdEncrypted="na" entityTypeName="AntennaTable" schemaVersion="1" documentVersion="1" />
  </Table>
  <Table>
    <Name>CalAmpli</Name>
    <NumberRows>34</NumberRows>
    <Entity entityId="uid://A002/X36ab24/X1" entityIdEncrypted="na" entityTypeName="CalAmpliTable" schemaVersion="1" documentVersion="1" />
  </Table>
  <Table>
    <Name>CalAtmosphere</Name>
    <NumberRows>442</NumberRows>
    <Entity entityId="uid://A002/X36ab25/X1" entityIdEncrypted="na" entityTypeName="CalAtmosphereTable" schemaVersion="1" documentVersion="1" />
  </Table>
  <Table>
    <Name>CalBandpass</Name>
    <NumberRows>4</NumberRows>
    <Entity entityId="uid://A002/X36ab26/X1" entityIdEncrypted="na" entityTypeName="CalBandpassTable" schemaVersion="1" documentVersion="1" />
  </Table>
  <Table>
    <Name>CalCurve</Name>
    <NumberRows>4</NumberRows>
    <Entity entityId="uid://A002/X36ab27/X1" entityIdEncrypted="na" entityTypeName="CalCurveTable" schemaVersion="1" documentVersion="1" />
  </Table>
  <Table>
    <Name>CalData</Name>
    <NumberRows>59</NumberRows>
    <Entity entityId="uid://A002/X36ab28/X1" entityIdEncrypted="na" entityTypeName="CalDataTable" schemaVersion="1" documentVersion="1" />
  </Table>
  <Table>
    <Name>CalDelay</Name>
    <NumberRows>0</NumberRows>
  </Table>
  <Table>
    <Name>CalDevice</Name>
    <NumberRows>8528</NumberRows>
    <Entity entityId="uid://A002/X36ab29/X1" entityIdEncrypted="na" entityTypeName="CalDeviceTable" schemaVersion="1" documentVersion="1" />
  </Table>
  <Table>
    <Name>CalFlux</Name>
    <NumberRows>1</NumberRows>
    <Entity entityId="uid://A002/X36ab2a/X1" entityIdEncrypted="na" entityTypeName="CalFluxTable" schemaVersion="1" documentVersion="1" />
  </Table>
  <Table>
    <Name>CalFocus</Name>
    <NumberRows>0</NumberRows>
  </Table>
  <Table>
    <Name>CalFocusModel</Name>
    <NumberRows>0</NumberRows>
  </Table>
  <Table>
    <Name>CalGain</Name>
    <NumberRows>0</NumberRows>
  </Table>
  <Table>
    <Name>CalHolography</Name>
    <NumberRows>0</NumberRows>
  </Table>
  <Table>
    <Name>CalPhase</Name>
    <NumberRows>16</NumberRows>
    <Entity entityId="uid://A002/X36ab2b/X1" entityIdEncrypted="na" entityTypeName="CalPhaseTable" schemaVersion="1" documentVersion="1" />
  </Table>
  <Table>
    <Name>CalPointing</Name>
    <NumberRows>17</NumberRows>
    <Entity entityId="uid://A002/X36ab2c/X1" entityIdEncrypted="na" entityTypeName="CalPointingTable" schemaVersion="1" documentVersion="1" />
  </Table>
  <Table>
    <Name>CalPointingModel</Name>
    <NumberRows>0</NumberRows>
  </Table>
  <Table>
    <Name>CalPosition</Name>
    <NumberRows>0</NumberRows>
  </Table>
  <Table>
    <Name>CalPrimaryBeam</Name>
    <NumberRows>0</NumberRows>
  </Table>
  <Table>
    <Name>CalReduction</Name>
    <NumberRows>55</NumberRows>
    <Entity entityId="uid://A002/X36ab2d/X1" entityIdEncrypted="na" entityTypeName="CalReductionTable" schemaVersion="1" documentVersion="1" />
  </Table>
  <Table>
    <Name>CalSeeing</Name>
    <NumberRows>4</NumberRows>
    <Entity entityId="uid://A002/X36ab2e/X1" entityIdEncrypted="na" entityTypeName="CalSeeingTable" schemaVersion="1" documentVersion="1" />
  </Table>
  <Table>
    <Name>CalWVR</Name>
    <NumberRows>459</NumberRows>
    <Entity entityId="uid://A002/X36ab2f/X1" entityIdEncrypted="na" entityTypeName="CalWVRTable" schemaVersion="1" documentVersion="1" />
  </Table>
  <Table>
    <Name>ConfigDescription</Name>
    <NumberRows>11</NumberRows>
    <Entity entityId="uid://A002/X36ab30/X1" entityIdEncrypted="na" entityTypeName="ConfigDescriptionTable" schemaVersion="1" documentVersion="1" />
  </Table>
  <Table>
    <Name>CorrelatorMode</Name>
    <NumberRows>3</NumberRows>
    <Entity entityId="uid://A002/X36ab31/X1" entityIdEncrypted="na" entityTypeName="CorrelatorModeTable" schemaVersion="1" documentVersion="1" />
  </Table>
  <Table>
    <Name>DataDescription</Name>
    <NumberRows>17</NumberRows>
    <Entity entityId="uid://A002/X36ab32/X1" entityIdEncrypted="na" entityTypeName="DataDescriptionTable" schemaVersion="1" documentVersion="1" />
  </Table>
  <Table>
    <Name>DelayModel</Name>
    <NumberRows>0</NumberRows>
  </Table>
  <Table>
    <Name>Doppler</Name>
    <NumberRows>0</NumberRows>
  </Table>
  <Table>
    <Name>Ephemeris</Name>
    <NumberRows>0</NumberRows>
  </Table>
  <Table>
    <Name>ExecBlock</Name>
    <NumberRows>1</NumberRows>
    <Entity entityId="uid://A002/X36ab33/X1" entityIdEncrypted="na" entityTypeName="ExecBlockTable" schemaVersion="1" documentVersion="1" />
  </Table>
  <Table>
    <Name>Feed</Name>
    <NumberRows>561</NumberRows>
    <Entity entityId="uid://A002/X36ab34/X1" entityIdEncrypted="na" entityTypeName="FeedTable" schemaVersion="1" documentVersion="1" />
  </Table>
  <Table>
    <Name>Field</Name>
    <NumberRows>5</NumberRows>
    <Entity entityId="uid://A002/X36ab35/X1" entityIdEncrypted="na" entityTypeName="FieldTable" schemaVersion="1" documentVersion="1" />
  </Table>
  <Table>
    <Name>Flag</Name>
    <NumberRows>656</NumberRows>
    <Entity entityId="uid://A002/X36ab36/X1" entityIdEncrypted="na" entityTypeName="FlagTable" schemaVersion="1" documentVersion="1" />
  </Table>
  <Table>
    <Name>FlagCmd</Name>
    <NumberRows>0</NumberRows>
  </Table>
  <Table>
    <Name>Focus</Name>
    <NumberRows>2023</NumberRows>
    <Entity entityId="uid://A002/X36ab37/X1" entityIdEncrypted="na" entityTypeName="FocusTable" schemaVersion="1" documentVersion="1" />
  </Table>
  <Table>
    <Name>FocusModel</Name>
    <NumberRows>68</NumberRows>
    <Entity entityId="uid://A002/X36ab38/X1" entityIdEncrypted="na" entityTypeName="FocusModelTable" schemaVersion="1" documentVersion="1" />
  </Table>
  <Table>
    <Name>FreqOffset</Name>
    <NumberRows>0</NumberRows>
  </Table>
  <Table>
    <Name>GainTracking</Name>
    <NumberRows>0</NumberRows>
  </Table>
  <Table>
    <Name>History</Name>
    <NumberRows>0</NumberRows>
  </Table>
  <Table>
    <Name>Holography</Name>
    <NumberRows>0</NumberRows>
  </Table>
  <Table>
    <Name>Observation</Name>
    <NumberRows>0</NumberRows>
  </Table>
  <Table>
    <Name>Pointing</Name>
    <NumberRows>2023</NumberRows>
    <Entity entityId="uid://A002/X36ab39/X1" entityIdEncrypted="na" entityTypeName="PointingTable" schemaVersion="1" documentVersion="1" />
  </Table>
  <Table>
    <Name>PointingModel</Name>
    <NumberRows>340</NumberRows>
    <Entity entityId="uid://A002/X36ab3a/X1" entityIdEncrypted="na" entityTypeName="PointingModelTable" schemaVersion="1" documentVersion="1" />
  </Table>
  <Table>
    <Name>Polarization</Name>
    <NumberRows>2</NumberRows>
    <Entity entityId="uid://A002/X36ab3b/X1" entityIdEncrypted="na" entityTypeName="PolarizationTable" schemaVersion="1" documentVersion="1" />
  </Table>
  <Table>
    <Name>Processor</Name>
    <NumberRows>4</NumberRows>
    <Entity entityId="uid://A002/X36ab3c/X1" entityIdEncrypted="na" entityTypeName="ProcessorTable" schemaVersion="1" documentVersion="1" />
  </Table>
  <Table>
    <Name>Receiver</Name>
    <NumberRows>30</NumberRows>
    <Entity entityId="uid://A002/X36ab3d/X1" entityIdEncrypted="na" entityTypeName="ReceiverTable" schemaVersion="1" documentVersion="1" />
  </Table>
  <Table>
    <Name>SBSummary</Name>
    <NumberRows>1</NumberRows>
    <Entity entityId="uid://A002/X36ab3e/X1" entityIdEncrypted="na" entityTypeName="SBSummaryTable" schemaVersion="1" documentVersion="1" />
  </Table>
  <Table>
    <Name>Scale</Name>
    <NumberRows>0</NumberRows>
  </Table>
  <Table>
    <Name>Scan</Name>
    <NumberRows>29</NumberRows>
    <Entity entityId="uid://A002/X36ab3f/X1" entityIdEncrypted="na" entityTypeName="ScanTable" schemaVersion="1" documentVersion="1" />
  </Table>
  <Table>
    <Name>Seeing</Name>
    <NumberRows>0</NumberRows>
  </Table>
  <Table>
    <Name>Source</Name>
    <NumberRows>170</NumberRows>
    <Entity entityId="uid://A002/X36ab40/X1" entityIdEncrypted="na" entityTypeName="SourceTable" schemaVersion="1" documentVersion="1" />
  </Table>
  <Table>
    <Name>SpectralWindow</Name>
    <NumberRows>34</NumberRows>
    <Entity entityId="uid://A002/X36ab41/X1" entityIdEncrypted="na" entityTypeName="SpectralWindowTable" schemaVersion="1" documentVersion="1" />
  </Table>
  <Table>
    <Name>SquareLawDetector</Name>
    <NumberRows>0</NumberRows>
  </Table>
  <Table>
    <Name>State</Name>
    <NumberRows>3</NumberRows>
    <Entity entityId="uid://A002/X36ab42/X1" entityIdEncrypted="na" entityTypeName="StateTable" schemaVersion="1" documentVersion="1" />
  </Table>
  <Table>
    <Name>Station</Name>
    <NumberRows>19</NumberRows>
    <Entity entityId="uid://A002/X36ab43/X1" entityIdEncrypted="na" entityTypeName="StationTable" schemaVersion="1" documentVersion="1" />
  </Table>
  <Table>
    <Name>Subscan</Name>
    <NumberRows>119</NumberRows>
    <Entity entityId="uid://A002/X36ab44/X1" entityIdEncrypted="na" entityTypeName="SubscanTable" schemaVersion="1" documentVersion="1" />
  </Table>
  <Table>
    <Name>SwitchCycle</Name>
    <NumberRows>1</NumberRows>
    <Entity entityId="uid://A002/X36ab45/X1" entityIdEncrypted="na" entityTypeName="SwitchCycleTable" schemaVersion="1" documentVersion="1" />
  </Table>
  <Table>
    <Name>SysCal</Name>
    <NumberRows>408</NumberRows>
    <Entity entityId="uid://A002/X36ab46/X1" entityIdEncrypted="na" entityTypeName="SysCalTable" schemaVersion="1" documentVersion="1" />
  </Table>
  <Table>
    <Name>TotalPower</Name>
    <NumberRows>0</NumberRows>
  </Table>
  <Table>
    <Name>WVMCal</Name>
    <NumberRows>0</NumberRows>
  </Table>
  <Table>
    <Name>Weather</Name>
    <NumberRows>348</NumberRows>
    <Entity entityId="uid://A002/X36ab47/X1" entityIdEncrypted="na" entityTypeName="WeatherTable" schemaVersion="1" documentVersion="1" />
  </Table>
</ASDM>

