<?xml version="1.0" encoding="UTF-8"?>
<CalDataTable xmlns:xsi="http://www.w3.org/2001/XMLSchema-instance" xmlns:cldata="http://Alma/XASDM/CalDataTable" schemaVersion="3" schemaRevision="1.55.6.5">
  <Entity entityId="uid://A002/X36ab28/X1" entityIdEncrypted="na" entityTypeName="CalDataTable" schemaVersion="1" documentVersion="1" />
  <ContainerEntity entityId="uid://A002/X36a70f/X318" entityIdEncrypted="na" entityTypeName="ASDM" schemaVersion="1" documentVersion="1" />
  <row>
    <calDataId>CalData_0</calDataId>
    <startTimeObserved>4832948925527000000</startTimeObserved>
    <endTimeObserved>4832949020267000000</endTimeObserved>
    <execBlockUID>
      <EntityRef entityId="uid://A002/X36a70f/X318" partId="X00000000" entityTypeName="ASDM" documentVersion="1" />
    </execBlockUID>
    <calDataType>WVR</calDataType>
    <calType>CAL_WVR</calType>
    <numScan>1</numScan>
    <scanSet>1 1 1</scanSet>
    <assocCalNature>ASSOCIATED_EXECBLOCK</assocCalNature>
  </row>
  <row>
    <calDataId>CalData_1</calDataId>
    <startTimeObserved>4832948925527000000</startTimeObserved>
    <endTimeObserved>4832949020267000000</endTimeObserved>
    <execBlockUID>
      <EntityRef entityId="uid://A002/X36a70f/X318" partId="X00000000" entityTypeName="ASDM" documentVersion="1" />
    </execBlockUID>
    <calDataType>CHANNEL_AVERAGE_CROSS</calDataType>
    <calType>CAL_POINTING</calType>
    <numScan>1</numScan>
    <scanSet>1 1 1</scanSet>
    <assocCalNature>ASSOCIATED_EXECBLOCK</assocCalNature>
  </row>
  <row>
    <calDataId>CalData_2</calDataId>
    <startTimeObserved>4832949064391000000</startTimeObserved>
    <endTimeObserved>4832949170415000000</endTimeObserved>
    <execBlockUID>
      <EntityRef entityId="uid://A002/X36a70f/X318" partId="X00000000" entityTypeName="ASDM" documentVersion="1" />
    </execBlockUID>
    <calDataType>WVR</calDataType>
    <calType>CAL_WVR</calType>
    <numScan>1</numScan>
    <scanSet>1 1 2</scanSet>
    <assocCalNature>ASSOCIATED_EXECBLOCK</assocCalNature>
  </row>
  <row>
    <calDataId>CalData_3</calDataId>
    <startTimeObserved>4832949064391000000</startTimeObserved>
    <endTimeObserved>4832949170415000000</endTimeObserved>
    <execBlockUID>
      <EntityRef entityId="uid://A002/X36a70f/X318" partId="X00000000" entityTypeName="ASDM" documentVersion="1" />
    </execBlockUID>
    <calDataType>CHANNEL_AVERAGE_CROSS</calDataType>
    <calType>CAL_ATMOSPHERE</calType>
    <numScan>1</numScan>
    <scanSet>1 1 2</scanSet>
    <assocCalNature>ASSOCIATED_EXECBLOCK</assocCalNature>
  </row>
  <row>
    <calDataId>CalData_4</calDataId>
    <startTimeObserved>4832949200157000000</startTimeObserved>
    <endTimeObserved>4832949263673000000</endTimeObserved>
    <execBlockUID>
      <EntityRef entityId="uid://A002/X36a70f/X318" partId="X00000000" entityTypeName="ASDM" documentVersion="1" />
    </execBlockUID>
    <calDataType>WVR</calDataType>
    <calType>CAL_WVR</calType>
    <numScan>1</numScan>
    <scanSet>1 1 3</scanSet>
    <assocCalNature>ASSOCIATED_EXECBLOCK</assocCalNature>
  </row>
  <row>
    <calDataId>CalData_5</calDataId>
    <startTimeObserved>4832949200157000000</startTimeObserved>
    <endTimeObserved>4832949263673000000</endTimeObserved>
    <execBlockUID>
      <EntityRef entityId="uid://A002/X36a70f/X318" partId="X00000000" entityTypeName="ASDM" documentVersion="1" />
    </execBlockUID>
    <calDataType>FULL_RESOLUTION_AUTO</calDataType>
    <calType>CAL_ATMOSPHERE</calType>
    <numScan>1</numScan>
    <scanSet>1 1 3</scanSet>
    <assocCalNature>ASSOCIATED_EXECBLOCK</assocCalNature>
  </row>
  <row>
    <calDataId>CalData_6</calDataId>
    <startTimeObserved>4832949299446000000</startTimeObserved>
    <endTimeObserved>4832949520897000000</endTimeObserved>
    <execBlockUID>
      <EntityRef entityId="uid://A002/X36a70f/X318" partId="X00000000" entityTypeName="ASDM" documentVersion="1" />
    </execBlockUID>
    <calDataType>WVR</calDataType>
    <calType>CAL_WVR</calType>
    <numScan>1</numScan>
    <scanSet>1 1 4</scanSet>
    <assocCalNature>ASSOCIATED_EXECBLOCK</assocCalNature>
  </row>
  <row>
    <calDataId>CalData_7</calDataId>
    <startTimeObserved>4832949299446000000</startTimeObserved>
    <endTimeObserved>4832949520897000000</endTimeObserved>
    <execBlockUID>
      <EntityRef entityId="uid://A002/X36a70f/X318" partId="X00000000" entityTypeName="ASDM" documentVersion="1" />
    </execBlockUID>
    <calDataType>CHANNEL_AVERAGE_CROSS</calDataType>
    <calType>CAL_PHASE</calType>
    <numScan>1</numScan>
    <scanSet>1 1 4</scanSet>
    <assocCalNature>ASSOCIATED_EXECBLOCK</assocCalNature>
  </row>
  <row>
    <calDataId>CalData_8</calDataId>
    <startTimeObserved>4832949299446000000</startTimeObserved>
    <endTimeObserved>4832949520897000000</endTimeObserved>
    <execBlockUID>
      <EntityRef entityId="uid://A002/X36a70f/X318" partId="X00000000" entityTypeName="ASDM" documentVersion="1" />
    </execBlockUID>
    <calDataType>FULL_RESOLUTION_CROSS</calDataType>
    <calType>CAL_BANDPASS</calType>
    <numScan>1</numScan>
    <scanSet>1 1 4</scanSet>
    <assocCalNature>ASSOCIATED_EXECBLOCK</assocCalNature>
  </row>
  <row>
    <calDataId>CalData_9</calDataId>
    <startTimeObserved>4832949743913000000</startTimeObserved>
    <endTimeObserved>4832949798071000000</endTimeObserved>
    <execBlockUID>
      <EntityRef entityId="uid://A002/X36a70f/X318" partId="X00000000" entityTypeName="ASDM" documentVersion="1" />
    </execBlockUID>
    <calDataType>WVR</calDataType>
    <calType>CAL_WVR</calType>
    <numScan>1</numScan>
    <scanSet>1 1 6</scanSet>
    <assocCalNature>ASSOCIATED_EXECBLOCK</assocCalNature>
  </row>
  <row>
    <calDataId>CalData_10</calDataId>
    <startTimeObserved>4832949743913000000</startTimeObserved>
    <endTimeObserved>4832949798071000000</endTimeObserved>
    <execBlockUID>
      <EntityRef entityId="uid://A002/X36a70f/X318" partId="X00000000" entityTypeName="ASDM" documentVersion="1" />
    </execBlockUID>
    <calDataType>FULL_RESOLUTION_AUTO</calDataType>
    <calType>CAL_ATMOSPHERE</calType>
    <numScan>1</numScan>
    <scanSet>1 1 6</scanSet>
    <assocCalNature>ASSOCIATED_EXECBLOCK</assocCalNature>
  </row>
  <row>
    <calDataId>CalData_11</calDataId>
    <startTimeObserved>4832949826317000000</startTimeObserved>
    <endTimeObserved>4832949975864000000</endTimeObserved>
    <execBlockUID>
      <EntityRef entityId="uid://A002/X36a70f/X318" partId="X00000000" entityTypeName="ASDM" documentVersion="1" />
    </execBlockUID>
    <calDataType>WVR</calDataType>
    <calType>CAL_WVR</calType>
    <numScan>1</numScan>
    <scanSet>1 1 7</scanSet>
    <assocCalNature>ASSOCIATED_EXECBLOCK</assocCalNature>
  </row>
  <row>
    <calDataId>CalData_12</calDataId>
    <startTimeObserved>4832949826317000000</startTimeObserved>
    <endTimeObserved>4832949975864000000</endTimeObserved>
    <execBlockUID>
      <EntityRef entityId="uid://A002/X36a70f/X318" partId="X00000000" entityTypeName="ASDM" documentVersion="1" />
    </execBlockUID>
    <calDataType>CHANNEL_AVERAGE_CROSS</calDataType>
    <calType>CAL_AMPLI</calType>
    <numScan>1</numScan>
    <scanSet>1 1 7</scanSet>
    <assocCalNature>ASSOCIATED_EXECBLOCK</assocCalNature>
  </row>
  <row>
    <calDataId>CalData_13</calDataId>
    <startTimeObserved>4832949826317000000</startTimeObserved>
    <endTimeObserved>4832949975864000000</endTimeObserved>
    <execBlockUID>
      <EntityRef entityId="uid://A002/X36a70f/X318" partId="X00000000" entityTypeName="ASDM" documentVersion="1" />
    </execBlockUID>
    <calDataType>CHANNEL_AVERAGE_CROSS</calDataType>
    <calType>CAL_PHASE</calType>
    <numScan>1</numScan>
    <scanSet>1 1 7</scanSet>
    <assocCalNature>ASSOCIATED_EXECBLOCK</assocCalNature>
  </row>
  <row>
    <calDataId>CalData_14</calDataId>
    <startTimeObserved>4832950184306000000</startTimeObserved>
    <endTimeObserved>4832950239121000000</endTimeObserved>
    <execBlockUID>
      <EntityRef entityId="uid://A002/X36a70f/X318" partId="X00000000" entityTypeName="ASDM" documentVersion="1" />
    </execBlockUID>
    <calDataType>WVR</calDataType>
    <calType>CAL_WVR</calType>
    <numScan>1</numScan>
    <scanSet>1 1 9</scanSet>
    <assocCalNature>ASSOCIATED_EXECBLOCK</assocCalNature>
  </row>
  <row>
    <calDataId>CalData_15</calDataId>
    <startTimeObserved>4832950184306000000</startTimeObserved>
    <endTimeObserved>4832950239121000000</endTimeObserved>
    <execBlockUID>
      <EntityRef entityId="uid://A002/X36a70f/X318" partId="X00000000" entityTypeName="ASDM" documentVersion="1" />
    </execBlockUID>
    <calDataType>FULL_RESOLUTION_AUTO</calDataType>
    <calType>CAL_ATMOSPHERE</calType>
    <numScan>1</numScan>
    <scanSet>1 1 9</scanSet>
    <assocCalNature>ASSOCIATED_EXECBLOCK</assocCalNature>
  </row>
  <row>
    <calDataId>CalData_16</calDataId>
    <startTimeObserved>4832950267583000000</startTimeObserved>
    <endTimeObserved>4832950310837000000</endTimeObserved>
    <execBlockUID>
      <EntityRef entityId="uid://A002/X36a70f/X318" partId="X00000000" entityTypeName="ASDM" documentVersion="1" />
    </execBlockUID>
    <calDataType>WVR</calDataType>
    <calType>CAL_WVR</calType>
    <numScan>1</numScan>
    <scanSet>1 1 10</scanSet>
    <assocCalNature>ASSOCIATED_EXECBLOCK</assocCalNature>
  </row>
  <row>
    <calDataId>CalData_17</calDataId>
    <startTimeObserved>4832950267583000000</startTimeObserved>
    <endTimeObserved>4832950310837000000</endTimeObserved>
    <execBlockUID>
      <EntityRef entityId="uid://A002/X36a70f/X318" partId="X00000000" entityTypeName="ASDM" documentVersion="1" />
    </execBlockUID>
    <calDataType>CHANNEL_AVERAGE_CROSS</calDataType>
    <calType>CAL_PHASE</calType>
    <numScan>1</numScan>
    <scanSet>1 1 10</scanSet>
    <assocCalNature>ASSOCIATED_EXECBLOCK</assocCalNature>
  </row>
  <row>
    <calDataId>CalData_18</calDataId>
    <startTimeObserved>4832950327120000000</startTimeObserved>
    <endTimeObserved>4832950381904000000</endTimeObserved>
    <execBlockUID>
      <EntityRef entityId="uid://A002/X36a70f/X318" partId="X00000000" entityTypeName="ASDM" documentVersion="1" />
    </execBlockUID>
    <calDataType>WVR</calDataType>
    <calType>CAL_WVR</calType>
    <numScan>1</numScan>
    <scanSet>1 1 11</scanSet>
    <assocCalNature>ASSOCIATED_EXECBLOCK</assocCalNature>
  </row>
  <row>
    <calDataId>CalData_19</calDataId>
    <startTimeObserved>4832950327120000000</startTimeObserved>
    <endTimeObserved>4832950381904000000</endTimeObserved>
    <execBlockUID>
      <EntityRef entityId="uid://A002/X36a70f/X318" partId="X00000000" entityTypeName="ASDM" documentVersion="1" />
    </execBlockUID>
    <calDataType>FULL_RESOLUTION_AUTO</calDataType>
    <calType>CAL_ATMOSPHERE</calType>
    <numScan>1</numScan>
    <scanSet>1 1 11</scanSet>
    <assocCalNature>ASSOCIATED_EXECBLOCK</assocCalNature>
  </row>
  <row>
    <calDataId>CalData_20</calDataId>
    <startTimeObserved>4832950410215000000</startTimeObserved>
    <endTimeObserved>4832950844930000000</endTimeObserved>
    <execBlockUID>
      <EntityRef entityId="uid://A002/X36a70f/X318" partId="X00000000" entityTypeName="ASDM" documentVersion="1" />
    </execBlockUID>
    <calDataType>WVR</calDataType>
    <calType>CAL_WVR</calType>
    <numScan>1</numScan>
    <scanSet>1 1 12</scanSet>
    <assocCalNature>ASSOCIATED_EXECBLOCK</assocCalNature>
  </row>
  <row>
    <calDataId>CalData_21</calDataId>
    <startTimeObserved>4832950861748000000</startTimeObserved>
    <endTimeObserved>4832950911657000000</endTimeObserved>
    <execBlockUID>
      <EntityRef entityId="uid://A002/X36a70f/X318" partId="X00000000" entityTypeName="ASDM" documentVersion="1" />
    </execBlockUID>
    <calDataType>WVR</calDataType>
    <calType>CAL_WVR</calType>
    <numScan>1</numScan>
    <scanSet>1 1 13</scanSet>
    <assocCalNature>ASSOCIATED_EXECBLOCK</assocCalNature>
  </row>
  <row>
    <calDataId>CalData_22</calDataId>
    <startTimeObserved>4832950861748000000</startTimeObserved>
    <endTimeObserved>4832950911657000000</endTimeObserved>
    <execBlockUID>
      <EntityRef entityId="uid://A002/X36a70f/X318" partId="X00000000" entityTypeName="ASDM" documentVersion="1" />
    </execBlockUID>
    <calDataType>FULL_RESOLUTION_AUTO</calDataType>
    <calType>CAL_ATMOSPHERE</calType>
    <numScan>1</numScan>
    <scanSet>1 1 13</scanSet>
    <assocCalNature>ASSOCIATED_EXECBLOCK</assocCalNature>
  </row>
  <row>
    <calDataId>CalData_23</calDataId>
    <startTimeObserved>4832950933798000000</startTimeObserved>
    <endTimeObserved>4832950976906000000</endTimeObserved>
    <execBlockUID>
      <EntityRef entityId="uid://A002/X36a70f/X318" partId="X00000000" entityTypeName="ASDM" documentVersion="1" />
    </execBlockUID>
    <calDataType>WVR</calDataType>
    <calType>CAL_WVR</calType>
    <numScan>1</numScan>
    <scanSet>1 1 14</scanSet>
    <assocCalNature>ASSOCIATED_EXECBLOCK</assocCalNature>
  </row>
  <row>
    <calDataId>CalData_24</calDataId>
    <startTimeObserved>4832950933798000000</startTimeObserved>
    <endTimeObserved>4832950976906000000</endTimeObserved>
    <execBlockUID>
      <EntityRef entityId="uid://A002/X36a70f/X318" partId="X00000000" entityTypeName="ASDM" documentVersion="1" />
    </execBlockUID>
    <calDataType>CHANNEL_AVERAGE_CROSS</calDataType>
    <calType>CAL_PHASE</calType>
    <numScan>1</numScan>
    <scanSet>1 1 14</scanSet>
    <assocCalNature>ASSOCIATED_EXECBLOCK</assocCalNature>
  </row>
  <row>
    <calDataId>CalData_25</calDataId>
    <startTimeObserved>4832950994053000000</startTimeObserved>
    <endTimeObserved>4832951043700000000</endTimeObserved>
    <execBlockUID>
      <EntityRef entityId="uid://A002/X36a70f/X318" partId="X00000000" entityTypeName="ASDM" documentVersion="1" />
    </execBlockUID>
    <calDataType>WVR</calDataType>
    <calType>CAL_WVR</calType>
    <numScan>1</numScan>
    <scanSet>1 1 15</scanSet>
    <assocCalNature>ASSOCIATED_EXECBLOCK</assocCalNature>
  </row>
  <row>
    <calDataId>CalData_26</calDataId>
    <startTimeObserved>4832950994053000000</startTimeObserved>
    <endTimeObserved>4832951043700000000</endTimeObserved>
    <execBlockUID>
      <EntityRef entityId="uid://A002/X36a70f/X318" partId="X00000000" entityTypeName="ASDM" documentVersion="1" />
    </execBlockUID>
    <calDataType>FULL_RESOLUTION_AUTO</calDataType>
    <calType>CAL_ATMOSPHERE</calType>
    <numScan>1</numScan>
    <scanSet>1 1 15</scanSet>
    <assocCalNature>ASSOCIATED_EXECBLOCK</assocCalNature>
  </row>
  <row>
    <calDataId>CalData_27</calDataId>
    <startTimeObserved>4832951065354000000</startTimeObserved>
    <endTimeObserved>4832951500243000000</endTimeObserved>
    <execBlockUID>
      <EntityRef entityId="uid://A002/X36a70f/X318" partId="X00000000" entityTypeName="ASDM" documentVersion="1" />
    </execBlockUID>
    <calDataType>WVR</calDataType>
    <calType>CAL_WVR</calType>
    <numScan>1</numScan>
    <scanSet>1 1 16</scanSet>
    <assocCalNature>ASSOCIATED_EXECBLOCK</assocCalNature>
  </row>
  <row>
    <calDataId>CalData_28</calDataId>
    <startTimeObserved>4832951516848000000</startTimeObserved>
    <endTimeObserved>4832951567125000000</endTimeObserved>
    <execBlockUID>
      <EntityRef entityId="uid://A002/X36a70f/X318" partId="X00000000" entityTypeName="ASDM" documentVersion="1" />
    </execBlockUID>
    <calDataType>WVR</calDataType>
    <calType>CAL_WVR</calType>
    <numScan>1</numScan>
    <scanSet>1 1 17</scanSet>
    <assocCalNature>ASSOCIATED_EXECBLOCK</assocCalNature>
  </row>
  <row>
    <calDataId>CalData_29</calDataId>
    <startTimeObserved>4832951516848000000</startTimeObserved>
    <endTimeObserved>4832951567125000000</endTimeObserved>
    <execBlockUID>
      <EntityRef entityId="uid://A002/X36a70f/X318" partId="X00000000" entityTypeName="ASDM" documentVersion="1" />
    </execBlockUID>
    <calDataType>FULL_RESOLUTION_AUTO</calDataType>
    <calType>CAL_ATMOSPHERE</calType>
    <numScan>1</numScan>
    <scanSet>1 1 17</scanSet>
    <assocCalNature>ASSOCIATED_EXECBLOCK</assocCalNature>
  </row>
  <row>
    <calDataId>CalData_30</calDataId>
    <startTimeObserved>4832951588873000000</startTimeObserved>
    <endTimeObserved>4832951632037000000</endTimeObserved>
    <execBlockUID>
      <EntityRef entityId="uid://A002/X36a70f/X318" partId="X00000000" entityTypeName="ASDM" documentVersion="1" />
    </execBlockUID>
    <calDataType>WVR</calDataType>
    <calType>CAL_WVR</calType>
    <numScan>1</numScan>
    <scanSet>1 1 18</scanSet>
    <assocCalNature>ASSOCIATED_EXECBLOCK</assocCalNature>
  </row>
  <row>
    <calDataId>CalData_31</calDataId>
    <startTimeObserved>4832951588873000000</startTimeObserved>
    <endTimeObserved>4832951632037000000</endTimeObserved>
    <execBlockUID>
      <EntityRef entityId="uid://A002/X36a70f/X318" partId="X00000000" entityTypeName="ASDM" documentVersion="1" />
    </execBlockUID>
    <calDataType>CHANNEL_AVERAGE_CROSS</calDataType>
    <calType>CAL_PHASE</calType>
    <numScan>1</numScan>
    <scanSet>1 1 18</scanSet>
    <assocCalNature>ASSOCIATED_EXECBLOCK</assocCalNature>
  </row>
  <row>
    <calDataId>CalData_32</calDataId>
    <startTimeObserved>4832950294080000000</startTimeObserved>
    <endTimeObserved>4832951615424000000</endTimeObserved>
    <execBlockUID>
      <EntityRef entityId="uid://A002/X36a70f/X318" partId="X00000000" entityTypeName="ASDM" documentVersion="1" />
    </execBlockUID>
    <calDataType>CHANNEL_AVERAGE_CROSS</calDataType>
    <calType>CAL_CURVE</calType>
    <numScan>3</numScan>
    <scanSet>1 3 10 14 18</scanSet>
    <assocCalNature>ASSOCIATED_EXECBLOCK</assocCalNature>
  </row>
  <row>
    <calDataId>CalData_33</calDataId>
    <startTimeObserved>4832950294080000000</startTimeObserved>
    <endTimeObserved>4832951615424000000</endTimeObserved>
    <execBlockUID>
      <EntityRef entityId="uid://A002/X36a70f/X318" partId="X00000000" entityTypeName="ASDM" documentVersion="1" />
    </execBlockUID>
    <calDataType>CHANNEL_AVERAGE_CROSS</calDataType>
    <calType>CAL_SEEING</calType>
    <numScan>3</numScan>
    <scanSet>1 3 10 14 18</scanSet>
    <assocCalNature>ASSOCIATED_EXECBLOCK</assocCalNature>
  </row>
  <row>
    <calDataId>CalData_34</calDataId>
    <startTimeObserved>4832951649048000000</startTimeObserved>
    <endTimeObserved>4832951698900000000</endTimeObserved>
    <execBlockUID>
      <EntityRef entityId="uid://A002/X36a70f/X318" partId="X00000000" entityTypeName="ASDM" documentVersion="1" />
    </execBlockUID>
    <calDataType>WVR</calDataType>
    <calType>CAL_WVR</calType>
    <numScan>1</numScan>
    <scanSet>1 1 19</scanSet>
    <assocCalNature>ASSOCIATED_EXECBLOCK</assocCalNature>
  </row>
  <row>
    <calDataId>CalData_35</calDataId>
    <startTimeObserved>4832951649048000000</startTimeObserved>
    <endTimeObserved>4832951698900000000</endTimeObserved>
    <execBlockUID>
      <EntityRef entityId="uid://A002/X36a70f/X318" partId="X00000000" entityTypeName="ASDM" documentVersion="1" />
    </execBlockUID>
    <calDataType>FULL_RESOLUTION_AUTO</calDataType>
    <calType>CAL_ATMOSPHERE</calType>
    <numScan>1</numScan>
    <scanSet>1 1 19</scanSet>
    <assocCalNature>ASSOCIATED_EXECBLOCK</assocCalNature>
  </row>
  <row>
    <calDataId>CalData_36</calDataId>
    <startTimeObserved>4832951720912000000</startTimeObserved>
    <endTimeObserved>4832952155883000000</endTimeObserved>
    <execBlockUID>
      <EntityRef entityId="uid://A002/X36a70f/X318" partId="X00000000" entityTypeName="ASDM" documentVersion="1" />
    </execBlockUID>
    <calDataType>WVR</calDataType>
    <calType>CAL_WVR</calType>
    <numScan>1</numScan>
    <scanSet>1 1 20</scanSet>
    <assocCalNature>ASSOCIATED_EXECBLOCK</assocCalNature>
  </row>
  <row>
    <calDataId>CalData_37</calDataId>
    <startTimeObserved>4832952172000000000</startTimeObserved>
    <endTimeObserved>4832952227209000000</endTimeObserved>
    <execBlockUID>
      <EntityRef entityId="uid://A002/X36a70f/X318" partId="X00000000" entityTypeName="ASDM" documentVersion="1" />
    </execBlockUID>
    <calDataType>WVR</calDataType>
    <calType>CAL_WVR</calType>
    <numScan>1</numScan>
    <scanSet>1 1 21</scanSet>
    <assocCalNature>ASSOCIATED_EXECBLOCK</assocCalNature>
  </row>
  <row>
    <calDataId>CalData_38</calDataId>
    <startTimeObserved>4832952172000000000</startTimeObserved>
    <endTimeObserved>4832952227209000000</endTimeObserved>
    <execBlockUID>
      <EntityRef entityId="uid://A002/X36a70f/X318" partId="X00000000" entityTypeName="ASDM" documentVersion="1" />
    </execBlockUID>
    <calDataType>FULL_RESOLUTION_AUTO</calDataType>
    <calType>CAL_ATMOSPHERE</calType>
    <numScan>1</numScan>
    <scanSet>1 1 21</scanSet>
    <assocCalNature>ASSOCIATED_EXECBLOCK</assocCalNature>
  </row>
  <row>
    <calDataId>CalData_39</calDataId>
    <startTimeObserved>4832952255649000000</startTimeObserved>
    <endTimeObserved>4832952298916000000</endTimeObserved>
    <execBlockUID>
      <EntityRef entityId="uid://A002/X36a70f/X318" partId="X00000000" entityTypeName="ASDM" documentVersion="1" />
    </execBlockUID>
    <calDataType>WVR</calDataType>
    <calType>CAL_WVR</calType>
    <numScan>1</numScan>
    <scanSet>1 1 22</scanSet>
    <assocCalNature>ASSOCIATED_EXECBLOCK</assocCalNature>
  </row>
  <row>
    <calDataId>CalData_40</calDataId>
    <startTimeObserved>4832952255649000000</startTimeObserved>
    <endTimeObserved>4832952298916000000</endTimeObserved>
    <execBlockUID>
      <EntityRef entityId="uid://A002/X36a70f/X318" partId="X00000000" entityTypeName="ASDM" documentVersion="1" />
    </execBlockUID>
    <calDataType>CHANNEL_AVERAGE_CROSS</calDataType>
    <calType>CAL_PHASE</calType>
    <numScan>1</numScan>
    <scanSet>1 1 22</scanSet>
    <assocCalNature>ASSOCIATED_EXECBLOCK</assocCalNature>
  </row>
  <row>
    <calDataId>CalData_41</calDataId>
    <startTimeObserved>4832950294080000000</startTimeObserved>
    <endTimeObserved>4832952282144000000</endTimeObserved>
    <execBlockUID>
      <EntityRef entityId="uid://A002/X36a70f/X318" partId="X00000000" entityTypeName="ASDM" documentVersion="1" />
    </execBlockUID>
    <calDataType>CHANNEL_AVERAGE_CROSS</calDataType>
    <calType>CAL_CURVE</calType>
    <numScan>4</numScan>
    <scanSet>1 4 10 14 18 22</scanSet>
    <assocCalNature>ASSOCIATED_EXECBLOCK</assocCalNature>
  </row>
  <row>
    <calDataId>CalData_42</calDataId>
    <startTimeObserved>4832950294080000000</startTimeObserved>
    <endTimeObserved>4832952282144000000</endTimeObserved>
    <execBlockUID>
      <EntityRef entityId="uid://A002/X36a70f/X318" partId="X00000000" entityTypeName="ASDM" documentVersion="1" />
    </execBlockUID>
    <calDataType>CHANNEL_AVERAGE_CROSS</calDataType>
    <calType>CAL_SEEING</calType>
    <numScan>4</numScan>
    <scanSet>1 4 10 14 18 22</scanSet>
    <assocCalNature>ASSOCIATED_EXECBLOCK</assocCalNature>
  </row>
  <row>
    <calDataId>CalData_43</calDataId>
    <startTimeObserved>4832952315988000000</startTimeObserved>
    <endTimeObserved>4832952370713000000</endTimeObserved>
    <execBlockUID>
      <EntityRef entityId="uid://A002/X36a70f/X318" partId="X00000000" entityTypeName="ASDM" documentVersion="1" />
    </execBlockUID>
    <calDataType>WVR</calDataType>
    <calType>CAL_WVR</calType>
    <numScan>1</numScan>
    <scanSet>1 1 23</scanSet>
    <assocCalNature>ASSOCIATED_EXECBLOCK</assocCalNature>
  </row>
  <row>
    <calDataId>CalData_44</calDataId>
    <startTimeObserved>4832952315988000000</startTimeObserved>
    <endTimeObserved>4832952370713000000</endTimeObserved>
    <execBlockUID>
      <EntityRef entityId="uid://A002/X36a70f/X318" partId="X00000000" entityTypeName="ASDM" documentVersion="1" />
    </execBlockUID>
    <calDataType>FULL_RESOLUTION_AUTO</calDataType>
    <calType>CAL_ATMOSPHERE</calType>
    <numScan>1</numScan>
    <scanSet>1 1 23</scanSet>
    <assocCalNature>ASSOCIATED_EXECBLOCK</assocCalNature>
  </row>
  <row>
    <calDataId>CalData_45</calDataId>
    <startTimeObserved>4832952399361000000</startTimeObserved>
    <endTimeObserved>4832952834338000000</endTimeObserved>
    <execBlockUID>
      <EntityRef entityId="uid://A002/X36a70f/X318" partId="X00000000" entityTypeName="ASDM" documentVersion="1" />
    </execBlockUID>
    <calDataType>WVR</calDataType>
    <calType>CAL_WVR</calType>
    <numScan>1</numScan>
    <scanSet>1 1 24</scanSet>
    <assocCalNature>ASSOCIATED_EXECBLOCK</assocCalNature>
  </row>
  <row>
    <calDataId>CalData_46</calDataId>
    <startTimeObserved>4832952850495000000</startTimeObserved>
    <endTimeObserved>4832952900527000000</endTimeObserved>
    <execBlockUID>
      <EntityRef entityId="uid://A002/X36a70f/X318" partId="X00000000" entityTypeName="ASDM" documentVersion="1" />
    </execBlockUID>
    <calDataType>WVR</calDataType>
    <calType>CAL_WVR</calType>
    <numScan>1</numScan>
    <scanSet>1 1 25</scanSet>
    <assocCalNature>ASSOCIATED_EXECBLOCK</assocCalNature>
  </row>
  <row>
    <calDataId>CalData_47</calDataId>
    <startTimeObserved>4832952850495000000</startTimeObserved>
    <endTimeObserved>4832952900527000000</endTimeObserved>
    <execBlockUID>
      <EntityRef entityId="uid://A002/X36a70f/X318" partId="X00000000" entityTypeName="ASDM" documentVersion="1" />
    </execBlockUID>
    <calDataType>FULL_RESOLUTION_AUTO</calDataType>
    <calType>CAL_ATMOSPHERE</calType>
    <numScan>1</numScan>
    <scanSet>1 1 25</scanSet>
    <assocCalNature>ASSOCIATED_EXECBLOCK</assocCalNature>
  </row>
  <row>
    <calDataId>CalData_48</calDataId>
    <startTimeObserved>4832952922617000000</startTimeObserved>
    <endTimeObserved>4832952965738000000</endTimeObserved>
    <execBlockUID>
      <EntityRef entityId="uid://A002/X36a70f/X318" partId="X00000000" entityTypeName="ASDM" documentVersion="1" />
    </execBlockUID>
    <calDataType>WVR</calDataType>
    <calType>CAL_WVR</calType>
    <numScan>1</numScan>
    <scanSet>1 1 26</scanSet>
    <assocCalNature>ASSOCIATED_EXECBLOCK</assocCalNature>
  </row>
  <row>
    <calDataId>CalData_49</calDataId>
    <startTimeObserved>4832952922617000000</startTimeObserved>
    <endTimeObserved>4832952965738000000</endTimeObserved>
    <execBlockUID>
      <EntityRef entityId="uid://A002/X36a70f/X318" partId="X00000000" entityTypeName="ASDM" documentVersion="1" />
    </execBlockUID>
    <calDataType>CHANNEL_AVERAGE_CROSS</calDataType>
    <calType>CAL_PHASE</calType>
    <numScan>1</numScan>
    <scanSet>1 1 26</scanSet>
    <assocCalNature>ASSOCIATED_EXECBLOCK</assocCalNature>
  </row>
  <row>
    <calDataId>CalData_50</calDataId>
    <startTimeObserved>4832950294080000000</startTimeObserved>
    <endTimeObserved>4832952948960000000</endTimeObserved>
    <execBlockUID>
      <EntityRef entityId="uid://A002/X36a70f/X318" partId="X00000000" entityTypeName="ASDM" documentVersion="1" />
    </execBlockUID>
    <calDataType>CHANNEL_AVERAGE_CROSS</calDataType>
    <calType>CAL_CURVE</calType>
    <numScan>5</numScan>
    <scanSet>1 5 10 14 18 22 26</scanSet>
    <assocCalNature>ASSOCIATED_EXECBLOCK</assocCalNature>
  </row>
  <row>
    <calDataId>CalData_51</calDataId>
    <startTimeObserved>4832950294080000000</startTimeObserved>
    <endTimeObserved>4832952948960000000</endTimeObserved>
    <execBlockUID>
      <EntityRef entityId="uid://A002/X36a70f/X318" partId="X00000000" entityTypeName="ASDM" documentVersion="1" />
    </execBlockUID>
    <calDataType>CHANNEL_AVERAGE_CROSS</calDataType>
    <calType>CAL_SEEING</calType>
    <numScan>5</numScan>
    <scanSet>1 5 10 14 18 22 26</scanSet>
    <assocCalNature>ASSOCIATED_EXECBLOCK</assocCalNature>
  </row>
  <row>
    <calDataId>CalData_52</calDataId>
    <startTimeObserved>4832952982747000000</startTimeObserved>
    <endTimeObserved>4832953032520000000</endTimeObserved>
    <execBlockUID>
      <EntityRef entityId="uid://A002/X36a70f/X318" partId="X00000000" entityTypeName="ASDM" documentVersion="1" />
    </execBlockUID>
    <calDataType>WVR</calDataType>
    <calType>CAL_WVR</calType>
    <numScan>1</numScan>
    <scanSet>1 1 27</scanSet>
    <assocCalNature>ASSOCIATED_EXECBLOCK</assocCalNature>
  </row>
  <row>
    <calDataId>CalData_53</calDataId>
    <startTimeObserved>4832952982747000000</startTimeObserved>
    <endTimeObserved>4832953032520000000</endTimeObserved>
    <execBlockUID>
      <EntityRef entityId="uid://A002/X36a70f/X318" partId="X00000000" entityTypeName="ASDM" documentVersion="1" />
    </execBlockUID>
    <calDataType>FULL_RESOLUTION_AUTO</calDataType>
    <calType>CAL_ATMOSPHERE</calType>
    <numScan>1</numScan>
    <scanSet>1 1 27</scanSet>
    <assocCalNature>ASSOCIATED_EXECBLOCK</assocCalNature>
  </row>
  <row>
    <calDataId>CalData_54</calDataId>
    <startTimeObserved>4832953054316000000</startTimeObserved>
    <endTimeObserved>4832953133592000000</endTimeObserved>
    <execBlockUID>
      <EntityRef entityId="uid://A002/X36a70f/X318" partId="X00000000" entityTypeName="ASDM" documentVersion="1" />
    </execBlockUID>
    <calDataType>WVR</calDataType>
    <calType>CAL_WVR</calType>
    <numScan>1</numScan>
    <scanSet>1 1 28</scanSet>
    <assocCalNature>ASSOCIATED_EXECBLOCK</assocCalNature>
  </row>
  <row>
    <calDataId>CalData_55</calDataId>
    <startTimeObserved>4832953153249000000</startTimeObserved>
    <endTimeObserved>4832953196544000000</endTimeObserved>
    <execBlockUID>
      <EntityRef entityId="uid://A002/X36a70f/X318" partId="X00000000" entityTypeName="ASDM" documentVersion="1" />
    </execBlockUID>
    <calDataType>WVR</calDataType>
    <calType>CAL_WVR</calType>
    <numScan>1</numScan>
    <scanSet>1 1 29</scanSet>
    <assocCalNature>ASSOCIATED_EXECBLOCK</assocCalNature>
  </row>
  <row>
    <calDataId>CalData_56</calDataId>
    <startTimeObserved>4832953153249000000</startTimeObserved>
    <endTimeObserved>4832953196544000000</endTimeObserved>
    <execBlockUID>
      <EntityRef entityId="uid://A002/X36a70f/X318" partId="X00000000" entityTypeName="ASDM" documentVersion="1" />
    </execBlockUID>
    <calDataType>CHANNEL_AVERAGE_CROSS</calDataType>
    <calType>CAL_PHASE</calType>
    <numScan>1</numScan>
    <scanSet>1 1 29</scanSet>
    <assocCalNature>ASSOCIATED_EXECBLOCK</assocCalNature>
  </row>
  <row>
    <calDataId>CalData_57</calDataId>
    <startTimeObserved>4832950294080000000</startTimeObserved>
    <endTimeObserved>4832953179696000000</endTimeObserved>
    <execBlockUID>
      <EntityRef entityId="uid://A002/X36a70f/X318" partId="X00000000" entityTypeName="ASDM" documentVersion="1" />
    </execBlockUID>
    <calDataType>CHANNEL_AVERAGE_CROSS</calDataType>
    <calType>CAL_CURVE</calType>
    <numScan>6</numScan>
    <scanSet>1 6 10 14 18 22 26 29</scanSet>
    <assocCalNature>ASSOCIATED_EXECBLOCK</assocCalNature>
  </row>
  <row>
    <calDataId>CalData_58</calDataId>
    <startTimeObserved>4832950294080000000</startTimeObserved>
    <endTimeObserved>4832953179696000000</endTimeObserved>
    <execBlockUID>
      <EntityRef entityId="uid://A002/X36a70f/X318" partId="X00000000" entityTypeName="ASDM" documentVersion="1" />
    </execBlockUID>
    <calDataType>CHANNEL_AVERAGE_CROSS</calDataType>
    <calType>CAL_SEEING</calType>
    <numScan>6</numScan>
    <scanSet>1 6 10 14 18 22 26 29</scanSet>
    <assocCalNature>ASSOCIATED_EXECBLOCK</assocCalNature>
  </row>
</CalDataTable>

