<?xml version="1.0" encoding="UTF-8"?>
<CalReductionTable xmlns:xsi="http://www.w3.org/2001/XMLSchema-instance" xmlns:clred="http://Alma/XASDM/CalReductionTable" schemaVersion="3" schemaRevision="1.55.6.5">
  <Entity entityId="uid://A002/X36ab2d/X1" entityIdEncrypted="na" entityTypeName="CalReductionTable" schemaVersion="1" documentVersion="1" />
  <ContainerEntity entityId="uid://A002/X36a70f/X318" entityIdEncrypted="na" entityTypeName="ASDM" schemaVersion="1" documentVersion="1" />
  <row>
    <calReductionId>CalReduction_0</calReductionId>
    <numApplied>0</numApplied>
    <appliedCalibrations>1 0</appliedCalibrations>
    <numParam>0</numParam>
    <paramSet>1 0</paramSet>
    <numInvalidConditions>1</numInvalidConditions>
    <invalidConditions>1 1 ANTENNA_DISCONNECT</invalidConditions>
    <timeReduced>4832949021680752000</timeReduced>
    <messages>none</messages>
    <software>TELCAL</software>
    <softwareVersion>0.0</softwareVersion>
  </row>
  <row>
    <calReductionId>CalReduction_1</calReductionId>
    <numApplied>0</numApplied>
    <appliedCalibrations>1 0</appliedCalibrations>
    <numParam>0</numParam>
    <paramSet>1 0</paramSet>
    <numInvalidConditions>1</numInvalidConditions>
    <invalidConditions>1 1 ANTENNA_DISCONNECT</invalidConditions>
    <timeReduced>4832949023143245000</timeReduced>
    <messages>none</messages>
    <software>TELCAL</software>
    <softwareVersion>0.0</softwareVersion>
  </row>
  <row>
    <calReductionId>CalReduction_2</calReductionId>
    <numApplied>0</numApplied>
    <appliedCalibrations>1 0</appliedCalibrations>
    <numParam>0</numParam>
    <paramSet>1 0</paramSet>
    <numInvalidConditions>1</numInvalidConditions>
    <invalidConditions>1 1 ANTENNA_DISCONNECT</invalidConditions>
    <timeReduced>4832949172209809000</timeReduced>
    <messages>none</messages>
    <software>TELCAL</software>
    <softwareVersion>0.0</softwareVersion>
  </row>
  <row>
    <calReductionId>CalReduction_3</calReductionId>
    <numApplied>0</numApplied>
    <appliedCalibrations>1 0</appliedCalibrations>
    <numParam>0</numParam>
    <paramSet>1 0</paramSet>
    <numInvalidConditions>1</numInvalidConditions>
    <invalidConditions>1 1 ANTENNA_DISCONNECT</invalidConditions>
    <timeReduced>4832949173743261000</timeReduced>
    <messages>none</messages>
    <software>TELCAL</software>
    <softwareVersion>0.0</softwareVersion>
  </row>
  <row>
    <calReductionId>CalReduction_4</calReductionId>
    <numApplied>0</numApplied>
    <appliedCalibrations>1 0</appliedCalibrations>
    <numParam>0</numParam>
    <paramSet>1 0</paramSet>
    <numInvalidConditions>1</numInvalidConditions>
    <invalidConditions>1 1 ANTENNA_DISCONNECT</invalidConditions>
    <timeReduced>4832949264165103000</timeReduced>
    <messages>none</messages>
    <software>TELCAL</software>
    <softwareVersion>0.0</softwareVersion>
  </row>
  <row>
    <calReductionId>CalReduction_5</calReductionId>
    <numApplied>0</numApplied>
    <appliedCalibrations>1 0</appliedCalibrations>
    <numParam>2</numParam>
    <paramSet>1 2 "trecMode=AH" "tsysMode=ALPHA"</paramSet>
    <numInvalidConditions>1</numInvalidConditions>
    <invalidConditions>1 1 ANTENNA_DISCONNECT</invalidConditions>
    <timeReduced>4832949266486438000</timeReduced>
    <messages>none</messages>
    <software>TELCAL</software>
    <softwareVersion>0.0</softwareVersion>
  </row>
  <row>
    <calReductionId>CalReduction_6</calReductionId>
    <numApplied>0</numApplied>
    <appliedCalibrations>1 0</appliedCalibrations>
    <numParam>0</numParam>
    <paramSet>1 0</paramSet>
    <numInvalidConditions>1</numInvalidConditions>
    <invalidConditions>1 1 ANTENNA_DISCONNECT</invalidConditions>
    <timeReduced>4832949528286205000</timeReduced>
    <messages>none</messages>
    <software>TELCAL</software>
    <softwareVersion>0.0</softwareVersion>
  </row>
  <row>
    <calReductionId>CalReduction_7</calReductionId>
    <numApplied>0</numApplied>
    <appliedCalibrations>1 0</appliedCalibrations>
    <numParam>0</numParam>
    <paramSet>1 0</paramSet>
    <numInvalidConditions>1</numInvalidConditions>
    <invalidConditions>1 1 ANTENNA_DISCONNECT</invalidConditions>
    <timeReduced>4832949530142510000</timeReduced>
    <messages>none</messages>
    <software>TELCAL</software>
    <softwareVersion>0.0</softwareVersion>
  </row>
  <row>
    <calReductionId>CalReduction_8</calReductionId>
    <numApplied>0</numApplied>
    <appliedCalibrations>1 0</appliedCalibrations>
    <numParam>0</numParam>
    <paramSet>1 0</paramSet>
    <numInvalidConditions>1</numInvalidConditions>
    <invalidConditions>1 1 ANTENNA_DISCONNECT</invalidConditions>
    <timeReduced>4832949539146524000</timeReduced>
    <messages>none</messages>
    <software>TELCAL</software>
    <softwareVersion>0.0</softwareVersion>
  </row>
  <row>
    <calReductionId>CalReduction_9</calReductionId>
    <numApplied>0</numApplied>
    <appliedCalibrations>1 0</appliedCalibrations>
    <numParam>0</numParam>
    <paramSet>1 0</paramSet>
    <numInvalidConditions>1</numInvalidConditions>
    <invalidConditions>1 1 ANTENNA_DISCONNECT</invalidConditions>
    <timeReduced>4832949798707726000</timeReduced>
    <messages>none</messages>
    <software>TELCAL</software>
    <softwareVersion>0.0</softwareVersion>
  </row>
  <row>
    <calReductionId>CalReduction_10</calReductionId>
    <numApplied>0</numApplied>
    <appliedCalibrations>1 0</appliedCalibrations>
    <numParam>2</numParam>
    <paramSet>1 2 "trecMode=AH" "tsysMode=ALPHA"</paramSet>
    <numInvalidConditions>1</numInvalidConditions>
    <invalidConditions>1 1 ANTENNA_DISCONNECT</invalidConditions>
    <timeReduced>4832949801049929000</timeReduced>
    <messages>none</messages>
    <software>TELCAL</software>
    <softwareVersion>0.0</softwareVersion>
  </row>
  <row>
    <calReductionId>CalReduction_11</calReductionId>
    <numApplied>0</numApplied>
    <appliedCalibrations>1 0</appliedCalibrations>
    <numParam>0</numParam>
    <paramSet>1 0</paramSet>
    <numInvalidConditions>1</numInvalidConditions>
    <invalidConditions>1 1 ANTENNA_DISCONNECT</invalidConditions>
    <timeReduced>4832949979221537000</timeReduced>
    <messages>none</messages>
    <software>TELCAL</software>
    <softwareVersion>0.0</softwareVersion>
  </row>
  <row>
    <calReductionId>CalReduction_12</calReductionId>
    <numApplied>0</numApplied>
    <appliedCalibrations>1 0</appliedCalibrations>
    <numParam>0</numParam>
    <paramSet>1 0</paramSet>
    <numInvalidConditions>1</numInvalidConditions>
    <invalidConditions>1 1 ANTENNA_DISCONNECT</invalidConditions>
    <timeReduced>4832949980946787000</timeReduced>
    <messages>none</messages>
    <software>TELCAL</software>
    <softwareVersion>0.0</softwareVersion>
  </row>
  <row>
    <calReductionId>CalReduction_13</calReductionId>
    <numApplied>0</numApplied>
    <appliedCalibrations>1 0</appliedCalibrations>
    <numParam>0</numParam>
    <paramSet>1 0</paramSet>
    <numInvalidConditions>1</numInvalidConditions>
    <invalidConditions>1 1 ANTENNA_DISCONNECT</invalidConditions>
    <timeReduced>4832949983462420000</timeReduced>
    <messages>none</messages>
    <software>TELCAL</software>
    <softwareVersion>0.0</softwareVersion>
  </row>
  <row>
    <calReductionId>CalReduction_14</calReductionId>
    <numApplied>0</numApplied>
    <appliedCalibrations>1 0</appliedCalibrations>
    <numParam>0</numParam>
    <paramSet>1 0</paramSet>
    <numInvalidConditions>1</numInvalidConditions>
    <invalidConditions>1 1 ANTENNA_DISCONNECT</invalidConditions>
    <timeReduced>4832950239798182000</timeReduced>
    <messages>none</messages>
    <software>TELCAL</software>
    <softwareVersion>0.0</softwareVersion>
  </row>
  <row>
    <calReductionId>CalReduction_15</calReductionId>
    <numApplied>0</numApplied>
    <appliedCalibrations>1 0</appliedCalibrations>
    <numParam>2</numParam>
    <paramSet>1 2 "trecMode=AH" "tsysMode=ALPHA"</paramSet>
    <numInvalidConditions>1</numInvalidConditions>
    <invalidConditions>1 1 ANTENNA_DISCONNECT</invalidConditions>
    <timeReduced>4832950242124487000</timeReduced>
    <messages>none</messages>
    <software>TELCAL</software>
    <softwareVersion>0.0</softwareVersion>
  </row>
  <row>
    <calReductionId>CalReduction_16</calReductionId>
    <numApplied>0</numApplied>
    <appliedCalibrations>1 0</appliedCalibrations>
    <numParam>0</numParam>
    <paramSet>1 0</paramSet>
    <numInvalidConditions>1</numInvalidConditions>
    <invalidConditions>1 1 ANTENNA_DISCONNECT</invalidConditions>
    <timeReduced>4832950312199870000</timeReduced>
    <messages>none</messages>
    <software>TELCAL</software>
    <softwareVersion>0.0</softwareVersion>
  </row>
  <row>
    <calReductionId>CalReduction_17</calReductionId>
    <numApplied>0</numApplied>
    <appliedCalibrations>1 0</appliedCalibrations>
    <numParam>0</numParam>
    <paramSet>1 0</paramSet>
    <numInvalidConditions>1</numInvalidConditions>
    <invalidConditions>1 1 ANTENNA_DISCONNECT</invalidConditions>
    <timeReduced>4832950313649521000</timeReduced>
    <messages>none</messages>
    <software>TELCAL</software>
    <softwareVersion>0.0</softwareVersion>
  </row>
  <row>
    <calReductionId>CalReduction_18</calReductionId>
    <numApplied>0</numApplied>
    <appliedCalibrations>1 0</appliedCalibrations>
    <numParam>0</numParam>
    <paramSet>1 0</paramSet>
    <numInvalidConditions>1</numInvalidConditions>
    <invalidConditions>1 1 ANTENNA_DISCONNECT</invalidConditions>
    <timeReduced>4832950382576075000</timeReduced>
    <messages>none</messages>
    <software>TELCAL</software>
    <softwareVersion>0.0</softwareVersion>
  </row>
  <row>
    <calReductionId>CalReduction_19</calReductionId>
    <numApplied>0</numApplied>
    <appliedCalibrations>1 0</appliedCalibrations>
    <numParam>2</numParam>
    <paramSet>1 2 "trecMode=AH" "tsysMode=ALPHA"</paramSet>
    <numInvalidConditions>1</numInvalidConditions>
    <invalidConditions>1 1 ANTENNA_DISCONNECT</invalidConditions>
    <timeReduced>4832950384953372000</timeReduced>
    <messages>none</messages>
    <software>TELCAL</software>
    <softwareVersion>0.0</softwareVersion>
  </row>
  <row>
    <calReductionId>CalReduction_20</calReductionId>
    <numApplied>0</numApplied>
    <appliedCalibrations>1 0</appliedCalibrations>
    <numParam>0</numParam>
    <paramSet>1 0</paramSet>
    <numInvalidConditions>1</numInvalidConditions>
    <invalidConditions>1 1 ANTENNA_DISCONNECT</invalidConditions>
    <timeReduced>4832950854117761000</timeReduced>
    <messages>none</messages>
    <software>TELCAL</software>
    <softwareVersion>0.0</softwareVersion>
  </row>
  <row>
    <calReductionId>CalReduction_21</calReductionId>
    <numApplied>0</numApplied>
    <appliedCalibrations>1 0</appliedCalibrations>
    <numParam>0</numParam>
    <paramSet>1 0</paramSet>
    <numInvalidConditions>1</numInvalidConditions>
    <invalidConditions>1 1 ANTENNA_DISCONNECT</invalidConditions>
    <timeReduced>4832950912376121000</timeReduced>
    <messages>none</messages>
    <software>TELCAL</software>
    <softwareVersion>0.0</softwareVersion>
  </row>
  <row>
    <calReductionId>CalReduction_22</calReductionId>
    <numApplied>0</numApplied>
    <appliedCalibrations>1 0</appliedCalibrations>
    <numParam>2</numParam>
    <paramSet>1 2 "trecMode=AH" "tsysMode=ALPHA"</paramSet>
    <numInvalidConditions>1</numInvalidConditions>
    <invalidConditions>1 1 ANTENNA_DISCONNECT</invalidConditions>
    <timeReduced>4832950914719458000</timeReduced>
    <messages>none</messages>
    <software>TELCAL</software>
    <softwareVersion>0.0</softwareVersion>
  </row>
  <row>
    <calReductionId>CalReduction_23</calReductionId>
    <numApplied>0</numApplied>
    <appliedCalibrations>1 0</appliedCalibrations>
    <numParam>0</numParam>
    <paramSet>1 0</paramSet>
    <numInvalidConditions>1</numInvalidConditions>
    <invalidConditions>1 1 ANTENNA_DISCONNECT</invalidConditions>
    <timeReduced>4832950978157107000</timeReduced>
    <messages>none</messages>
    <software>TELCAL</software>
    <softwareVersion>0.0</softwareVersion>
  </row>
  <row>
    <calReductionId>CalReduction_24</calReductionId>
    <numApplied>0</numApplied>
    <appliedCalibrations>1 0</appliedCalibrations>
    <numParam>0</numParam>
    <paramSet>1 0</paramSet>
    <numInvalidConditions>1</numInvalidConditions>
    <invalidConditions>1 1 ANTENNA_DISCONNECT</invalidConditions>
    <timeReduced>4832950979605424000</timeReduced>
    <messages>none</messages>
    <software>TELCAL</software>
    <softwareVersion>0.0</softwareVersion>
  </row>
  <row>
    <calReductionId>CalReduction_25</calReductionId>
    <numApplied>0</numApplied>
    <appliedCalibrations>1 0</appliedCalibrations>
    <numParam>0</numParam>
    <paramSet>1 0</paramSet>
    <numInvalidConditions>1</numInvalidConditions>
    <invalidConditions>1 1 ANTENNA_DISCONNECT</invalidConditions>
    <timeReduced>4832951044413928000</timeReduced>
    <messages>none</messages>
    <software>TELCAL</software>
    <softwareVersion>0.0</softwareVersion>
  </row>
  <row>
    <calReductionId>CalReduction_26</calReductionId>
    <numApplied>0</numApplied>
    <appliedCalibrations>1 0</appliedCalibrations>
    <numParam>2</numParam>
    <paramSet>1 2 "trecMode=AH" "tsysMode=ALPHA"</paramSet>
    <numInvalidConditions>1</numInvalidConditions>
    <invalidConditions>1 1 ANTENNA_DISCONNECT</invalidConditions>
    <timeReduced>4832951046800379000</timeReduced>
    <messages>none</messages>
    <software>TELCAL</software>
    <softwareVersion>0.0</softwareVersion>
  </row>
  <row>
    <calReductionId>CalReduction_27</calReductionId>
    <numApplied>0</numApplied>
    <appliedCalibrations>1 0</appliedCalibrations>
    <numParam>0</numParam>
    <paramSet>1 0</paramSet>
    <numInvalidConditions>1</numInvalidConditions>
    <invalidConditions>1 1 ANTENNA_DISCONNECT</invalidConditions>
    <timeReduced>4832951509774079000</timeReduced>
    <messages>none</messages>
    <software>TELCAL</software>
    <softwareVersion>0.0</softwareVersion>
  </row>
  <row>
    <calReductionId>CalReduction_28</calReductionId>
    <numApplied>0</numApplied>
    <appliedCalibrations>1 0</appliedCalibrations>
    <numParam>0</numParam>
    <paramSet>1 0</paramSet>
    <numInvalidConditions>1</numInvalidConditions>
    <invalidConditions>1 1 ANTENNA_DISCONNECT</invalidConditions>
    <timeReduced>4832951567905490000</timeReduced>
    <messages>none</messages>
    <software>TELCAL</software>
    <softwareVersion>0.0</softwareVersion>
  </row>
  <row>
    <calReductionId>CalReduction_29</calReductionId>
    <numApplied>0</numApplied>
    <appliedCalibrations>1 0</appliedCalibrations>
    <numParam>2</numParam>
    <paramSet>1 2 "trecMode=AH" "tsysMode=ALPHA"</paramSet>
    <numInvalidConditions>1</numInvalidConditions>
    <invalidConditions>1 1 ANTENNA_DISCONNECT</invalidConditions>
    <timeReduced>4832951570215996000</timeReduced>
    <messages>none</messages>
    <software>TELCAL</software>
    <softwareVersion>0.0</softwareVersion>
  </row>
  <row>
    <calReductionId>CalReduction_30</calReductionId>
    <numApplied>0</numApplied>
    <appliedCalibrations>1 0</appliedCalibrations>
    <numParam>0</numParam>
    <paramSet>1 0</paramSet>
    <numInvalidConditions>1</numInvalidConditions>
    <invalidConditions>1 1 ANTENNA_DISCONNECT</invalidConditions>
    <timeReduced>4832951633363136000</timeReduced>
    <messages>none</messages>
    <software>TELCAL</software>
    <softwareVersion>0.0</softwareVersion>
  </row>
  <row>
    <calReductionId>CalReduction_31</calReductionId>
    <numApplied>0</numApplied>
    <appliedCalibrations>1 0</appliedCalibrations>
    <numParam>0</numParam>
    <paramSet>1 0</paramSet>
    <numInvalidConditions>1</numInvalidConditions>
    <invalidConditions>1 1 ANTENNA_DISCONNECT</invalidConditions>
    <timeReduced>4832951634818806000</timeReduced>
    <messages>none</messages>
    <software>TELCAL</software>
    <softwareVersion>0.0</softwareVersion>
  </row>
  <row>
    <calReductionId>CalReduction_32</calReductionId>
    <numApplied>0</numApplied>
    <appliedCalibrations>1 0</appliedCalibrations>
    <numParam>0</numParam>
    <paramSet>1 0</paramSet>
    <numInvalidConditions>1</numInvalidConditions>
    <invalidConditions>1 1 ANTENNA_DISCONNECT</invalidConditions>
    <timeReduced>4832951636282758000</timeReduced>
    <messages>none</messages>
    <software>TELCAL</software>
    <softwareVersion>0.0</softwareVersion>
  </row>
  <row>
    <calReductionId>CalReduction_33</calReductionId>
    <numApplied>0</numApplied>
    <appliedCalibrations>1 0</appliedCalibrations>
    <numParam>0</numParam>
    <paramSet>1 0</paramSet>
    <numInvalidConditions>1</numInvalidConditions>
    <invalidConditions>1 1 ANTENNA_DISCONNECT</invalidConditions>
    <timeReduced>4832951699721223000</timeReduced>
    <messages>none</messages>
    <software>TELCAL</software>
    <softwareVersion>0.0</softwareVersion>
  </row>
  <row>
    <calReductionId>CalReduction_34</calReductionId>
    <numApplied>0</numApplied>
    <appliedCalibrations>1 0</appliedCalibrations>
    <numParam>2</numParam>
    <paramSet>1 2 "trecMode=AH" "tsysMode=ALPHA"</paramSet>
    <numInvalidConditions>1</numInvalidConditions>
    <invalidConditions>1 1 ANTENNA_DISCONNECT</invalidConditions>
    <timeReduced>4832951702036415000</timeReduced>
    <messages>none</messages>
    <software>TELCAL</software>
    <softwareVersion>0.0</softwareVersion>
  </row>
  <row>
    <calReductionId>CalReduction_35</calReductionId>
    <numApplied>0</numApplied>
    <appliedCalibrations>1 0</appliedCalibrations>
    <numParam>0</numParam>
    <paramSet>1 0</paramSet>
    <numInvalidConditions>1</numInvalidConditions>
    <invalidConditions>1 1 ANTENNA_DISCONNECT</invalidConditions>
    <timeReduced>4832952165269366000</timeReduced>
    <messages>none</messages>
    <software>TELCAL</software>
    <softwareVersion>0.0</softwareVersion>
  </row>
  <row>
    <calReductionId>CalReduction_36</calReductionId>
    <numApplied>0</numApplied>
    <appliedCalibrations>1 0</appliedCalibrations>
    <numParam>0</numParam>
    <paramSet>1 0</paramSet>
    <numInvalidConditions>1</numInvalidConditions>
    <invalidConditions>1 1 ANTENNA_DISCONNECT</invalidConditions>
    <timeReduced>4832952228067367000</timeReduced>
    <messages>none</messages>
    <software>TELCAL</software>
    <softwareVersion>0.0</softwareVersion>
  </row>
  <row>
    <calReductionId>CalReduction_37</calReductionId>
    <numApplied>0</numApplied>
    <appliedCalibrations>1 0</appliedCalibrations>
    <numParam>2</numParam>
    <paramSet>1 2 "trecMode=AH" "tsysMode=ALPHA"</paramSet>
    <numInvalidConditions>1</numInvalidConditions>
    <invalidConditions>1 1 ANTENNA_DISCONNECT</invalidConditions>
    <timeReduced>4832952230411844000</timeReduced>
    <messages>none</messages>
    <software>TELCAL</software>
    <softwareVersion>0.0</softwareVersion>
  </row>
  <row>
    <calReductionId>CalReduction_38</calReductionId>
    <numApplied>0</numApplied>
    <appliedCalibrations>1 0</appliedCalibrations>
    <numParam>0</numParam>
    <paramSet>1 0</paramSet>
    <numInvalidConditions>1</numInvalidConditions>
    <invalidConditions>1 1 ANTENNA_DISCONNECT</invalidConditions>
    <timeReduced>4832952300305421000</timeReduced>
    <messages>none</messages>
    <software>TELCAL</software>
    <softwareVersion>0.0</softwareVersion>
  </row>
  <row>
    <calReductionId>CalReduction_39</calReductionId>
    <numApplied>0</numApplied>
    <appliedCalibrations>1 0</appliedCalibrations>
    <numParam>0</numParam>
    <paramSet>1 0</paramSet>
    <numInvalidConditions>1</numInvalidConditions>
    <invalidConditions>1 1 ANTENNA_DISCONNECT</invalidConditions>
    <timeReduced>4832952301735213000</timeReduced>
    <messages>none</messages>
    <software>TELCAL</software>
    <softwareVersion>0.0</softwareVersion>
  </row>
  <row>
    <calReductionId>CalReduction_40</calReductionId>
    <numApplied>0</numApplied>
    <appliedCalibrations>1 0</appliedCalibrations>
    <numParam>0</numParam>
    <paramSet>1 0</paramSet>
    <numInvalidConditions>1</numInvalidConditions>
    <invalidConditions>1 1 ANTENNA_DISCONNECT</invalidConditions>
    <timeReduced>4832952303264777000</timeReduced>
    <messages>none</messages>
    <software>TELCAL</software>
    <softwareVersion>0.0</softwareVersion>
  </row>
  <row>
    <calReductionId>CalReduction_41</calReductionId>
    <numApplied>0</numApplied>
    <appliedCalibrations>1 0</appliedCalibrations>
    <numParam>0</numParam>
    <paramSet>1 0</paramSet>
    <numInvalidConditions>1</numInvalidConditions>
    <invalidConditions>1 1 ANTENNA_DISCONNECT</invalidConditions>
    <timeReduced>4832952371652613000</timeReduced>
    <messages>none</messages>
    <software>TELCAL</software>
    <softwareVersion>0.0</softwareVersion>
  </row>
  <row>
    <calReductionId>CalReduction_42</calReductionId>
    <numApplied>0</numApplied>
    <appliedCalibrations>1 0</appliedCalibrations>
    <numParam>2</numParam>
    <paramSet>1 2 "trecMode=AH" "tsysMode=ALPHA"</paramSet>
    <numInvalidConditions>1</numInvalidConditions>
    <invalidConditions>1 1 ANTENNA_DISCONNECT</invalidConditions>
    <timeReduced>4832952373998141000</timeReduced>
    <messages>none</messages>
    <software>TELCAL</software>
    <softwareVersion>0.0</softwareVersion>
  </row>
  <row>
    <calReductionId>CalReduction_43</calReductionId>
    <numApplied>0</numApplied>
    <appliedCalibrations>1 0</appliedCalibrations>
    <numParam>0</numParam>
    <paramSet>1 0</paramSet>
    <numInvalidConditions>1</numInvalidConditions>
    <invalidConditions>1 1 ANTENNA_DISCONNECT</invalidConditions>
    <timeReduced>4832952844113672000</timeReduced>
    <messages>none</messages>
    <software>TELCAL</software>
    <softwareVersion>0.0</softwareVersion>
  </row>
  <row>
    <calReductionId>CalReduction_44</calReductionId>
    <numApplied>0</numApplied>
    <appliedCalibrations>1 0</appliedCalibrations>
    <numParam>0</numParam>
    <paramSet>1 0</paramSet>
    <numInvalidConditions>1</numInvalidConditions>
    <invalidConditions>1 1 ANTENNA_DISCONNECT</invalidConditions>
    <timeReduced>4832952901451733000</timeReduced>
    <messages>none</messages>
    <software>TELCAL</software>
    <softwareVersion>0.0</softwareVersion>
  </row>
  <row>
    <calReductionId>CalReduction_45</calReductionId>
    <numApplied>0</numApplied>
    <appliedCalibrations>1 0</appliedCalibrations>
    <numParam>2</numParam>
    <paramSet>1 2 "trecMode=AH" "tsysMode=ALPHA"</paramSet>
    <numInvalidConditions>1</numInvalidConditions>
    <invalidConditions>1 1 ANTENNA_DISCONNECT</invalidConditions>
    <timeReduced>4832952903768682000</timeReduced>
    <messages>none</messages>
    <software>TELCAL</software>
    <softwareVersion>0.0</softwareVersion>
  </row>
  <row>
    <calReductionId>CalReduction_46</calReductionId>
    <numApplied>0</numApplied>
    <appliedCalibrations>1 0</appliedCalibrations>
    <numParam>0</numParam>
    <paramSet>1 0</paramSet>
    <numInvalidConditions>1</numInvalidConditions>
    <invalidConditions>1 1 ANTENNA_DISCONNECT</invalidConditions>
    <timeReduced>4832952967285529000</timeReduced>
    <messages>none</messages>
    <software>TELCAL</software>
    <softwareVersion>0.0</softwareVersion>
  </row>
  <row>
    <calReductionId>CalReduction_47</calReductionId>
    <numApplied>0</numApplied>
    <appliedCalibrations>1 0</appliedCalibrations>
    <numParam>0</numParam>
    <paramSet>1 0</paramSet>
    <numInvalidConditions>1</numInvalidConditions>
    <invalidConditions>1 1 ANTENNA_DISCONNECT</invalidConditions>
    <timeReduced>4832952968731253000</timeReduced>
    <messages>none</messages>
    <software>TELCAL</software>
    <softwareVersion>0.0</softwareVersion>
  </row>
  <row>
    <calReductionId>CalReduction_48</calReductionId>
    <numApplied>0</numApplied>
    <appliedCalibrations>1 0</appliedCalibrations>
    <numParam>0</numParam>
    <paramSet>1 0</paramSet>
    <numInvalidConditions>1</numInvalidConditions>
    <invalidConditions>1 1 ANTENNA_DISCONNECT</invalidConditions>
    <timeReduced>4832952970247523000</timeReduced>
    <messages>none</messages>
    <software>TELCAL</software>
    <softwareVersion>0.0</softwareVersion>
  </row>
  <row>
    <calReductionId>CalReduction_49</calReductionId>
    <numApplied>0</numApplied>
    <appliedCalibrations>1 0</appliedCalibrations>
    <numParam>0</numParam>
    <paramSet>1 0</paramSet>
    <numInvalidConditions>1</numInvalidConditions>
    <invalidConditions>1 1 ANTENNA_DISCONNECT</invalidConditions>
    <timeReduced>4832953033454017000</timeReduced>
    <messages>none</messages>
    <software>TELCAL</software>
    <softwareVersion>0.0</softwareVersion>
  </row>
  <row>
    <calReductionId>CalReduction_50</calReductionId>
    <numApplied>0</numApplied>
    <appliedCalibrations>1 0</appliedCalibrations>
    <numParam>2</numParam>
    <paramSet>1 2 "trecMode=AH" "tsysMode=ALPHA"</paramSet>
    <numInvalidConditions>1</numInvalidConditions>
    <invalidConditions>1 1 ANTENNA_DISCONNECT</invalidConditions>
    <timeReduced>4832953035779005000</timeReduced>
    <messages>none</messages>
    <software>TELCAL</software>
    <softwareVersion>0.0</softwareVersion>
  </row>
  <row>
    <calReductionId>CalReduction_51</calReductionId>
    <numApplied>0</numApplied>
    <appliedCalibrations>1 0</appliedCalibrations>
    <numParam>0</numParam>
    <paramSet>1 0</paramSet>
    <numInvalidConditions>1</numInvalidConditions>
    <invalidConditions>1 1 ANTENNA_DISCONNECT</invalidConditions>
    <timeReduced>4832953135822281000</timeReduced>
    <messages>none</messages>
    <software>TELCAL</software>
    <softwareVersion>0.0</softwareVersion>
  </row>
  <row>
    <calReductionId>CalReduction_52</calReductionId>
    <numApplied>0</numApplied>
    <appliedCalibrations>1 0</appliedCalibrations>
    <numParam>0</numParam>
    <paramSet>1 0</paramSet>
    <numInvalidConditions>1</numInvalidConditions>
    <invalidConditions>1 1 ANTENNA_DISCONNECT</invalidConditions>
    <timeReduced>4832953198054977000</timeReduced>
    <messages>none</messages>
    <software>TELCAL</software>
    <softwareVersion>0.0</softwareVersion>
  </row>
  <row>
    <calReductionId>CalReduction_53</calReductionId>
    <numApplied>0</numApplied>
    <appliedCalibrations>1 0</appliedCalibrations>
    <numParam>0</numParam>
    <paramSet>1 0</paramSet>
    <numInvalidConditions>1</numInvalidConditions>
    <invalidConditions>1 1 ANTENNA_DISCONNECT</invalidConditions>
    <timeReduced>4832953199484746000</timeReduced>
    <messages>none</messages>
    <software>TELCAL</software>
    <softwareVersion>0.0</softwareVersion>
  </row>
  <row>
    <calReductionId>CalReduction_54</calReductionId>
    <numApplied>0</numApplied>
    <appliedCalibrations>1 0</appliedCalibrations>
    <numParam>0</numParam>
    <paramSet>1 0</paramSet>
    <numInvalidConditions>1</numInvalidConditions>
    <invalidConditions>1 1 ANTENNA_DISCONNECT</invalidConditions>
    <timeReduced>4832953200925794000</timeReduced>
    <messages>none</messages>
    <software>TELCAL</software>
    <softwareVersion>0.0</softwareVersion>
  </row>
</CalReductionTable>

