<?xml version="1.0" encoding="UTF-8"?>
<CalSeeingTable xmlns:xsi="http://www.w3.org/2001/XMLSchema-instance" xmlns:clsng="http://Alma/XASDM/CalSeeingTable" schemaVersion="3" schemaRevision="1.55.6.5">
  <Entity entityId="uid://A002/X36ab2e/X1" entityIdEncrypted="na" entityTypeName="CalSeeingTable" schemaVersion="1" documentVersion="1" />
  <ContainerEntity entityId="uid://A002/X36a70f/X318" entityIdEncrypted="na" entityTypeName="ASDM" schemaVersion="1" documentVersion="1" />
  <row>
    <atmPhaseCorrection>AP_UNCORRECTED</atmPhaseCorrection>
    <startValidTime>4832950294080000000</startValidTime>
    <endValidTime>4832951615424000000</endValidTime>
    <frequencyRange>1 2 2.39467195859275E11 2.54696895859475E11</frequencyRange>
    <integrationTime>30240000000</integrationTime>
    <numBaseLengths>3</numBaseLengths>
    <baselineLengths>1 3 60.37767791748047 143.82559204101562 227.27349853515625</baselineLengths>
    <phaseRMS>1 3 1.2306206226348877 2.1145076751708984 1.7074286937713623</phaseRMS>
    <seeing>2.068181856884621E-5</seeing>
    <seeingError>0.0</seeingError>
    <calDataId>CalData_33</calDataId>
    <calReductionId>CalReduction_32</calReductionId>
  </row>
  <row>
    <atmPhaseCorrection>AP_UNCORRECTED</atmPhaseCorrection>
    <startValidTime>4832950294080000000</startValidTime>
    <endValidTime>4832952282144000000</endValidTime>
    <frequencyRange>1 2 2.39467195859275E11 2.54696895859475E11</frequencyRange>
    <integrationTime>30240000000</integrationTime>
    <numBaseLengths>3</numBaseLengths>
    <baselineLengths>1 3 60.37767791748047 143.82559204101562 227.27349853515625</baselineLengths>
    <phaseRMS>1 3 1.226826548576355 2.098999500274658 1.863532543182373</phaseRMS>
    <seeing>2.0467650756472722E-5</seeing>
    <seeingError>0.0</seeingError>
    <calDataId>CalData_42</calDataId>
    <calReductionId>CalReduction_40</calReductionId>
  </row>
  <row>
    <atmPhaseCorrection>AP_UNCORRECTED</atmPhaseCorrection>
    <startValidTime>4832950294080000000</startValidTime>
    <endValidTime>4832952948960000000</endValidTime>
    <frequencyRange>1 2 2.39467195859275E11 2.54696895859475E11</frequencyRange>
    <integrationTime>30240000000</integrationTime>
    <numBaseLengths>3</numBaseLengths>
    <baselineLengths>1 3 60.37767791748047 143.82559204101562 227.27349853515625</baselineLengths>
    <phaseRMS>1 3 1.228155493736267 1.9585795402526855 2.0604867935180664</phaseRMS>
    <seeing>1.9874003555742092E-5</seeing>
    <seeingError>0.0</seeingError>
    <calDataId>CalData_51</calDataId>
    <calReductionId>CalReduction_48</calReductionId>
  </row>
  <row>
    <atmPhaseCorrection>AP_UNCORRECTED</atmPhaseCorrection>
    <startValidTime>4832950294080000000</startValidTime>
    <endValidTime>4832953179696000000</endValidTime>
    <frequencyRange>1 2 2.39467195859275E11 2.54696895859475E11</frequencyRange>
    <integrationTime>30240000000</integrationTime>
    <numBaseLengths>3</numBaseLengths>
    <baselineLengths>1 3 60.37767791748047 143.82559204101562 227.27349853515625</baselineLengths>
    <phaseRMS>1 3 1.1921777725219727 1.929372787475586 2.138415813446045</phaseRMS>
    <seeing>1.9241324480390176E-5</seeing>
    <seeingError>0.0</seeingError>
    <calDataId>CalData_58</calDataId>
    <calReductionId>CalReduction_54</calReductionId>
  </row>
</CalSeeingTable>

