<?xml version="1.0" encoding="UTF-8"?>
<ConfigDescriptionTable xmlns:xsi="http://www.w3.org/2001/XMLSchema-instance" xmlns:cnfdsc="http://Alma/XASDM/ConfigDescriptionTable" schemaVersion="3" schemaRevision="1.55.6.5">
  <Entity entityId="uid://A002/X36ab30/X1" entityIdEncrypted="na" entityTypeName="ConfigDescriptionTable" schemaVersion="1" documentVersion="1" />
  <ContainerEntity entityId="uid://A002/X36a70f/X318" entityIdEncrypted="na" entityTypeName="ASDM" schemaVersion="1" documentVersion="1" />
  <row>
    <numAntenna>17</numAntenna>
    <numDataDescription>4</numDataDescription>
    <numFeed>1</numFeed>
    <correlationMode>CROSS_AND_AUTO</correlationMode>
    <configDescriptionId>ConfigDescription_0</configDescriptionId>
    <numAtmPhaseCorrection>1</numAtmPhaseCorrection>
    <atmPhaseCorrection>1 1 AP_UNCORRECTED</atmPhaseCorrection>
    <processorType>CORRELATOR</processorType>
    <spectralType>FULL_RESOLUTION</spectralType>
    <numAssocValues>2</numAssocValues>
    <assocNature>1 2 CHANNEL_AVERAGE BASEBAND_WIDE</assocNature>
    <antennaId>1 17 Antenna_0 Antenna_1 Antenna_2 Antenna_3 Antenna_4 Antenna_5 Antenna_6 Antenna_7 Antenna_8 Antenna_9 Antenna_10 Antenna_11 Antenna_12 Antenna_13 Antenna_14 Antenna_15 Antenna_16</antennaId>
    <assocConfigDescriptionId>1 2 ConfigDescription_1 ConfigDescription_2</assocConfigDescriptionId>
    <dataDescriptionId>1 4 DataDescription_1 DataDescription_3 DataDescription_5 DataDescription_7</dataDescriptionId>
    <feedId>1 17 0 0 0 0 0 0 0 0 0 0 0 0 0 0 0 0 0</feedId>
    <processorId>Processor_0</processorId>
    <switchCycleId>1 4 SwitchCycle_0 SwitchCycle_0 SwitchCycle_0 SwitchCycle_0</switchCycleId>
  </row>
  <row>
    <numAntenna>17</numAntenna>
    <numDataDescription>4</numDataDescription>
    <numFeed>1</numFeed>
    <correlationMode>CROSS_AND_AUTO</correlationMode>
    <configDescriptionId>ConfigDescription_1</configDescriptionId>
    <numAtmPhaseCorrection>1</numAtmPhaseCorrection>
    <atmPhaseCorrection>1 1 AP_UNCORRECTED</atmPhaseCorrection>
    <processorType>CORRELATOR</processorType>
    <spectralType>CHANNEL_AVERAGE</spectralType>
    <numAssocValues>2</numAssocValues>
    <assocNature>1 2 FULL_RESOLUTION BASEBAND_WIDE</assocNature>
    <antennaId>1 17 Antenna_0 Antenna_1 Antenna_2 Antenna_3 Antenna_4 Antenna_5 Antenna_6 Antenna_7 Antenna_8 Antenna_9 Antenna_10 Antenna_11 Antenna_12 Antenna_13 Antenna_14 Antenna_15 Antenna_16</antennaId>
    <assocConfigDescriptionId>1 2 ConfigDescription_0 ConfigDescription_2</assocConfigDescriptionId>
    <dataDescriptionId>1 4 DataDescription_2 DataDescription_4 DataDescription_6 DataDescription_8</dataDescriptionId>
    <feedId>1 17 0 0 0 0 0 0 0 0 0 0 0 0 0 0 0 0 0</feedId>
    <processorId>Processor_0</processorId>
    <switchCycleId>1 4 SwitchCycle_0 SwitchCycle_0 SwitchCycle_0 SwitchCycle_0</switchCycleId>
  </row>
  <row>
    <numAntenna>17</numAntenna>
    <numDataDescription>1</numDataDescription>
    <numFeed>1</numFeed>
    <correlationMode>AUTO_ONLY</correlationMode>
    <configDescriptionId>ConfigDescription_2</configDescriptionId>
    <numAtmPhaseCorrection>1</numAtmPhaseCorrection>
    <atmPhaseCorrection>1 1 AP_UNCORRECTED</atmPhaseCorrection>
    <processorType>RADIOMETER</processorType>
    <spectralType>BASEBAND_WIDE</spectralType>
    <numAssocValues>2</numAssocValues>
    <assocNature>1 2 FULL_RESOLUTION CHANNEL_AVERAGE</assocNature>
    <antennaId>1 17 Antenna_0 Antenna_1 Antenna_2 Antenna_3 Antenna_4 Antenna_5 Antenna_6 Antenna_7 Antenna_8 Antenna_9 Antenna_10 Antenna_11 Antenna_12 Antenna_13 Antenna_14 Antenna_15 Antenna_16</antennaId>
    <assocConfigDescriptionId>1 2 ConfigDescription_0 ConfigDescription_1</assocConfigDescriptionId>
    <dataDescriptionId>1 1 DataDescription_0</dataDescriptionId>
    <feedId>1 17 0 0 0 0 0 0 0 0 0 0 0 0 0 0 0 0 0</feedId>
    <processorId>Processor_1</processorId>
    <switchCycleId>1 1 SwitchCycle_0</switchCycleId>
  </row>
  <row>
    <numAntenna>17</numAntenna>
    <numDataDescription>2</numDataDescription>
    <numFeed>1</numFeed>
    <correlationMode>CROSS_AND_AUTO</correlationMode>
    <configDescriptionId>ConfigDescription_3</configDescriptionId>
    <numAtmPhaseCorrection>1</numAtmPhaseCorrection>
    <atmPhaseCorrection>1 1 AP_UNCORRECTED</atmPhaseCorrection>
    <processorType>CORRELATOR</processorType>
    <spectralType>FULL_RESOLUTION</spectralType>
    <numAssocValues>2</numAssocValues>
    <assocNature>1 2 CHANNEL_AVERAGE BASEBAND_WIDE</assocNature>
    <antennaId>1 17 Antenna_0 Antenna_1 Antenna_2 Antenna_3 Antenna_4 Antenna_5 Antenna_6 Antenna_7 Antenna_8 Antenna_9 Antenna_10 Antenna_11 Antenna_12 Antenna_13 Antenna_14 Antenna_15 Antenna_16</antennaId>
    <assocConfigDescriptionId>1 2 ConfigDescription_4 ConfigDescription_2</assocConfigDescriptionId>
    <dataDescriptionId>1 2 DataDescription_9 DataDescription_11</dataDescriptionId>
    <feedId>1 17 0 0 0 0 0 0 0 0 0 0 0 0 0 0 0 0 0</feedId>
    <processorId>Processor_2</processorId>
    <switchCycleId>1 2 SwitchCycle_0 SwitchCycle_0</switchCycleId>
  </row>
  <row>
    <numAntenna>17</numAntenna>
    <numDataDescription>2</numDataDescription>
    <numFeed>1</numFeed>
    <correlationMode>CROSS_AND_AUTO</correlationMode>
    <configDescriptionId>ConfigDescription_4</configDescriptionId>
    <numAtmPhaseCorrection>1</numAtmPhaseCorrection>
    <atmPhaseCorrection>1 1 AP_UNCORRECTED</atmPhaseCorrection>
    <processorType>CORRELATOR</processorType>
    <spectralType>CHANNEL_AVERAGE</spectralType>
    <numAssocValues>2</numAssocValues>
    <assocNature>1 2 FULL_RESOLUTION BASEBAND_WIDE</assocNature>
    <antennaId>1 17 Antenna_0 Antenna_1 Antenna_2 Antenna_3 Antenna_4 Antenna_5 Antenna_6 Antenna_7 Antenna_8 Antenna_9 Antenna_10 Antenna_11 Antenna_12 Antenna_13 Antenna_14 Antenna_15 Antenna_16</antennaId>
    <assocConfigDescriptionId>1 2 ConfigDescription_3 ConfigDescription_2</assocConfigDescriptionId>
    <dataDescriptionId>1 2 DataDescription_10 DataDescription_12</dataDescriptionId>
    <feedId>1 17 0 0 0 0 0 0 0 0 0 0 0 0 0 0 0 0 0</feedId>
    <processorId>Processor_2</processorId>
    <switchCycleId>1 2 SwitchCycle_0 SwitchCycle_0</switchCycleId>
  </row>
  <row>
    <numAntenna>17</numAntenna>
    <numDataDescription>2</numDataDescription>
    <numFeed>1</numFeed>
    <correlationMode>CROSS_AND_AUTO</correlationMode>
    <configDescriptionId>ConfigDescription_5</configDescriptionId>
    <numAtmPhaseCorrection>1</numAtmPhaseCorrection>
    <atmPhaseCorrection>1 1 AP_UNCORRECTED</atmPhaseCorrection>
    <processorType>CORRELATOR</processorType>
    <spectralType>FULL_RESOLUTION</spectralType>
    <numAssocValues>2</numAssocValues>
    <assocNature>1 2 CHANNEL_AVERAGE BASEBAND_WIDE</assocNature>
    <antennaId>1 17 Antenna_0 Antenna_1 Antenna_2 Antenna_3 Antenna_4 Antenna_5 Antenna_6 Antenna_7 Antenna_8 Antenna_9 Antenna_10 Antenna_11 Antenna_12 Antenna_13 Antenna_14 Antenna_15 Antenna_16</antennaId>
    <assocConfigDescriptionId>1 2 ConfigDescription_6 ConfigDescription_2</assocConfigDescriptionId>
    <dataDescriptionId>1 2 DataDescription_13 DataDescription_15</dataDescriptionId>
    <feedId>1 17 0 0 0 0 0 0 0 0 0 0 0 0 0 0 0 0 0</feedId>
    <processorId>Processor_3</processorId>
    <switchCycleId>1 2 SwitchCycle_0 SwitchCycle_0</switchCycleId>
  </row>
  <row>
    <numAntenna>17</numAntenna>
    <numDataDescription>2</numDataDescription>
    <numFeed>1</numFeed>
    <correlationMode>CROSS_AND_AUTO</correlationMode>
    <configDescriptionId>ConfigDescription_6</configDescriptionId>
    <numAtmPhaseCorrection>1</numAtmPhaseCorrection>
    <atmPhaseCorrection>1 1 AP_UNCORRECTED</atmPhaseCorrection>
    <processorType>CORRELATOR</processorType>
    <spectralType>CHANNEL_AVERAGE</spectralType>
    <numAssocValues>2</numAssocValues>
    <assocNature>1 2 FULL_RESOLUTION BASEBAND_WIDE</assocNature>
    <antennaId>1 17 Antenna_0 Antenna_1 Antenna_2 Antenna_3 Antenna_4 Antenna_5 Antenna_6 Antenna_7 Antenna_8 Antenna_9 Antenna_10 Antenna_11 Antenna_12 Antenna_13 Antenna_14 Antenna_15 Antenna_16</antennaId>
    <assocConfigDescriptionId>1 2 ConfigDescription_5 ConfigDescription_2</assocConfigDescriptionId>
    <dataDescriptionId>1 2 DataDescription_14 DataDescription_16</dataDescriptionId>
    <feedId>1 17 0 0 0 0 0 0 0 0 0 0 0 0 0 0 0 0 0</feedId>
    <processorId>Processor_3</processorId>
    <switchCycleId>1 2 SwitchCycle_0 SwitchCycle_0</switchCycleId>
  </row>
  <row>
    <numAntenna>17</numAntenna>
    <numDataDescription>4</numDataDescription>
    <numFeed>1</numFeed>
    <correlationMode>CROSS_AND_AUTO</correlationMode>
    <configDescriptionId>ConfigDescription_7</configDescriptionId>
    <numAtmPhaseCorrection>1</numAtmPhaseCorrection>
    <atmPhaseCorrection>1 1 AP_UNCORRECTED</atmPhaseCorrection>
    <processorType>CORRELATOR</processorType>
    <spectralType>FULL_RESOLUTION</spectralType>
    <numAssocValues>2</numAssocValues>
    <assocNature>1 2 CHANNEL_AVERAGE BASEBAND_WIDE</assocNature>
    <antennaId>1 17 Antenna_0 Antenna_1 Antenna_2 Antenna_3 Antenna_4 Antenna_5 Antenna_6 Antenna_7 Antenna_8 Antenna_9 Antenna_10 Antenna_11 Antenna_12 Antenna_13 Antenna_14 Antenna_15 Antenna_16</antennaId>
    <assocConfigDescriptionId>1 2 ConfigDescription_8 ConfigDescription_2</assocConfigDescriptionId>
    <dataDescriptionId>1 4 DataDescription_1 DataDescription_3 DataDescription_5 DataDescription_7</dataDescriptionId>
    <feedId>1 17 0 0 0 0 0 0 0 0 0 0 0 0 0 0 0 0 0</feedId>
    <processorId>Processor_3</processorId>
    <switchCycleId>1 4 SwitchCycle_0 SwitchCycle_0 SwitchCycle_0 SwitchCycle_0</switchCycleId>
  </row>
  <row>
    <numAntenna>17</numAntenna>
    <numDataDescription>4</numDataDescription>
    <numFeed>1</numFeed>
    <correlationMode>CROSS_AND_AUTO</correlationMode>
    <configDescriptionId>ConfigDescription_8</configDescriptionId>
    <numAtmPhaseCorrection>1</numAtmPhaseCorrection>
    <atmPhaseCorrection>1 1 AP_UNCORRECTED</atmPhaseCorrection>
    <processorType>CORRELATOR</processorType>
    <spectralType>CHANNEL_AVERAGE</spectralType>
    <numAssocValues>2</numAssocValues>
    <assocNature>1 2 FULL_RESOLUTION BASEBAND_WIDE</assocNature>
    <antennaId>1 17 Antenna_0 Antenna_1 Antenna_2 Antenna_3 Antenna_4 Antenna_5 Antenna_6 Antenna_7 Antenna_8 Antenna_9 Antenna_10 Antenna_11 Antenna_12 Antenna_13 Antenna_14 Antenna_15 Antenna_16</antennaId>
    <assocConfigDescriptionId>1 2 ConfigDescription_7 ConfigDescription_2</assocConfigDescriptionId>
    <dataDescriptionId>1 4 DataDescription_2 DataDescription_4 DataDescription_6 DataDescription_8</dataDescriptionId>
    <feedId>1 17 0 0 0 0 0 0 0 0 0 0 0 0 0 0 0 0 0</feedId>
    <processorId>Processor_3</processorId>
    <switchCycleId>1 4 SwitchCycle_0 SwitchCycle_0 SwitchCycle_0 SwitchCycle_0</switchCycleId>
  </row>
  <row>
    <numAntenna>17</numAntenna>
    <numDataDescription>2</numDataDescription>
    <numFeed>1</numFeed>
    <correlationMode>CROSS_AND_AUTO</correlationMode>
    <configDescriptionId>ConfigDescription_9</configDescriptionId>
    <numAtmPhaseCorrection>1</numAtmPhaseCorrection>
    <atmPhaseCorrection>1 1 AP_UNCORRECTED</atmPhaseCorrection>
    <processorType>CORRELATOR</processorType>
    <spectralType>FULL_RESOLUTION</spectralType>
    <numAssocValues>2</numAssocValues>
    <assocNature>1 2 CHANNEL_AVERAGE BASEBAND_WIDE</assocNature>
    <antennaId>1 17 Antenna_0 Antenna_1 Antenna_2 Antenna_3 Antenna_4 Antenna_5 Antenna_6 Antenna_7 Antenna_8 Antenna_9 Antenna_10 Antenna_11 Antenna_12 Antenna_13 Antenna_14 Antenna_15 Antenna_16</antennaId>
    <assocConfigDescriptionId>1 2 ConfigDescription_10 ConfigDescription_2</assocConfigDescriptionId>
    <dataDescriptionId>1 2 DataDescription_9 DataDescription_11</dataDescriptionId>
    <feedId>1 17 0 0 0 0 0 0 0 0 0 0 0 0 0 0 0 0 0</feedId>
    <processorId>Processor_3</processorId>
    <switchCycleId>1 2 SwitchCycle_0 SwitchCycle_0</switchCycleId>
  </row>
  <row>
    <numAntenna>17</numAntenna>
    <numDataDescription>2</numDataDescription>
    <numFeed>1</numFeed>
    <correlationMode>CROSS_AND_AUTO</correlationMode>
    <configDescriptionId>ConfigDescription_10</configDescriptionId>
    <numAtmPhaseCorrection>1</numAtmPhaseCorrection>
    <atmPhaseCorrection>1 1 AP_UNCORRECTED</atmPhaseCorrection>
    <processorType>CORRELATOR</processorType>
    <spectralType>CHANNEL_AVERAGE</spectralType>
    <numAssocValues>2</numAssocValues>
    <assocNature>1 2 FULL_RESOLUTION BASEBAND_WIDE</assocNature>
    <antennaId>1 17 Antenna_0 Antenna_1 Antenna_2 Antenna_3 Antenna_4 Antenna_5 Antenna_6 Antenna_7 Antenna_8 Antenna_9 Antenna_10 Antenna_11 Antenna_12 Antenna_13 Antenna_14 Antenna_15 Antenna_16</antennaId>
    <assocConfigDescriptionId>1 2 ConfigDescription_9 ConfigDescription_2</assocConfigDescriptionId>
    <dataDescriptionId>1 2 DataDescription_10 DataDescription_12</dataDescriptionId>
    <feedId>1 17 0 0 0 0 0 0 0 0 0 0 0 0 0 0 0 0 0</feedId>
    <processorId>Processor_3</processorId>
    <switchCycleId>1 2 SwitchCycle_0 SwitchCycle_0</switchCycleId>
  </row>
</ConfigDescriptionTable>

