<?xml version="1.0" encoding="UTF-8"?>
<SBSummaryTable xmlns:xsi="http://www.w3.org/2001/XMLSchema-instance" xmlns:sbsmmr="http://Alma/XASDM/SBSummaryTable" schemaVersion="3" schemaRevision="1.55.6.5">
  <Entity entityId="uid://A002/X36ab3e/X1" entityIdEncrypted="na" entityTypeName="SBSummaryTable" schemaVersion="1" documentVersion="1" />
  <ContainerEntity entityId="uid://A002/X36a70f/X318" entityIdEncrypted="na" entityTypeName="ASDM" schemaVersion="1" documentVersion="1" />
  <row>
    <sBSummaryId>SBSummary_0</sBSummaryId>
    <sbSummaryUID>
      <EntityRef entityId="uid://A002/X303d22/X7a" partId="X00000000" entityTypeName="SchedBlock" documentVersion="1" />
    </sbSummaryUID>
    <projectUID>
      <EntityRef entityId="uid://A001/X3b/X6a2" partId="X00000000" entityTypeName="ObsProject" documentVersion="1" />
    </projectUID>
    <obsUnitSetUID>
      <EntityRef entityId="uid://A001/X3b/X6a2" partId="X00000000" entityTypeName="ObsProject" documentVersion="1" />
    </obsUnitSetUID>
    <frequency>253.9600137310112</frequency>
    <frequencyBand>UNSPECIFIED</frequencyBand>
    <sbType>OBSERVER</sbType>
    <sbDuration>604800000000000</sbDuration>
    <numObservingMode>1</numObservingMode>
    <observingMode>1 1 "none"</observingMode>
    <numberRepeats>100</numberRepeats>
    <numScienceGoal>4</numScienceGoal>
    <scienceGoal>1 4 "representativeFrequency = 253.9600137310112 GHz" "minAcceptableAngResolution = 0.0 arcsec" "maxAcceptableAngResolution = 0.0 arcsec" "dynamicRange = 1.0"</scienceGoal>
    <numWeatherConstraint>3</numWeatherConstraint>
    <weatherConstraint>1 3 "maxPWVC = 1.7000000476837158 mm" "seeing = 0.0 arcsec" "phaseStability = 0.0 deg"</weatherConstraint>
  </row>
</SBSummaryTable>

