<?xml version="1.0" encoding="UTF-8"?>
<ScanTable xmlns:xsi="http://www.w3.org/2001/XMLSchema-instance" xmlns:scn="http://Alma/XASDM/ScanTable" schemaVersion="3" schemaRevision="1.55.6.5">
  <Entity entityId="uid://A002/X36ab3f/X1" entityIdEncrypted="na" entityTypeName="ScanTable" schemaVersion="1" documentVersion="1" />
  <ContainerEntity entityId="uid://A002/X36a70f/X318" entityIdEncrypted="na" entityTypeName="ASDM" schemaVersion="1" documentVersion="1" />
  <row>
    <scanNumber>1</scanNumber>
    <startTime>4832948925527000000</startTime>
    <endTime>4832949020267000000</endTime>
    <numIntent>2</numIntent>
    <numSubscan>5</numSubscan>
    <scanIntent>1 2 CALIBRATE_POINTING CALIBRATE_WVR</scanIntent>
    <calDataType>1 2 CHANNEL_AVERAGE_CROSS WVR</calDataType>
    <calibrationOnLine>1 2 true true</calibrationOnLine>
    <calibrationFunction>1 2 UNSPECIFIED UNSPECIFIED</calibrationFunction>
    <calibrationSet>1 2 NONE NONE</calibrationSet>
    <calPattern>1 2 FIVE_POINTS NONE</calPattern>
    <numField>1</numField>
    <fieldName>1 1 "J0522-364"</fieldName>
    <sourceName>J0522-364</sourceName>
    <execBlockId>ExecBlock_0</execBlockId>
  </row>
  <row>
    <scanNumber>2</scanNumber>
    <startTime>4832949064391000000</startTime>
    <endTime>4832949170415000000</endTime>
    <numIntent>2</numIntent>
    <numSubscan>2</numSubscan>
    <scanIntent>1 2 CALIBRATE_SIDEBAND_RATIO CALIBRATE_WVR</scanIntent>
    <calDataType>1 2 CHANNEL_AVERAGE_CROSS WVR</calDataType>
    <calibrationOnLine>1 2 true true</calibrationOnLine>
    <calibrationFunction>1 2 UNSPECIFIED UNSPECIFIED</calibrationFunction>
    <calibrationSet>1 2 NONE NONE</calibrationSet>
    <calPattern>1 2 NONE NONE</calPattern>
    <numField>1</numField>
    <fieldName>1 1 "J0522-364"</fieldName>
    <sourceName>J0522-364</sourceName>
    <execBlockId>ExecBlock_0</execBlockId>
  </row>
  <row>
    <scanNumber>3</scanNumber>
    <startTime>4832949200157000000</startTime>
    <endTime>4832949263673000000</endTime>
    <numIntent>2</numIntent>
    <numSubscan>3</numSubscan>
    <scanIntent>1 2 CALIBRATE_ATMOSPHERE CALIBRATE_WVR</scanIntent>
    <calDataType>1 2 FULL_RESOLUTION_AUTO WVR</calDataType>
    <calibrationOnLine>1 2 true true</calibrationOnLine>
    <calibrationFunction>1 2 UNSPECIFIED UNSPECIFIED</calibrationFunction>
    <calibrationSet>1 2 NONE NONE</calibrationSet>
    <calPattern>1 2 NONE NONE</calPattern>
    <numField>1</numField>
    <fieldName>1 1 "J0522-364"</fieldName>
    <sourceName>J0522-364</sourceName>
    <execBlockId>ExecBlock_0</execBlockId>
  </row>
  <row>
    <scanNumber>4</scanNumber>
    <startTime>4832949299446000000</startTime>
    <endTime>4832949520897000000</endTime>
    <numIntent>3</numIntent>
    <numSubscan>6</numSubscan>
    <scanIntent>1 3 CALIBRATE_BANDPASS CALIBRATE_PHASE CALIBRATE_WVR</scanIntent>
    <calDataType>1 3 FULL_RESOLUTION_CROSS CHANNEL_AVERAGE_CROSS WVR</calDataType>
    <calibrationOnLine>1 3 true true true</calibrationOnLine>
    <calibrationFunction>1 3 UNSPECIFIED UNSPECIFIED UNSPECIFIED</calibrationFunction>
    <calibrationSet>1 3 NONE NONE NONE</calibrationSet>
    <calPattern>1 3 NONE NONE NONE</calPattern>
    <numField>1</numField>
    <fieldName>1 1 "J0522-364"</fieldName>
    <sourceName>J0522-364</sourceName>
    <execBlockId>ExecBlock_0</execBlockId>
  </row>
  <row>
    <scanNumber>5</scanNumber>
    <startTime>4832949589249000000</startTime>
    <endTime>4832949682134000000</endTime>
    <numIntent>2</numIntent>
    <numSubscan>5</numSubscan>
    <scanIntent>1 2 CALIBRATE_POINTING CALIBRATE_WVR</scanIntent>
    <calDataType>1 2 CHANNEL_AVERAGE_CROSS WVR</calDataType>
    <calibrationOnLine>1 2 true true</calibrationOnLine>
    <calibrationFunction>1 2 UNSPECIFIED UNSPECIFIED</calibrationFunction>
    <calibrationSet>1 2 NONE NONE</calibrationSet>
    <calPattern>1 2 FIVE_POINTS NONE</calPattern>
    <numField>1</numField>
    <fieldName>1 1 "J0238+166"</fieldName>
    <sourceName>J0238+166</sourceName>
    <execBlockId>ExecBlock_0</execBlockId>
  </row>
  <row>
    <scanNumber>6</scanNumber>
    <startTime>4832949743913000000</startTime>
    <endTime>4832949798071000000</endTime>
    <numIntent>2</numIntent>
    <numSubscan>3</numSubscan>
    <scanIntent>1 2 CALIBRATE_ATMOSPHERE CALIBRATE_WVR</scanIntent>
    <calDataType>1 2 FULL_RESOLUTION_AUTO WVR</calDataType>
    <calibrationOnLine>1 2 true true</calibrationOnLine>
    <calibrationFunction>1 2 UNSPECIFIED UNSPECIFIED</calibrationFunction>
    <calibrationSet>1 2 NONE NONE</calibrationSet>
    <calPattern>1 2 NONE NONE</calPattern>
    <numField>1</numField>
    <fieldName>1 1 "Callisto"</fieldName>
    <sourceName>Callisto</sourceName>
    <execBlockId>ExecBlock_0</execBlockId>
  </row>
  <row>
    <scanNumber>7</scanNumber>
    <startTime>4832949826317000000</startTime>
    <endTime>4832949975864000000</endTime>
    <numIntent>3</numIntent>
    <numSubscan>4</numSubscan>
    <scanIntent>1 3 CALIBRATE_AMPLI CALIBRATE_PHASE CALIBRATE_WVR</scanIntent>
    <calDataType>1 3 CHANNEL_AVERAGE_CROSS CHANNEL_AVERAGE_CROSS WVR</calDataType>
    <calibrationOnLine>1 3 true true true</calibrationOnLine>
    <calibrationFunction>1 3 UNSPECIFIED UNSPECIFIED UNSPECIFIED</calibrationFunction>
    <calibrationSet>1 3 NONE NONE NONE</calibrationSet>
    <calPattern>1 3 NONE NONE NONE</calPattern>
    <numField>1</numField>
    <fieldName>1 1 "Callisto"</fieldName>
    <sourceName>Callisto</sourceName>
    <execBlockId>ExecBlock_0</execBlockId>
  </row>
  <row>
    <scanNumber>8</scanNumber>
    <startTime>4832950014577000000</startTime>
    <endTime>4832950107526000000</endTime>
    <numIntent>2</numIntent>
    <numSubscan>5</numSubscan>
    <scanIntent>1 2 CALIBRATE_POINTING CALIBRATE_WVR</scanIntent>
    <calDataType>1 2 CHANNEL_AVERAGE_CROSS WVR</calDataType>
    <calibrationOnLine>1 2 true true</calibrationOnLine>
    <calibrationFunction>1 2 UNSPECIFIED UNSPECIFIED</calibrationFunction>
    <calibrationSet>1 2 NONE NONE</calibrationSet>
    <calPattern>1 2 FIVE_POINTS NONE</calPattern>
    <numField>1</numField>
    <fieldName>1 1 "J0403-360"</fieldName>
    <sourceName>J0403-360</sourceName>
    <execBlockId>ExecBlock_0</execBlockId>
  </row>
  <row>
    <scanNumber>9</scanNumber>
    <startTime>4832950184306000000</startTime>
    <endTime>4832950239121000000</endTime>
    <numIntent>2</numIntent>
    <numSubscan>3</numSubscan>
    <scanIntent>1 2 CALIBRATE_ATMOSPHERE CALIBRATE_WVR</scanIntent>
    <calDataType>1 2 FULL_RESOLUTION_AUTO WVR</calDataType>
    <calibrationOnLine>1 2 true true</calibrationOnLine>
    <calibrationFunction>1 2 UNSPECIFIED UNSPECIFIED</calibrationFunction>
    <calibrationSet>1 2 NONE NONE</calibrationSet>
    <calPattern>1 2 NONE NONE</calPattern>
    <numField>1</numField>
    <fieldName>1 1 "J0403-360"</fieldName>
    <sourceName>J0403-360</sourceName>
    <execBlockId>ExecBlock_0</execBlockId>
  </row>
  <row>
    <scanNumber>10</scanNumber>
    <startTime>4832950267583000000</startTime>
    <endTime>4832950310837000000</endTime>
    <numIntent>2</numIntent>
    <numSubscan>1</numSubscan>
    <scanIntent>1 2 CALIBRATE_PHASE CALIBRATE_WVR</scanIntent>
    <calDataType>1 2 CHANNEL_AVERAGE_CROSS WVR</calDataType>
    <calibrationOnLine>1 2 true true</calibrationOnLine>
    <calibrationFunction>1 2 FIRST UNSPECIFIED</calibrationFunction>
    <calibrationSet>1 2 PHASE_CURVE NONE</calibrationSet>
    <calPattern>1 2 NONE NONE</calPattern>
    <numField>1</numField>
    <fieldName>1 1 "J0403-360"</fieldName>
    <sourceName>J0403-360</sourceName>
    <execBlockId>ExecBlock_0</execBlockId>
  </row>
  <row>
    <scanNumber>11</scanNumber>
    <startTime>4832950327120000000</startTime>
    <endTime>4832950381904000000</endTime>
    <numIntent>2</numIntent>
    <numSubscan>3</numSubscan>
    <scanIntent>1 2 CALIBRATE_ATMOSPHERE CALIBRATE_WVR</scanIntent>
    <calDataType>1 2 FULL_RESOLUTION_AUTO WVR</calDataType>
    <calibrationOnLine>1 2 true true</calibrationOnLine>
    <calibrationFunction>1 2 UNSPECIFIED UNSPECIFIED</calibrationFunction>
    <calibrationSet>1 2 NONE NONE</calibrationSet>
    <calPattern>1 2 NONE NONE</calPattern>
    <numField>1</numField>
    <fieldName>1 1 "LESS J0332-2756"</fieldName>
    <sourceName>LESS J0332-2756</sourceName>
    <execBlockId>ExecBlock_0</execBlockId>
  </row>
  <row>
    <scanNumber>12</scanNumber>
    <startTime>4832950410215000000</startTime>
    <endTime>4832950844930000000</endTime>
    <numIntent>2</numIntent>
    <numSubscan>12</numSubscan>
    <scanIntent>1 2 OBSERVE_TARGET CALIBRATE_WVR</scanIntent>
    <calDataType>1 2 NONE WVR</calDataType>
    <calibrationOnLine>1 2 false true</calibrationOnLine>
    <calibrationFunction>1 2 UNSPECIFIED UNSPECIFIED</calibrationFunction>
    <calibrationSet>1 2 NONE UNSPECIFIED</calibrationSet>
    <calPattern>1 2 NONE UNSPECIFIED</calPattern>
    <numField>1</numField>
    <fieldName>1 1 "LESS J0332-2756"</fieldName>
    <sourceName>LESS J0332-2756</sourceName>
    <execBlockId>ExecBlock_0</execBlockId>
  </row>
  <row>
    <scanNumber>13</scanNumber>
    <startTime>4832950861748000000</startTime>
    <endTime>4832950911657000000</endTime>
    <numIntent>2</numIntent>
    <numSubscan>3</numSubscan>
    <scanIntent>1 2 CALIBRATE_ATMOSPHERE CALIBRATE_WVR</scanIntent>
    <calDataType>1 2 FULL_RESOLUTION_AUTO WVR</calDataType>
    <calibrationOnLine>1 2 true true</calibrationOnLine>
    <calibrationFunction>1 2 UNSPECIFIED UNSPECIFIED</calibrationFunction>
    <calibrationSet>1 2 NONE NONE</calibrationSet>
    <calPattern>1 2 NONE NONE</calPattern>
    <numField>1</numField>
    <fieldName>1 1 "J0403-360"</fieldName>
    <sourceName>J0403-360</sourceName>
    <execBlockId>ExecBlock_0</execBlockId>
  </row>
  <row>
    <scanNumber>14</scanNumber>
    <startTime>4832950933798000000</startTime>
    <endTime>4832950976906000000</endTime>
    <numIntent>2</numIntent>
    <numSubscan>1</numSubscan>
    <scanIntent>1 2 CALIBRATE_PHASE CALIBRATE_WVR</scanIntent>
    <calDataType>1 2 CHANNEL_AVERAGE_CROSS WVR</calDataType>
    <calibrationOnLine>1 2 true true</calibrationOnLine>
    <calibrationFunction>1 2 UNSPECIFIED UNSPECIFIED</calibrationFunction>
    <calibrationSet>1 2 PHASE_CURVE NONE</calibrationSet>
    <calPattern>1 2 NONE NONE</calPattern>
    <numField>1</numField>
    <fieldName>1 1 "J0403-360"</fieldName>
    <sourceName>J0403-360</sourceName>
    <execBlockId>ExecBlock_0</execBlockId>
  </row>
  <row>
    <scanNumber>15</scanNumber>
    <startTime>4832950994053000000</startTime>
    <endTime>4832951043700000000</endTime>
    <numIntent>2</numIntent>
    <numSubscan>3</numSubscan>
    <scanIntent>1 2 CALIBRATE_ATMOSPHERE CALIBRATE_WVR</scanIntent>
    <calDataType>1 2 FULL_RESOLUTION_AUTO WVR</calDataType>
    <calibrationOnLine>1 2 true true</calibrationOnLine>
    <calibrationFunction>1 2 UNSPECIFIED UNSPECIFIED</calibrationFunction>
    <calibrationSet>1 2 NONE NONE</calibrationSet>
    <calPattern>1 2 NONE NONE</calPattern>
    <numField>1</numField>
    <fieldName>1 1 "LESS J0332-2756"</fieldName>
    <sourceName>LESS J0332-2756</sourceName>
    <execBlockId>ExecBlock_0</execBlockId>
  </row>
  <row>
    <scanNumber>16</scanNumber>
    <startTime>4832951065354000000</startTime>
    <endTime>4832951500243000000</endTime>
    <numIntent>2</numIntent>
    <numSubscan>12</numSubscan>
    <scanIntent>1 2 OBSERVE_TARGET CALIBRATE_WVR</scanIntent>
    <calDataType>1 2 NONE WVR</calDataType>
    <calibrationOnLine>1 2 false true</calibrationOnLine>
    <calibrationFunction>1 2 UNSPECIFIED UNSPECIFIED</calibrationFunction>
    <calibrationSet>1 2 NONE UNSPECIFIED</calibrationSet>
    <calPattern>1 2 NONE UNSPECIFIED</calPattern>
    <numField>1</numField>
    <fieldName>1 1 "LESS J0332-2756"</fieldName>
    <sourceName>LESS J0332-2756</sourceName>
    <execBlockId>ExecBlock_0</execBlockId>
  </row>
  <row>
    <scanNumber>17</scanNumber>
    <startTime>4832951516848000000</startTime>
    <endTime>4832951567125000000</endTime>
    <numIntent>2</numIntent>
    <numSubscan>3</numSubscan>
    <scanIntent>1 2 CALIBRATE_ATMOSPHERE CALIBRATE_WVR</scanIntent>
    <calDataType>1 2 FULL_RESOLUTION_AUTO WVR</calDataType>
    <calibrationOnLine>1 2 true true</calibrationOnLine>
    <calibrationFunction>1 2 UNSPECIFIED UNSPECIFIED</calibrationFunction>
    <calibrationSet>1 2 NONE NONE</calibrationSet>
    <calPattern>1 2 NONE NONE</calPattern>
    <numField>1</numField>
    <fieldName>1 1 "J0403-360"</fieldName>
    <sourceName>J0403-360</sourceName>
    <execBlockId>ExecBlock_0</execBlockId>
  </row>
  <row>
    <scanNumber>18</scanNumber>
    <startTime>4832951588873000000</startTime>
    <endTime>4832951632037000000</endTime>
    <numIntent>2</numIntent>
    <numSubscan>1</numSubscan>
    <scanIntent>1 2 CALIBRATE_PHASE CALIBRATE_WVR</scanIntent>
    <calDataType>1 2 CHANNEL_AVERAGE_CROSS WVR</calDataType>
    <calibrationOnLine>1 2 true true</calibrationOnLine>
    <calibrationFunction>1 2 LAST UNSPECIFIED</calibrationFunction>
    <calibrationSet>1 2 PHASE_CURVE NONE</calibrationSet>
    <calPattern>1 2 NONE NONE</calPattern>
    <numField>1</numField>
    <fieldName>1 1 "J0403-360"</fieldName>
    <sourceName>J0403-360</sourceName>
    <execBlockId>ExecBlock_0</execBlockId>
  </row>
  <row>
    <scanNumber>19</scanNumber>
    <startTime>4832951649048000000</startTime>
    <endTime>4832951698900000000</endTime>
    <numIntent>2</numIntent>
    <numSubscan>3</numSubscan>
    <scanIntent>1 2 CALIBRATE_ATMOSPHERE CALIBRATE_WVR</scanIntent>
    <calDataType>1 2 FULL_RESOLUTION_AUTO WVR</calDataType>
    <calibrationOnLine>1 2 true true</calibrationOnLine>
    <calibrationFunction>1 2 UNSPECIFIED UNSPECIFIED</calibrationFunction>
    <calibrationSet>1 2 NONE NONE</calibrationSet>
    <calPattern>1 2 NONE NONE</calPattern>
    <numField>1</numField>
    <fieldName>1 1 "LESS J0332-2756"</fieldName>
    <sourceName>LESS J0332-2756</sourceName>
    <execBlockId>ExecBlock_0</execBlockId>
  </row>
  <row>
    <scanNumber>20</scanNumber>
    <startTime>4832951720912000000</startTime>
    <endTime>4832952155883000000</endTime>
    <numIntent>2</numIntent>
    <numSubscan>12</numSubscan>
    <scanIntent>1 2 OBSERVE_TARGET CALIBRATE_WVR</scanIntent>
    <calDataType>1 2 NONE WVR</calDataType>
    <calibrationOnLine>1 2 false true</calibrationOnLine>
    <calibrationFunction>1 2 UNSPECIFIED UNSPECIFIED</calibrationFunction>
    <calibrationSet>1 2 NONE UNSPECIFIED</calibrationSet>
    <calPattern>1 2 NONE UNSPECIFIED</calPattern>
    <numField>1</numField>
    <fieldName>1 1 "LESS J0332-2756"</fieldName>
    <sourceName>LESS J0332-2756</sourceName>
    <execBlockId>ExecBlock_0</execBlockId>
  </row>
  <row>
    <scanNumber>21</scanNumber>
    <startTime>4832952172000000000</startTime>
    <endTime>4832952227209000000</endTime>
    <numIntent>2</numIntent>
    <numSubscan>3</numSubscan>
    <scanIntent>1 2 CALIBRATE_ATMOSPHERE CALIBRATE_WVR</scanIntent>
    <calDataType>1 2 FULL_RESOLUTION_AUTO WVR</calDataType>
    <calibrationOnLine>1 2 true true</calibrationOnLine>
    <calibrationFunction>1 2 UNSPECIFIED UNSPECIFIED</calibrationFunction>
    <calibrationSet>1 2 NONE NONE</calibrationSet>
    <calPattern>1 2 NONE NONE</calPattern>
    <numField>1</numField>
    <fieldName>1 1 "J0403-360"</fieldName>
    <sourceName>J0403-360</sourceName>
    <execBlockId>ExecBlock_0</execBlockId>
  </row>
  <row>
    <scanNumber>22</scanNumber>
    <startTime>4832952255649000000</startTime>
    <endTime>4832952298916000000</endTime>
    <numIntent>2</numIntent>
    <numSubscan>1</numSubscan>
    <scanIntent>1 2 CALIBRATE_PHASE CALIBRATE_WVR</scanIntent>
    <calDataType>1 2 CHANNEL_AVERAGE_CROSS WVR</calDataType>
    <calibrationOnLine>1 2 true true</calibrationOnLine>
    <calibrationFunction>1 2 LAST UNSPECIFIED</calibrationFunction>
    <calibrationSet>1 2 PHASE_CURVE NONE</calibrationSet>
    <calPattern>1 2 NONE NONE</calPattern>
    <numField>1</numField>
    <fieldName>1 1 "J0403-360"</fieldName>
    <sourceName>J0403-360</sourceName>
    <execBlockId>ExecBlock_0</execBlockId>
  </row>
  <row>
    <scanNumber>23</scanNumber>
    <startTime>4832952315988000000</startTime>
    <endTime>4832952370713000000</endTime>
    <numIntent>2</numIntent>
    <numSubscan>3</numSubscan>
    <scanIntent>1 2 CALIBRATE_ATMOSPHERE CALIBRATE_WVR</scanIntent>
    <calDataType>1 2 FULL_RESOLUTION_AUTO WVR</calDataType>
    <calibrationOnLine>1 2 true true</calibrationOnLine>
    <calibrationFunction>1 2 UNSPECIFIED UNSPECIFIED</calibrationFunction>
    <calibrationSet>1 2 NONE NONE</calibrationSet>
    <calPattern>1 2 NONE NONE</calPattern>
    <numField>1</numField>
    <fieldName>1 1 "LESS J0332-2756"</fieldName>
    <sourceName>LESS J0332-2756</sourceName>
    <execBlockId>ExecBlock_0</execBlockId>
  </row>
  <row>
    <scanNumber>24</scanNumber>
    <startTime>4832952399361000000</startTime>
    <endTime>4832952834338000000</endTime>
    <numIntent>2</numIntent>
    <numSubscan>12</numSubscan>
    <scanIntent>1 2 OBSERVE_TARGET CALIBRATE_WVR</scanIntent>
    <calDataType>1 2 NONE WVR</calDataType>
    <calibrationOnLine>1 2 false true</calibrationOnLine>
    <calibrationFunction>1 2 UNSPECIFIED UNSPECIFIED</calibrationFunction>
    <calibrationSet>1 2 NONE UNSPECIFIED</calibrationSet>
    <calPattern>1 2 NONE UNSPECIFIED</calPattern>
    <numField>1</numField>
    <fieldName>1 1 "LESS J0332-2756"</fieldName>
    <sourceName>LESS J0332-2756</sourceName>
    <execBlockId>ExecBlock_0</execBlockId>
  </row>
  <row>
    <scanNumber>25</scanNumber>
    <startTime>4832952850495000000</startTime>
    <endTime>4832952900527000000</endTime>
    <numIntent>2</numIntent>
    <numSubscan>3</numSubscan>
    <scanIntent>1 2 CALIBRATE_ATMOSPHERE CALIBRATE_WVR</scanIntent>
    <calDataType>1 2 FULL_RESOLUTION_AUTO WVR</calDataType>
    <calibrationOnLine>1 2 true true</calibrationOnLine>
    <calibrationFunction>1 2 UNSPECIFIED UNSPECIFIED</calibrationFunction>
    <calibrationSet>1 2 NONE NONE</calibrationSet>
    <calPattern>1 2 NONE NONE</calPattern>
    <numField>1</numField>
    <fieldName>1 1 "J0403-360"</fieldName>
    <sourceName>J0403-360</sourceName>
    <execBlockId>ExecBlock_0</execBlockId>
  </row>
  <row>
    <scanNumber>26</scanNumber>
    <startTime>4832952922617000000</startTime>
    <endTime>4832952965738000000</endTime>
    <numIntent>2</numIntent>
    <numSubscan>1</numSubscan>
    <scanIntent>1 2 CALIBRATE_PHASE CALIBRATE_WVR</scanIntent>
    <calDataType>1 2 CHANNEL_AVERAGE_CROSS WVR</calDataType>
    <calibrationOnLine>1 2 true true</calibrationOnLine>
    <calibrationFunction>1 2 LAST UNSPECIFIED</calibrationFunction>
    <calibrationSet>1 2 PHASE_CURVE NONE</calibrationSet>
    <calPattern>1 2 NONE NONE</calPattern>
    <numField>1</numField>
    <fieldName>1 1 "J0403-360"</fieldName>
    <sourceName>J0403-360</sourceName>
    <execBlockId>ExecBlock_0</execBlockId>
  </row>
  <row>
    <scanNumber>27</scanNumber>
    <startTime>4832952982747000000</startTime>
    <endTime>4832953032520000000</endTime>
    <numIntent>2</numIntent>
    <numSubscan>3</numSubscan>
    <scanIntent>1 2 CALIBRATE_ATMOSPHERE CALIBRATE_WVR</scanIntent>
    <calDataType>1 2 FULL_RESOLUTION_AUTO WVR</calDataType>
    <calibrationOnLine>1 2 true true</calibrationOnLine>
    <calibrationFunction>1 2 UNSPECIFIED UNSPECIFIED</calibrationFunction>
    <calibrationSet>1 2 NONE NONE</calibrationSet>
    <calPattern>1 2 NONE NONE</calPattern>
    <numField>1</numField>
    <fieldName>1 1 "LESS J0332-2756"</fieldName>
    <sourceName>LESS J0332-2756</sourceName>
    <execBlockId>ExecBlock_0</execBlockId>
  </row>
  <row>
    <scanNumber>28</scanNumber>
    <startTime>4832953054316000000</startTime>
    <endTime>4832953133592000000</endTime>
    <numIntent>2</numIntent>
    <numSubscan>2</numSubscan>
    <scanIntent>1 2 OBSERVE_TARGET CALIBRATE_WVR</scanIntent>
    <calDataType>1 2 NONE WVR</calDataType>
    <calibrationOnLine>1 2 false true</calibrationOnLine>
    <calibrationFunction>1 2 UNSPECIFIED UNSPECIFIED</calibrationFunction>
    <calibrationSet>1 2 NONE UNSPECIFIED</calibrationSet>
    <calPattern>1 2 NONE UNSPECIFIED</calPattern>
    <numField>1</numField>
    <fieldName>1 1 "LESS J0332-2756"</fieldName>
    <sourceName>LESS J0332-2756</sourceName>
    <execBlockId>ExecBlock_0</execBlockId>
  </row>
  <row>
    <scanNumber>29</scanNumber>
    <startTime>4832953153249000000</startTime>
    <endTime>4832953196544000000</endTime>
    <numIntent>2</numIntent>
    <numSubscan>1</numSubscan>
    <scanIntent>1 2 CALIBRATE_PHASE CALIBRATE_WVR</scanIntent>
    <calDataType>1 2 CHANNEL_AVERAGE_CROSS WVR</calDataType>
    <calibrationOnLine>1 2 true true</calibrationOnLine>
    <calibrationFunction>1 2 LAST UNSPECIFIED</calibrationFunction>
    <calibrationSet>1 2 PHASE_CURVE NONE</calibrationSet>
    <calPattern>1 2 NONE NONE</calPattern>
    <numField>1</numField>
    <fieldName>1 1 "J0403-360"</fieldName>
    <sourceName>J0403-360</sourceName>
    <execBlockId>ExecBlock_0</execBlockId>
  </row>
</ScanTable>

