<?xml version="1.0" encoding="UTF-8"?>
<SubscanTable xmlns:xsi="http://www.w3.org/2001/XMLSchema-instance" xmlns:sbscn="http://Alma/XASDM/SubscanTable" schemaVersion="3" schemaRevision="1.55.6.5">
  <Entity entityId="uid://A002/X36ab44/X1" entityIdEncrypted="na" entityTypeName="SubscanTable" schemaVersion="1" documentVersion="1" />
  <ContainerEntity entityId="uid://A002/X36a70f/X318" entityIdEncrypted="na" entityTypeName="ASDM" schemaVersion="1" documentVersion="1" />
  <row>
    <scanNumber>1</scanNumber>
    <subscanNumber>1</subscanNumber>
    <startTime>4832948938608000000</startTime>
    <endTime>4832948948688000000</endTime>
    <fieldName>J0522-364</fieldName>
    <subscanIntent>ON_SOURCE</subscanIntent>
    <subscanMode>NO_SWITCHING</subscanMode>
    <numIntegration>5</numIntegration>
    <numSubintegration>1 5 2 2 2 2 2</numSubintegration>
    <correlatorCalibration>NONE</correlatorCalibration>
    <execBlockId>ExecBlock_0</execBlockId>
  </row>
  <row>
    <scanNumber>1</scanNumber>
    <subscanNumber>2</subscanNumber>
    <startTime>4832948955840000000</startTime>
    <endTime>4832948965920000000</endTime>
    <fieldName>J0522-364</fieldName>
    <subscanIntent>ON_SOURCE</subscanIntent>
    <subscanMode>NO_SWITCHING</subscanMode>
    <numIntegration>5</numIntegration>
    <numSubintegration>1 5 2 2 2 2 2</numSubintegration>
    <correlatorCalibration>NONE</correlatorCalibration>
    <execBlockId>ExecBlock_0</execBlockId>
  </row>
  <row>
    <scanNumber>1</scanNumber>
    <subscanNumber>3</subscanNumber>
    <startTime>4832948973072000000</startTime>
    <endTime>4832948983152000000</endTime>
    <fieldName>J0522-364</fieldName>
    <subscanIntent>ON_SOURCE</subscanIntent>
    <subscanMode>NO_SWITCHING</subscanMode>
    <numIntegration>5</numIntegration>
    <numSubintegration>1 5 2 2 2 2 2</numSubintegration>
    <correlatorCalibration>NONE</correlatorCalibration>
    <execBlockId>ExecBlock_0</execBlockId>
  </row>
  <row>
    <scanNumber>1</scanNumber>
    <subscanNumber>4</subscanNumber>
    <startTime>4832948990304000000</startTime>
    <endTime>4832949000384000000</endTime>
    <fieldName>J0522-364</fieldName>
    <subscanIntent>ON_SOURCE</subscanIntent>
    <subscanMode>NO_SWITCHING</subscanMode>
    <numIntegration>5</numIntegration>
    <numSubintegration>1 5 2 2 2 2 2</numSubintegration>
    <correlatorCalibration>NONE</correlatorCalibration>
    <execBlockId>ExecBlock_0</execBlockId>
  </row>
  <row>
    <scanNumber>1</scanNumber>
    <subscanNumber>5</subscanNumber>
    <startTime>4832949007536000000</startTime>
    <endTime>4832949017616000000</endTime>
    <fieldName>J0522-364</fieldName>
    <subscanIntent>ON_SOURCE</subscanIntent>
    <subscanMode>NO_SWITCHING</subscanMode>
    <numIntegration>5</numIntegration>
    <numSubintegration>1 5 2 2 2 2 2</numSubintegration>
    <correlatorCalibration>NONE</correlatorCalibration>
    <execBlockId>ExecBlock_0</execBlockId>
  </row>
  <row>
    <scanNumber>2</scanNumber>
    <subscanNumber>1</subscanNumber>
    <startTime>4832949081216000000</startTime>
    <endTime>4832949111456000000</endTime>
    <fieldName>J0522-364</fieldName>
    <subscanIntent>ON_SOURCE</subscanIntent>
    <subscanMode>NO_SWITCHING</subscanMode>
    <numIntegration>15</numIntegration>
    <numSubintegration>1 15 2 2 2 2 2 2 2 2 2 2 2 2 2 2 2</numSubintegration>
    <correlatorCalibration>NONE</correlatorCalibration>
    <execBlockId>ExecBlock_0</execBlockId>
  </row>
  <row>
    <scanNumber>2</scanNumber>
    <subscanNumber>2</subscanNumber>
    <startTime>4832949139200000000</startTime>
    <endTime>4832949169440000000</endTime>
    <fieldName>J0522-364</fieldName>
    <subscanIntent>OFF_SOURCE</subscanIntent>
    <subscanMode>NO_SWITCHING</subscanMode>
    <numIntegration>15</numIntegration>
    <numSubintegration>1 15 2 2 2 2 2 2 2 2 2 2 2 2 2 2 2</numSubintegration>
    <correlatorCalibration>NONE</correlatorCalibration>
    <execBlockId>ExecBlock_0</execBlockId>
  </row>
  <row>
    <scanNumber>3</scanNumber>
    <subscanNumber>1</subscanNumber>
    <startTime>4832949227760000000</startTime>
    <endTime>4832949229776000000</endTime>
    <fieldName>J0522-364</fieldName>
    <subscanIntent>ON_SOURCE</subscanIntent>
    <subscanMode>NO_SWITCHING</subscanMode>
    <numIntegration>1</numIntegration>
    <numSubintegration>1 1 2</numSubintegration>
    <correlatorCalibration>NONE</correlatorCalibration>
    <execBlockId>ExecBlock_0</execBlockId>
  </row>
  <row>
    <scanNumber>3</scanNumber>
    <subscanNumber>2</subscanNumber>
    <startTime>4832949245136000000</startTime>
    <endTime>4832949247152000000</endTime>
    <fieldName>J0522-364</fieldName>
    <subscanIntent>ON_SOURCE</subscanIntent>
    <subscanMode>NO_SWITCHING</subscanMode>
    <numIntegration>1</numIntegration>
    <numSubintegration>1 1 2</numSubintegration>
    <correlatorCalibration>NONE</correlatorCalibration>
    <execBlockId>ExecBlock_0</execBlockId>
  </row>
  <row>
    <scanNumber>3</scanNumber>
    <subscanNumber>3</subscanNumber>
    <startTime>4832949261216000000</startTime>
    <endTime>4832949263232000000</endTime>
    <fieldName>J0522-364</fieldName>
    <subscanIntent>OFF_SOURCE</subscanIntent>
    <subscanMode>NO_SWITCHING</subscanMode>
    <numIntegration>1</numIntegration>
    <numSubintegration>1 1 2</numSubintegration>
    <correlatorCalibration>NONE</correlatorCalibration>
    <execBlockId>ExecBlock_0</execBlockId>
  </row>
  <row>
    <scanNumber>4</scanNumber>
    <subscanNumber>1</subscanNumber>
    <startTime>4832949312672000000</startTime>
    <endTime>4832949342912000000</endTime>
    <fieldName>J0522-364</fieldName>
    <subscanIntent>ON_SOURCE</subscanIntent>
    <subscanMode>NO_SWITCHING</subscanMode>
    <numIntegration>5</numIntegration>
    <numSubintegration>1 5 6 6 6 6 6</numSubintegration>
    <correlatorCalibration>NONE</correlatorCalibration>
    <execBlockId>ExecBlock_0</execBlockId>
  </row>
  <row>
    <scanNumber>4</scanNumber>
    <subscanNumber>2</subscanNumber>
    <startTime>4832949347952000000</startTime>
    <endTime>4832949378192000000</endTime>
    <fieldName>J0522-364</fieldName>
    <subscanIntent>ON_SOURCE</subscanIntent>
    <subscanMode>NO_SWITCHING</subscanMode>
    <numIntegration>5</numIntegration>
    <numSubintegration>1 5 6 6 6 6 6</numSubintegration>
    <correlatorCalibration>NONE</correlatorCalibration>
    <execBlockId>ExecBlock_0</execBlockId>
  </row>
  <row>
    <scanNumber>4</scanNumber>
    <subscanNumber>3</subscanNumber>
    <startTime>4832949383232000000</startTime>
    <endTime>4832949413472000000</endTime>
    <fieldName>J0522-364</fieldName>
    <subscanIntent>ON_SOURCE</subscanIntent>
    <subscanMode>NO_SWITCHING</subscanMode>
    <numIntegration>5</numIntegration>
    <numSubintegration>1 5 6 6 6 6 6</numSubintegration>
    <correlatorCalibration>NONE</correlatorCalibration>
    <execBlockId>ExecBlock_0</execBlockId>
  </row>
  <row>
    <scanNumber>4</scanNumber>
    <subscanNumber>4</subscanNumber>
    <startTime>4832949418512000000</startTime>
    <endTime>4832949448752000000</endTime>
    <fieldName>J0522-364</fieldName>
    <subscanIntent>ON_SOURCE</subscanIntent>
    <subscanMode>NO_SWITCHING</subscanMode>
    <numIntegration>5</numIntegration>
    <numSubintegration>1 5 6 6 6 6 6</numSubintegration>
    <correlatorCalibration>NONE</correlatorCalibration>
    <execBlockId>ExecBlock_0</execBlockId>
  </row>
  <row>
    <scanNumber>4</scanNumber>
    <subscanNumber>5</subscanNumber>
    <startTime>4832949453792000000</startTime>
    <endTime>4832949484032000000</endTime>
    <fieldName>J0522-364</fieldName>
    <subscanIntent>ON_SOURCE</subscanIntent>
    <subscanMode>NO_SWITCHING</subscanMode>
    <numIntegration>5</numIntegration>
    <numSubintegration>1 5 6 6 6 6 6</numSubintegration>
    <correlatorCalibration>NONE</correlatorCalibration>
    <execBlockId>ExecBlock_0</execBlockId>
  </row>
  <row>
    <scanNumber>4</scanNumber>
    <subscanNumber>6</subscanNumber>
    <startTime>4832949489072000000</startTime>
    <endTime>4832949519312000000</endTime>
    <fieldName>J0522-364</fieldName>
    <subscanIntent>ON_SOURCE</subscanIntent>
    <subscanMode>NO_SWITCHING</subscanMode>
    <numIntegration>5</numIntegration>
    <numSubintegration>1 5 6 6 6 6 6</numSubintegration>
    <correlatorCalibration>NONE</correlatorCalibration>
    <execBlockId>ExecBlock_0</execBlockId>
  </row>
  <row>
    <scanNumber>5</scanNumber>
    <subscanNumber>1</subscanNumber>
    <startTime>4832949602208000000</startTime>
    <endTime>4832949612288000000</endTime>
    <fieldName>J0238+166</fieldName>
    <subscanIntent>ON_SOURCE</subscanIntent>
    <subscanMode>NO_SWITCHING</subscanMode>
    <numIntegration>5</numIntegration>
    <numSubintegration>1 5 2 2 2 2 2</numSubintegration>
    <correlatorCalibration>NONE</correlatorCalibration>
    <execBlockId>ExecBlock_0</execBlockId>
  </row>
  <row>
    <scanNumber>5</scanNumber>
    <subscanNumber>2</subscanNumber>
    <startTime>4832949619440000000</startTime>
    <endTime>4832949629520000000</endTime>
    <fieldName>J0238+166</fieldName>
    <subscanIntent>ON_SOURCE</subscanIntent>
    <subscanMode>NO_SWITCHING</subscanMode>
    <numIntegration>5</numIntegration>
    <numSubintegration>1 5 2 2 2 2 2</numSubintegration>
    <correlatorCalibration>NONE</correlatorCalibration>
    <execBlockId>ExecBlock_0</execBlockId>
  </row>
  <row>
    <scanNumber>5</scanNumber>
    <subscanNumber>3</subscanNumber>
    <startTime>4832949636672000000</startTime>
    <endTime>4832949646752000000</endTime>
    <fieldName>J0238+166</fieldName>
    <subscanIntent>ON_SOURCE</subscanIntent>
    <subscanMode>NO_SWITCHING</subscanMode>
    <numIntegration>5</numIntegration>
    <numSubintegration>1 5 2 2 2 2 2</numSubintegration>
    <correlatorCalibration>NONE</correlatorCalibration>
    <execBlockId>ExecBlock_0</execBlockId>
  </row>
  <row>
    <scanNumber>5</scanNumber>
    <subscanNumber>4</subscanNumber>
    <startTime>4832949653904000000</startTime>
    <endTime>4832949663984000000</endTime>
    <fieldName>J0238+166</fieldName>
    <subscanIntent>ON_SOURCE</subscanIntent>
    <subscanMode>NO_SWITCHING</subscanMode>
    <numIntegration>5</numIntegration>
    <numSubintegration>1 5 2 2 2 2 2</numSubintegration>
    <correlatorCalibration>NONE</correlatorCalibration>
    <execBlockId>ExecBlock_0</execBlockId>
  </row>
  <row>
    <scanNumber>5</scanNumber>
    <subscanNumber>5</subscanNumber>
    <startTime>4832949671136000000</startTime>
    <endTime>4832949681216000000</endTime>
    <fieldName>J0238+166</fieldName>
    <subscanIntent>ON_SOURCE</subscanIntent>
    <subscanMode>NO_SWITCHING</subscanMode>
    <numIntegration>5</numIntegration>
    <numSubintegration>1 5 2 2 2 2 2</numSubintegration>
    <correlatorCalibration>NONE</correlatorCalibration>
    <execBlockId>ExecBlock_0</execBlockId>
  </row>
  <row>
    <scanNumber>6</scanNumber>
    <subscanNumber>1</subscanNumber>
    <startTime>4832949762480000000</startTime>
    <endTime>4832949764496000000</endTime>
    <fieldName>Callisto</fieldName>
    <subscanIntent>ON_SOURCE</subscanIntent>
    <subscanMode>NO_SWITCHING</subscanMode>
    <numIntegration>1</numIntegration>
    <numSubintegration>1 1 2</numSubintegration>
    <correlatorCalibration>NONE</correlatorCalibration>
    <execBlockId>ExecBlock_0</execBlockId>
  </row>
  <row>
    <scanNumber>6</scanNumber>
    <subscanNumber>2</subscanNumber>
    <startTime>4832949779616000000</startTime>
    <endTime>4832949781632000000</endTime>
    <fieldName>Callisto</fieldName>
    <subscanIntent>ON_SOURCE</subscanIntent>
    <subscanMode>NO_SWITCHING</subscanMode>
    <numIntegration>1</numIntegration>
    <numSubintegration>1 1 2</numSubintegration>
    <correlatorCalibration>NONE</correlatorCalibration>
    <execBlockId>ExecBlock_0</execBlockId>
  </row>
  <row>
    <scanNumber>6</scanNumber>
    <subscanNumber>3</subscanNumber>
    <startTime>4832949795552000000</startTime>
    <endTime>4832949797568000000</endTime>
    <fieldName>Callisto</fieldName>
    <subscanIntent>OFF_SOURCE</subscanIntent>
    <subscanMode>NO_SWITCHING</subscanMode>
    <numIntegration>1</numIntegration>
    <numSubintegration>1 1 2</numSubintegration>
    <correlatorCalibration>NONE</correlatorCalibration>
    <execBlockId>ExecBlock_0</execBlockId>
  </row>
  <row>
    <scanNumber>7</scanNumber>
    <subscanNumber>1</subscanNumber>
    <startTime>4832949838368000000</startTime>
    <endTime>4832949868608000000</endTime>
    <fieldName>Callisto</fieldName>
    <subscanIntent>ON_SOURCE</subscanIntent>
    <subscanMode>NO_SWITCHING</subscanMode>
    <numIntegration>5</numIntegration>
    <numSubintegration>1 5 6 6 6 6 6</numSubintegration>
    <correlatorCalibration>NONE</correlatorCalibration>
    <execBlockId>ExecBlock_0</execBlockId>
  </row>
  <row>
    <scanNumber>7</scanNumber>
    <subscanNumber>2</subscanNumber>
    <startTime>4832949873648000000</startTime>
    <endTime>4832949903888000000</endTime>
    <fieldName>Callisto</fieldName>
    <subscanIntent>ON_SOURCE</subscanIntent>
    <subscanMode>NO_SWITCHING</subscanMode>
    <numIntegration>5</numIntegration>
    <numSubintegration>1 5 6 6 6 6 6</numSubintegration>
    <correlatorCalibration>NONE</correlatorCalibration>
    <execBlockId>ExecBlock_0</execBlockId>
  </row>
  <row>
    <scanNumber>7</scanNumber>
    <subscanNumber>3</subscanNumber>
    <startTime>4832949908928000000</startTime>
    <endTime>4832949939168000000</endTime>
    <fieldName>Callisto</fieldName>
    <subscanIntent>ON_SOURCE</subscanIntent>
    <subscanMode>NO_SWITCHING</subscanMode>
    <numIntegration>5</numIntegration>
    <numSubintegration>1 5 6 6 6 6 6</numSubintegration>
    <correlatorCalibration>NONE</correlatorCalibration>
    <execBlockId>ExecBlock_0</execBlockId>
  </row>
  <row>
    <scanNumber>7</scanNumber>
    <subscanNumber>4</subscanNumber>
    <startTime>4832949944208000000</startTime>
    <endTime>4832949974448000000</endTime>
    <fieldName>Callisto</fieldName>
    <subscanIntent>ON_SOURCE</subscanIntent>
    <subscanMode>NO_SWITCHING</subscanMode>
    <numIntegration>5</numIntegration>
    <numSubintegration>1 5 6 6 6 6 6</numSubintegration>
    <correlatorCalibration>NONE</correlatorCalibration>
    <execBlockId>ExecBlock_0</execBlockId>
  </row>
  <row>
    <scanNumber>8</scanNumber>
    <subscanNumber>1</subscanNumber>
    <startTime>4832950027536000000</startTime>
    <endTime>4832950037616000000</endTime>
    <fieldName>J0403-360</fieldName>
    <subscanIntent>ON_SOURCE</subscanIntent>
    <subscanMode>NO_SWITCHING</subscanMode>
    <numIntegration>5</numIntegration>
    <numSubintegration>1 5 2 2 2 2 2</numSubintegration>
    <correlatorCalibration>NONE</correlatorCalibration>
    <execBlockId>ExecBlock_0</execBlockId>
  </row>
  <row>
    <scanNumber>8</scanNumber>
    <subscanNumber>2</subscanNumber>
    <startTime>4832950044768000000</startTime>
    <endTime>4832950054848000000</endTime>
    <fieldName>J0403-360</fieldName>
    <subscanIntent>ON_SOURCE</subscanIntent>
    <subscanMode>NO_SWITCHING</subscanMode>
    <numIntegration>5</numIntegration>
    <numSubintegration>1 5 2 2 2 2 2</numSubintegration>
    <correlatorCalibration>NONE</correlatorCalibration>
    <execBlockId>ExecBlock_0</execBlockId>
  </row>
  <row>
    <scanNumber>8</scanNumber>
    <subscanNumber>3</subscanNumber>
    <startTime>4832950062000000000</startTime>
    <endTime>4832950072080000000</endTime>
    <fieldName>J0403-360</fieldName>
    <subscanIntent>ON_SOURCE</subscanIntent>
    <subscanMode>NO_SWITCHING</subscanMode>
    <numIntegration>5</numIntegration>
    <numSubintegration>1 5 2 2 2 2 2</numSubintegration>
    <correlatorCalibration>NONE</correlatorCalibration>
    <execBlockId>ExecBlock_0</execBlockId>
  </row>
  <row>
    <scanNumber>8</scanNumber>
    <subscanNumber>4</subscanNumber>
    <startTime>4832950079232000000</startTime>
    <endTime>4832950089312000000</endTime>
    <fieldName>J0403-360</fieldName>
    <subscanIntent>ON_SOURCE</subscanIntent>
    <subscanMode>NO_SWITCHING</subscanMode>
    <numIntegration>5</numIntegration>
    <numSubintegration>1 5 2 2 2 2 2</numSubintegration>
    <correlatorCalibration>NONE</correlatorCalibration>
    <execBlockId>ExecBlock_0</execBlockId>
  </row>
  <row>
    <scanNumber>8</scanNumber>
    <subscanNumber>5</subscanNumber>
    <startTime>4832950096464000000</startTime>
    <endTime>4832950106544000000</endTime>
    <fieldName>J0403-360</fieldName>
    <subscanIntent>ON_SOURCE</subscanIntent>
    <subscanMode>NO_SWITCHING</subscanMode>
    <numIntegration>5</numIntegration>
    <numSubintegration>1 5 2 2 2 2 2</numSubintegration>
    <correlatorCalibration>NONE</correlatorCalibration>
    <execBlockId>ExecBlock_0</execBlockId>
  </row>
  <row>
    <scanNumber>9</scanNumber>
    <subscanNumber>1</subscanNumber>
    <startTime>4832950203168000000</startTime>
    <endTime>4832950205184000000</endTime>
    <fieldName>J0403-360</fieldName>
    <subscanIntent>ON_SOURCE</subscanIntent>
    <subscanMode>NO_SWITCHING</subscanMode>
    <numIntegration>1</numIntegration>
    <numSubintegration>1 1 2</numSubintegration>
    <correlatorCalibration>NONE</correlatorCalibration>
    <execBlockId>ExecBlock_0</execBlockId>
  </row>
  <row>
    <scanNumber>9</scanNumber>
    <subscanNumber>2</subscanNumber>
    <startTime>4832950220496000000</startTime>
    <endTime>4832950222512000000</endTime>
    <fieldName>J0403-360</fieldName>
    <subscanIntent>ON_SOURCE</subscanIntent>
    <subscanMode>NO_SWITCHING</subscanMode>
    <numIntegration>1</numIntegration>
    <numSubintegration>1 1 2</numSubintegration>
    <correlatorCalibration>NONE</correlatorCalibration>
    <execBlockId>ExecBlock_0</execBlockId>
  </row>
  <row>
    <scanNumber>9</scanNumber>
    <subscanNumber>3</subscanNumber>
    <startTime>4832950236528000000</startTime>
    <endTime>4832950238544000000</endTime>
    <fieldName>J0403-360</fieldName>
    <subscanIntent>OFF_SOURCE</subscanIntent>
    <subscanMode>NO_SWITCHING</subscanMode>
    <numIntegration>1</numIntegration>
    <numSubintegration>1 1 2</numSubintegration>
    <correlatorCalibration>NONE</correlatorCalibration>
    <execBlockId>ExecBlock_0</execBlockId>
  </row>
  <row>
    <scanNumber>10</scanNumber>
    <subscanNumber>1</subscanNumber>
    <startTime>4832950278960000000</startTime>
    <endTime>4832950309200000000</endTime>
    <fieldName>J0403-360</fieldName>
    <subscanIntent>ON_SOURCE</subscanIntent>
    <subscanMode>NO_SWITCHING</subscanMode>
    <numIntegration>5</numIntegration>
    <numSubintegration>1 5 6 6 6 6 6</numSubintegration>
    <correlatorCalibration>NONE</correlatorCalibration>
    <execBlockId>ExecBlock_0</execBlockId>
  </row>
  <row>
    <scanNumber>11</scanNumber>
    <subscanNumber>1</subscanNumber>
    <startTime>4832950345920000000</startTime>
    <endTime>4832950347936000000</endTime>
    <fieldName>LESS J0332-2756</fieldName>
    <subscanIntent>ON_SOURCE</subscanIntent>
    <subscanMode>NO_SWITCHING</subscanMode>
    <numIntegration>1</numIntegration>
    <numSubintegration>1 1 2</numSubintegration>
    <correlatorCalibration>NONE</correlatorCalibration>
    <execBlockId>ExecBlock_0</execBlockId>
  </row>
  <row>
    <scanNumber>11</scanNumber>
    <subscanNumber>2</subscanNumber>
    <startTime>4832950363200000000</startTime>
    <endTime>4832950365216000000</endTime>
    <fieldName>LESS J0332-2756</fieldName>
    <subscanIntent>ON_SOURCE</subscanIntent>
    <subscanMode>NO_SWITCHING</subscanMode>
    <numIntegration>1</numIntegration>
    <numSubintegration>1 1 2</numSubintegration>
    <correlatorCalibration>NONE</correlatorCalibration>
    <execBlockId>ExecBlock_0</execBlockId>
  </row>
  <row>
    <scanNumber>11</scanNumber>
    <subscanNumber>3</subscanNumber>
    <startTime>4832950379376000000</startTime>
    <endTime>4832950381392000000</endTime>
    <fieldName>LESS J0332-2756</fieldName>
    <subscanIntent>OFF_SOURCE</subscanIntent>
    <subscanMode>NO_SWITCHING</subscanMode>
    <numIntegration>1</numIntegration>
    <numSubintegration>1 1 2</numSubintegration>
    <correlatorCalibration>NONE</correlatorCalibration>
    <execBlockId>ExecBlock_0</execBlockId>
  </row>
  <row>
    <scanNumber>12</scanNumber>
    <subscanNumber>1</subscanNumber>
    <startTime>4832950425120000000</startTime>
    <endTime>4832950455360000000</endTime>
    <fieldName>LESS J0332-2756</fieldName>
    <subscanIntent>ON_SOURCE</subscanIntent>
    <subscanMode>NO_SWITCHING</subscanMode>
    <numIntegration>5</numIntegration>
    <numSubintegration>1 5 6 6 6 6 6</numSubintegration>
    <correlatorCalibration>NONE</correlatorCalibration>
    <execBlockId>ExecBlock_0</execBlockId>
  </row>
  <row>
    <scanNumber>12</scanNumber>
    <subscanNumber>2</subscanNumber>
    <startTime>4832950460400000000</startTime>
    <endTime>4832950490640000000</endTime>
    <fieldName>LESS J0332-2756</fieldName>
    <subscanIntent>ON_SOURCE</subscanIntent>
    <subscanMode>NO_SWITCHING</subscanMode>
    <numIntegration>5</numIntegration>
    <numSubintegration>1 5 6 6 6 6 6</numSubintegration>
    <correlatorCalibration>NONE</correlatorCalibration>
    <execBlockId>ExecBlock_0</execBlockId>
  </row>
  <row>
    <scanNumber>12</scanNumber>
    <subscanNumber>3</subscanNumber>
    <startTime>4832950495680000000</startTime>
    <endTime>4832950525920000000</endTime>
    <fieldName>LESS J0332-2756</fieldName>
    <subscanIntent>ON_SOURCE</subscanIntent>
    <subscanMode>NO_SWITCHING</subscanMode>
    <numIntegration>5</numIntegration>
    <numSubintegration>1 5 6 6 6 6 6</numSubintegration>
    <correlatorCalibration>NONE</correlatorCalibration>
    <execBlockId>ExecBlock_0</execBlockId>
  </row>
  <row>
    <scanNumber>12</scanNumber>
    <subscanNumber>4</subscanNumber>
    <startTime>4832950530960000000</startTime>
    <endTime>4832950561200000000</endTime>
    <fieldName>LESS J0332-2756</fieldName>
    <subscanIntent>ON_SOURCE</subscanIntent>
    <subscanMode>NO_SWITCHING</subscanMode>
    <numIntegration>5</numIntegration>
    <numSubintegration>1 5 6 6 6 6 6</numSubintegration>
    <correlatorCalibration>NONE</correlatorCalibration>
    <execBlockId>ExecBlock_0</execBlockId>
  </row>
  <row>
    <scanNumber>12</scanNumber>
    <subscanNumber>5</subscanNumber>
    <startTime>4832950566240000000</startTime>
    <endTime>4832950596480000000</endTime>
    <fieldName>LESS J0332-2756</fieldName>
    <subscanIntent>ON_SOURCE</subscanIntent>
    <subscanMode>NO_SWITCHING</subscanMode>
    <numIntegration>5</numIntegration>
    <numSubintegration>1 5 6 6 6 6 6</numSubintegration>
    <correlatorCalibration>NONE</correlatorCalibration>
    <execBlockId>ExecBlock_0</execBlockId>
  </row>
  <row>
    <scanNumber>12</scanNumber>
    <subscanNumber>6</subscanNumber>
    <startTime>4832950601520000000</startTime>
    <endTime>4832950631760000000</endTime>
    <fieldName>LESS J0332-2756</fieldName>
    <subscanIntent>ON_SOURCE</subscanIntent>
    <subscanMode>NO_SWITCHING</subscanMode>
    <numIntegration>5</numIntegration>
    <numSubintegration>1 5 6 6 6 6 6</numSubintegration>
    <correlatorCalibration>NONE</correlatorCalibration>
    <execBlockId>ExecBlock_0</execBlockId>
  </row>
  <row>
    <scanNumber>12</scanNumber>
    <subscanNumber>7</subscanNumber>
    <startTime>4832950636800000000</startTime>
    <endTime>4832950667040000000</endTime>
    <fieldName>LESS J0332-2756</fieldName>
    <subscanIntent>ON_SOURCE</subscanIntent>
    <subscanMode>NO_SWITCHING</subscanMode>
    <numIntegration>5</numIntegration>
    <numSubintegration>1 5 6 6 6 6 6</numSubintegration>
    <correlatorCalibration>NONE</correlatorCalibration>
    <execBlockId>ExecBlock_0</execBlockId>
  </row>
  <row>
    <scanNumber>12</scanNumber>
    <subscanNumber>8</subscanNumber>
    <startTime>4832950672080000000</startTime>
    <endTime>4832950702320000000</endTime>
    <fieldName>LESS J0332-2756</fieldName>
    <subscanIntent>ON_SOURCE</subscanIntent>
    <subscanMode>NO_SWITCHING</subscanMode>
    <numIntegration>5</numIntegration>
    <numSubintegration>1 5 6 6 6 6 6</numSubintegration>
    <correlatorCalibration>NONE</correlatorCalibration>
    <execBlockId>ExecBlock_0</execBlockId>
  </row>
  <row>
    <scanNumber>12</scanNumber>
    <subscanNumber>9</subscanNumber>
    <startTime>4832950707360000000</startTime>
    <endTime>4832950737600000000</endTime>
    <fieldName>LESS J0332-2756</fieldName>
    <subscanIntent>ON_SOURCE</subscanIntent>
    <subscanMode>NO_SWITCHING</subscanMode>
    <numIntegration>5</numIntegration>
    <numSubintegration>1 5 6 6 6 6 6</numSubintegration>
    <correlatorCalibration>NONE</correlatorCalibration>
    <execBlockId>ExecBlock_0</execBlockId>
  </row>
  <row>
    <scanNumber>12</scanNumber>
    <subscanNumber>10</subscanNumber>
    <startTime>4832950742640000000</startTime>
    <endTime>4832950772880000000</endTime>
    <fieldName>LESS J0332-2756</fieldName>
    <subscanIntent>ON_SOURCE</subscanIntent>
    <subscanMode>NO_SWITCHING</subscanMode>
    <numIntegration>5</numIntegration>
    <numSubintegration>1 5 6 6 6 6 6</numSubintegration>
    <correlatorCalibration>NONE</correlatorCalibration>
    <execBlockId>ExecBlock_0</execBlockId>
  </row>
  <row>
    <scanNumber>12</scanNumber>
    <subscanNumber>11</subscanNumber>
    <startTime>4832950777920000000</startTime>
    <endTime>4832950808160000000</endTime>
    <fieldName>LESS J0332-2756</fieldName>
    <subscanIntent>ON_SOURCE</subscanIntent>
    <subscanMode>NO_SWITCHING</subscanMode>
    <numIntegration>5</numIntegration>
    <numSubintegration>1 5 6 6 6 6 6</numSubintegration>
    <correlatorCalibration>NONE</correlatorCalibration>
    <execBlockId>ExecBlock_0</execBlockId>
  </row>
  <row>
    <scanNumber>12</scanNumber>
    <subscanNumber>12</subscanNumber>
    <startTime>4832950813200000000</startTime>
    <endTime>4832950843440000000</endTime>
    <fieldName>LESS J0332-2756</fieldName>
    <subscanIntent>ON_SOURCE</subscanIntent>
    <subscanMode>NO_SWITCHING</subscanMode>
    <numIntegration>5</numIntegration>
    <numSubintegration>1 5 6 6 6 6 6</numSubintegration>
    <correlatorCalibration>NONE</correlatorCalibration>
    <execBlockId>ExecBlock_0</execBlockId>
  </row>
  <row>
    <scanNumber>13</scanNumber>
    <subscanNumber>1</subscanNumber>
    <startTime>4832950875792000000</startTime>
    <endTime>4832950877808000000</endTime>
    <fieldName>J0403-360</fieldName>
    <subscanIntent>ON_SOURCE</subscanIntent>
    <subscanMode>NO_SWITCHING</subscanMode>
    <numIntegration>1</numIntegration>
    <numSubintegration>1 1 2</numSubintegration>
    <correlatorCalibration>NONE</correlatorCalibration>
    <execBlockId>ExecBlock_0</execBlockId>
  </row>
  <row>
    <scanNumber>13</scanNumber>
    <subscanNumber>2</subscanNumber>
    <startTime>4832950893024000000</startTime>
    <endTime>4832950895040000000</endTime>
    <fieldName>J0403-360</fieldName>
    <subscanIntent>ON_SOURCE</subscanIntent>
    <subscanMode>NO_SWITCHING</subscanMode>
    <numIntegration>1</numIntegration>
    <numSubintegration>1 1 2</numSubintegration>
    <correlatorCalibration>NONE</correlatorCalibration>
    <execBlockId>ExecBlock_0</execBlockId>
  </row>
  <row>
    <scanNumber>13</scanNumber>
    <subscanNumber>3</subscanNumber>
    <startTime>4832950909104000000</startTime>
    <endTime>4832950911120000000</endTime>
    <fieldName>J0403-360</fieldName>
    <subscanIntent>OFF_SOURCE</subscanIntent>
    <subscanMode>NO_SWITCHING</subscanMode>
    <numIntegration>1</numIntegration>
    <numSubintegration>1 1 2</numSubintegration>
    <correlatorCalibration>NONE</correlatorCalibration>
    <execBlockId>ExecBlock_0</execBlockId>
  </row>
  <row>
    <scanNumber>14</scanNumber>
    <subscanNumber>1</subscanNumber>
    <startTime>4832950945200000000</startTime>
    <endTime>4832950975440000000</endTime>
    <fieldName>J0403-360</fieldName>
    <subscanIntent>ON_SOURCE</subscanIntent>
    <subscanMode>NO_SWITCHING</subscanMode>
    <numIntegration>5</numIntegration>
    <numSubintegration>1 5 6 6 6 6 6</numSubintegration>
    <correlatorCalibration>NONE</correlatorCalibration>
    <execBlockId>ExecBlock_0</execBlockId>
  </row>
  <row>
    <scanNumber>15</scanNumber>
    <subscanNumber>1</subscanNumber>
    <startTime>4832951007888000000</startTime>
    <endTime>4832951009904000000</endTime>
    <fieldName>LESS J0332-2756</fieldName>
    <subscanIntent>ON_SOURCE</subscanIntent>
    <subscanMode>NO_SWITCHING</subscanMode>
    <numIntegration>1</numIntegration>
    <numSubintegration>1 1 2</numSubintegration>
    <correlatorCalibration>NONE</correlatorCalibration>
    <execBlockId>ExecBlock_0</execBlockId>
  </row>
  <row>
    <scanNumber>15</scanNumber>
    <subscanNumber>2</subscanNumber>
    <startTime>4832951025120000000</startTime>
    <endTime>4832951027136000000</endTime>
    <fieldName>LESS J0332-2756</fieldName>
    <subscanIntent>ON_SOURCE</subscanIntent>
    <subscanMode>NO_SWITCHING</subscanMode>
    <numIntegration>1</numIntegration>
    <numSubintegration>1 1 2</numSubintegration>
    <correlatorCalibration>NONE</correlatorCalibration>
    <execBlockId>ExecBlock_0</execBlockId>
  </row>
  <row>
    <scanNumber>15</scanNumber>
    <subscanNumber>3</subscanNumber>
    <startTime>4832951041152000000</startTime>
    <endTime>4832951043168000000</endTime>
    <fieldName>LESS J0332-2756</fieldName>
    <subscanIntent>OFF_SOURCE</subscanIntent>
    <subscanMode>NO_SWITCHING</subscanMode>
    <numIntegration>1</numIntegration>
    <numSubintegration>1 1 2</numSubintegration>
    <correlatorCalibration>NONE</correlatorCalibration>
    <execBlockId>ExecBlock_0</execBlockId>
  </row>
  <row>
    <scanNumber>16</scanNumber>
    <subscanNumber>1</subscanNumber>
    <startTime>4832951080320000000</startTime>
    <endTime>4832951110560000000</endTime>
    <fieldName>LESS J0332-2756</fieldName>
    <subscanIntent>ON_SOURCE</subscanIntent>
    <subscanMode>NO_SWITCHING</subscanMode>
    <numIntegration>5</numIntegration>
    <numSubintegration>1 5 6 6 6 6 6</numSubintegration>
    <correlatorCalibration>NONE</correlatorCalibration>
    <execBlockId>ExecBlock_0</execBlockId>
  </row>
  <row>
    <scanNumber>16</scanNumber>
    <subscanNumber>2</subscanNumber>
    <startTime>4832951115600000000</startTime>
    <endTime>4832951145840000000</endTime>
    <fieldName>LESS J0332-2756</fieldName>
    <subscanIntent>ON_SOURCE</subscanIntent>
    <subscanMode>NO_SWITCHING</subscanMode>
    <numIntegration>5</numIntegration>
    <numSubintegration>1 5 6 6 6 6 6</numSubintegration>
    <correlatorCalibration>NONE</correlatorCalibration>
    <execBlockId>ExecBlock_0</execBlockId>
  </row>
  <row>
    <scanNumber>16</scanNumber>
    <subscanNumber>3</subscanNumber>
    <startTime>4832951150880000000</startTime>
    <endTime>4832951181120000000</endTime>
    <fieldName>LESS J0332-2756</fieldName>
    <subscanIntent>ON_SOURCE</subscanIntent>
    <subscanMode>NO_SWITCHING</subscanMode>
    <numIntegration>5</numIntegration>
    <numSubintegration>1 5 6 6 6 6 6</numSubintegration>
    <correlatorCalibration>NONE</correlatorCalibration>
    <execBlockId>ExecBlock_0</execBlockId>
  </row>
  <row>
    <scanNumber>16</scanNumber>
    <subscanNumber>4</subscanNumber>
    <startTime>4832951186160000000</startTime>
    <endTime>4832951216400000000</endTime>
    <fieldName>LESS J0332-2756</fieldName>
    <subscanIntent>ON_SOURCE</subscanIntent>
    <subscanMode>NO_SWITCHING</subscanMode>
    <numIntegration>5</numIntegration>
    <numSubintegration>1 5 6 6 6 6 6</numSubintegration>
    <correlatorCalibration>NONE</correlatorCalibration>
    <execBlockId>ExecBlock_0</execBlockId>
  </row>
  <row>
    <scanNumber>16</scanNumber>
    <subscanNumber>5</subscanNumber>
    <startTime>4832951221440000000</startTime>
    <endTime>4832951251680000000</endTime>
    <fieldName>LESS J0332-2756</fieldName>
    <subscanIntent>ON_SOURCE</subscanIntent>
    <subscanMode>NO_SWITCHING</subscanMode>
    <numIntegration>5</numIntegration>
    <numSubintegration>1 5 6 6 6 6 6</numSubintegration>
    <correlatorCalibration>NONE</correlatorCalibration>
    <execBlockId>ExecBlock_0</execBlockId>
  </row>
  <row>
    <scanNumber>16</scanNumber>
    <subscanNumber>6</subscanNumber>
    <startTime>4832951256720000000</startTime>
    <endTime>4832951286960000000</endTime>
    <fieldName>LESS J0332-2756</fieldName>
    <subscanIntent>ON_SOURCE</subscanIntent>
    <subscanMode>NO_SWITCHING</subscanMode>
    <numIntegration>5</numIntegration>
    <numSubintegration>1 5 6 6 6 6 6</numSubintegration>
    <correlatorCalibration>NONE</correlatorCalibration>
    <execBlockId>ExecBlock_0</execBlockId>
  </row>
  <row>
    <scanNumber>16</scanNumber>
    <subscanNumber>7</subscanNumber>
    <startTime>4832951292000000000</startTime>
    <endTime>4832951322240000000</endTime>
    <fieldName>LESS J0332-2756</fieldName>
    <subscanIntent>ON_SOURCE</subscanIntent>
    <subscanMode>NO_SWITCHING</subscanMode>
    <numIntegration>5</numIntegration>
    <numSubintegration>1 5 6 6 6 6 6</numSubintegration>
    <correlatorCalibration>NONE</correlatorCalibration>
    <execBlockId>ExecBlock_0</execBlockId>
  </row>
  <row>
    <scanNumber>16</scanNumber>
    <subscanNumber>8</subscanNumber>
    <startTime>4832951327280000000</startTime>
    <endTime>4832951357520000000</endTime>
    <fieldName>LESS J0332-2756</fieldName>
    <subscanIntent>ON_SOURCE</subscanIntent>
    <subscanMode>NO_SWITCHING</subscanMode>
    <numIntegration>5</numIntegration>
    <numSubintegration>1 5 6 6 6 6 6</numSubintegration>
    <correlatorCalibration>NONE</correlatorCalibration>
    <execBlockId>ExecBlock_0</execBlockId>
  </row>
  <row>
    <scanNumber>16</scanNumber>
    <subscanNumber>9</subscanNumber>
    <startTime>4832951362560000000</startTime>
    <endTime>4832951392800000000</endTime>
    <fieldName>LESS J0332-2756</fieldName>
    <subscanIntent>ON_SOURCE</subscanIntent>
    <subscanMode>NO_SWITCHING</subscanMode>
    <numIntegration>5</numIntegration>
    <numSubintegration>1 5 6 6 6 6 6</numSubintegration>
    <correlatorCalibration>NONE</correlatorCalibration>
    <execBlockId>ExecBlock_0</execBlockId>
  </row>
  <row>
    <scanNumber>16</scanNumber>
    <subscanNumber>10</subscanNumber>
    <startTime>4832951397840000000</startTime>
    <endTime>4832951428080000000</endTime>
    <fieldName>LESS J0332-2756</fieldName>
    <subscanIntent>ON_SOURCE</subscanIntent>
    <subscanMode>NO_SWITCHING</subscanMode>
    <numIntegration>5</numIntegration>
    <numSubintegration>1 5 6 6 6 6 6</numSubintegration>
    <correlatorCalibration>NONE</correlatorCalibration>
    <execBlockId>ExecBlock_0</execBlockId>
  </row>
  <row>
    <scanNumber>16</scanNumber>
    <subscanNumber>11</subscanNumber>
    <startTime>4832951433120000000</startTime>
    <endTime>4832951463360000000</endTime>
    <fieldName>LESS J0332-2756</fieldName>
    <subscanIntent>ON_SOURCE</subscanIntent>
    <subscanMode>NO_SWITCHING</subscanMode>
    <numIntegration>5</numIntegration>
    <numSubintegration>1 5 6 6 6 6 6</numSubintegration>
    <correlatorCalibration>NONE</correlatorCalibration>
    <execBlockId>ExecBlock_0</execBlockId>
  </row>
  <row>
    <scanNumber>16</scanNumber>
    <subscanNumber>12</subscanNumber>
    <startTime>4832951468400000000</startTime>
    <endTime>4832951498640000000</endTime>
    <fieldName>LESS J0332-2756</fieldName>
    <subscanIntent>ON_SOURCE</subscanIntent>
    <subscanMode>NO_SWITCHING</subscanMode>
    <numIntegration>5</numIntegration>
    <numSubintegration>1 5 6 6 6 6 6</numSubintegration>
    <correlatorCalibration>NONE</correlatorCalibration>
    <execBlockId>ExecBlock_0</execBlockId>
  </row>
  <row>
    <scanNumber>17</scanNumber>
    <subscanNumber>1</subscanNumber>
    <startTime>4832951530944000000</startTime>
    <endTime>4832951532960000000</endTime>
    <fieldName>J0403-360</fieldName>
    <subscanIntent>ON_SOURCE</subscanIntent>
    <subscanMode>NO_SWITCHING</subscanMode>
    <numIntegration>1</numIntegration>
    <numSubintegration>1 1 2</numSubintegration>
    <correlatorCalibration>NONE</correlatorCalibration>
    <execBlockId>ExecBlock_0</execBlockId>
  </row>
  <row>
    <scanNumber>17</scanNumber>
    <subscanNumber>2</subscanNumber>
    <startTime>4832951548464000000</startTime>
    <endTime>4832951550480000000</endTime>
    <fieldName>J0403-360</fieldName>
    <subscanIntent>ON_SOURCE</subscanIntent>
    <subscanMode>NO_SWITCHING</subscanMode>
    <numIntegration>1</numIntegration>
    <numSubintegration>1 1 2</numSubintegration>
    <correlatorCalibration>NONE</correlatorCalibration>
    <execBlockId>ExecBlock_0</execBlockId>
  </row>
  <row>
    <scanNumber>17</scanNumber>
    <subscanNumber>3</subscanNumber>
    <startTime>4832951564496000000</startTime>
    <endTime>4832951566512000000</endTime>
    <fieldName>J0403-360</fieldName>
    <subscanIntent>OFF_SOURCE</subscanIntent>
    <subscanMode>NO_SWITCHING</subscanMode>
    <numIntegration>1</numIntegration>
    <numSubintegration>1 1 2</numSubintegration>
    <correlatorCalibration>NONE</correlatorCalibration>
    <execBlockId>ExecBlock_0</execBlockId>
  </row>
  <row>
    <scanNumber>18</scanNumber>
    <subscanNumber>1</subscanNumber>
    <startTime>4832951600304000000</startTime>
    <endTime>4832951630544000000</endTime>
    <fieldName>J0403-360</fieldName>
    <subscanIntent>ON_SOURCE</subscanIntent>
    <subscanMode>NO_SWITCHING</subscanMode>
    <numIntegration>5</numIntegration>
    <numSubintegration>1 5 6 6 6 6 6</numSubintegration>
    <correlatorCalibration>NONE</correlatorCalibration>
    <execBlockId>ExecBlock_0</execBlockId>
  </row>
  <row>
    <scanNumber>19</scanNumber>
    <subscanNumber>1</subscanNumber>
    <startTime>4832951662992000000</startTime>
    <endTime>4832951665008000000</endTime>
    <fieldName>LESS J0332-2756</fieldName>
    <subscanIntent>ON_SOURCE</subscanIntent>
    <subscanMode>NO_SWITCHING</subscanMode>
    <numIntegration>1</numIntegration>
    <numSubintegration>1 1 2</numSubintegration>
    <correlatorCalibration>NONE</correlatorCalibration>
    <execBlockId>ExecBlock_0</execBlockId>
  </row>
  <row>
    <scanNumber>19</scanNumber>
    <subscanNumber>2</subscanNumber>
    <startTime>4832951680368000000</startTime>
    <endTime>4832951682384000000</endTime>
    <fieldName>LESS J0332-2756</fieldName>
    <subscanIntent>ON_SOURCE</subscanIntent>
    <subscanMode>NO_SWITCHING</subscanMode>
    <numIntegration>1</numIntegration>
    <numSubintegration>1 1 2</numSubintegration>
    <correlatorCalibration>NONE</correlatorCalibration>
    <execBlockId>ExecBlock_0</execBlockId>
  </row>
  <row>
    <scanNumber>19</scanNumber>
    <subscanNumber>3</subscanNumber>
    <startTime>4832951696304000000</startTime>
    <endTime>4832951698320000000</endTime>
    <fieldName>LESS J0332-2756</fieldName>
    <subscanIntent>OFF_SOURCE</subscanIntent>
    <subscanMode>NO_SWITCHING</subscanMode>
    <numIntegration>1</numIntegration>
    <numSubintegration>1 1 2</numSubintegration>
    <correlatorCalibration>NONE</correlatorCalibration>
    <execBlockId>ExecBlock_0</execBlockId>
  </row>
  <row>
    <scanNumber>20</scanNumber>
    <subscanNumber>1</subscanNumber>
    <startTime>4832951735952000000</startTime>
    <endTime>4832951766192000000</endTime>
    <fieldName>LESS J0332-2756</fieldName>
    <subscanIntent>ON_SOURCE</subscanIntent>
    <subscanMode>NO_SWITCHING</subscanMode>
    <numIntegration>5</numIntegration>
    <numSubintegration>1 5 6 6 6 6 6</numSubintegration>
    <correlatorCalibration>NONE</correlatorCalibration>
    <execBlockId>ExecBlock_0</execBlockId>
  </row>
  <row>
    <scanNumber>20</scanNumber>
    <subscanNumber>2</subscanNumber>
    <startTime>4832951771232000000</startTime>
    <endTime>4832951801472000000</endTime>
    <fieldName>LESS J0332-2756</fieldName>
    <subscanIntent>ON_SOURCE</subscanIntent>
    <subscanMode>NO_SWITCHING</subscanMode>
    <numIntegration>5</numIntegration>
    <numSubintegration>1 5 6 6 6 6 6</numSubintegration>
    <correlatorCalibration>NONE</correlatorCalibration>
    <execBlockId>ExecBlock_0</execBlockId>
  </row>
  <row>
    <scanNumber>20</scanNumber>
    <subscanNumber>3</subscanNumber>
    <startTime>4832951806512000000</startTime>
    <endTime>4832951836752000000</endTime>
    <fieldName>LESS J0332-2756</fieldName>
    <subscanIntent>ON_SOURCE</subscanIntent>
    <subscanMode>NO_SWITCHING</subscanMode>
    <numIntegration>5</numIntegration>
    <numSubintegration>1 5 6 6 6 6 6</numSubintegration>
    <correlatorCalibration>NONE</correlatorCalibration>
    <execBlockId>ExecBlock_0</execBlockId>
  </row>
  <row>
    <scanNumber>20</scanNumber>
    <subscanNumber>4</subscanNumber>
    <startTime>4832951841792000000</startTime>
    <endTime>4832951872032000000</endTime>
    <fieldName>LESS J0332-2756</fieldName>
    <subscanIntent>ON_SOURCE</subscanIntent>
    <subscanMode>NO_SWITCHING</subscanMode>
    <numIntegration>5</numIntegration>
    <numSubintegration>1 5 6 6 6 6 6</numSubintegration>
    <correlatorCalibration>NONE</correlatorCalibration>
    <execBlockId>ExecBlock_0</execBlockId>
  </row>
  <row>
    <scanNumber>20</scanNumber>
    <subscanNumber>5</subscanNumber>
    <startTime>4832951877072000000</startTime>
    <endTime>4832951907312000000</endTime>
    <fieldName>LESS J0332-2756</fieldName>
    <subscanIntent>ON_SOURCE</subscanIntent>
    <subscanMode>NO_SWITCHING</subscanMode>
    <numIntegration>5</numIntegration>
    <numSubintegration>1 5 6 6 6 6 6</numSubintegration>
    <correlatorCalibration>NONE</correlatorCalibration>
    <execBlockId>ExecBlock_0</execBlockId>
  </row>
  <row>
    <scanNumber>20</scanNumber>
    <subscanNumber>6</subscanNumber>
    <startTime>4832951912352000000</startTime>
    <endTime>4832951942592000000</endTime>
    <fieldName>LESS J0332-2756</fieldName>
    <subscanIntent>ON_SOURCE</subscanIntent>
    <subscanMode>NO_SWITCHING</subscanMode>
    <numIntegration>5</numIntegration>
    <numSubintegration>1 5 6 6 6 6 6</numSubintegration>
    <correlatorCalibration>NONE</correlatorCalibration>
    <execBlockId>ExecBlock_0</execBlockId>
  </row>
  <row>
    <scanNumber>20</scanNumber>
    <subscanNumber>7</subscanNumber>
    <startTime>4832951947632000000</startTime>
    <endTime>4832951977872000000</endTime>
    <fieldName>LESS J0332-2756</fieldName>
    <subscanIntent>ON_SOURCE</subscanIntent>
    <subscanMode>NO_SWITCHING</subscanMode>
    <numIntegration>5</numIntegration>
    <numSubintegration>1 5 6 6 6 6 6</numSubintegration>
    <correlatorCalibration>NONE</correlatorCalibration>
    <execBlockId>ExecBlock_0</execBlockId>
  </row>
  <row>
    <scanNumber>20</scanNumber>
    <subscanNumber>8</subscanNumber>
    <startTime>4832951982912000000</startTime>
    <endTime>4832952013152000000</endTime>
    <fieldName>LESS J0332-2756</fieldName>
    <subscanIntent>ON_SOURCE</subscanIntent>
    <subscanMode>NO_SWITCHING</subscanMode>
    <numIntegration>5</numIntegration>
    <numSubintegration>1 5 6 6 6 6 6</numSubintegration>
    <correlatorCalibration>NONE</correlatorCalibration>
    <execBlockId>ExecBlock_0</execBlockId>
  </row>
  <row>
    <scanNumber>20</scanNumber>
    <subscanNumber>9</subscanNumber>
    <startTime>4832952018192000000</startTime>
    <endTime>4832952048432000000</endTime>
    <fieldName>LESS J0332-2756</fieldName>
    <subscanIntent>ON_SOURCE</subscanIntent>
    <subscanMode>NO_SWITCHING</subscanMode>
    <numIntegration>5</numIntegration>
    <numSubintegration>1 5 6 6 6 6 6</numSubintegration>
    <correlatorCalibration>NONE</correlatorCalibration>
    <execBlockId>ExecBlock_0</execBlockId>
  </row>
  <row>
    <scanNumber>20</scanNumber>
    <subscanNumber>10</subscanNumber>
    <startTime>4832952053472000000</startTime>
    <endTime>4832952083712000000</endTime>
    <fieldName>LESS J0332-2756</fieldName>
    <subscanIntent>ON_SOURCE</subscanIntent>
    <subscanMode>NO_SWITCHING</subscanMode>
    <numIntegration>5</numIntegration>
    <numSubintegration>1 5 6 6 6 6 6</numSubintegration>
    <correlatorCalibration>NONE</correlatorCalibration>
    <execBlockId>ExecBlock_0</execBlockId>
  </row>
  <row>
    <scanNumber>20</scanNumber>
    <subscanNumber>11</subscanNumber>
    <startTime>4832952088752000000</startTime>
    <endTime>4832952118992000000</endTime>
    <fieldName>LESS J0332-2756</fieldName>
    <subscanIntent>ON_SOURCE</subscanIntent>
    <subscanMode>NO_SWITCHING</subscanMode>
    <numIntegration>5</numIntegration>
    <numSubintegration>1 5 6 6 6 6 6</numSubintegration>
    <correlatorCalibration>NONE</correlatorCalibration>
    <execBlockId>ExecBlock_0</execBlockId>
  </row>
  <row>
    <scanNumber>20</scanNumber>
    <subscanNumber>12</subscanNumber>
    <startTime>4832952124032000000</startTime>
    <endTime>4832952154272000000</endTime>
    <fieldName>LESS J0332-2756</fieldName>
    <subscanIntent>ON_SOURCE</subscanIntent>
    <subscanMode>NO_SWITCHING</subscanMode>
    <numIntegration>5</numIntegration>
    <numSubintegration>1 5 6 6 6 6 6</numSubintegration>
    <correlatorCalibration>NONE</correlatorCalibration>
    <execBlockId>ExecBlock_0</execBlockId>
  </row>
  <row>
    <scanNumber>21</scanNumber>
    <subscanNumber>1</subscanNumber>
    <startTime>4832952190992000000</startTime>
    <endTime>4832952193008000000</endTime>
    <fieldName>J0403-360</fieldName>
    <subscanIntent>ON_SOURCE</subscanIntent>
    <subscanMode>NO_SWITCHING</subscanMode>
    <numIntegration>1</numIntegration>
    <numSubintegration>1 1 2</numSubintegration>
    <correlatorCalibration>NONE</correlatorCalibration>
    <execBlockId>ExecBlock_0</execBlockId>
  </row>
  <row>
    <scanNumber>21</scanNumber>
    <subscanNumber>2</subscanNumber>
    <startTime>4832952208416000000</startTime>
    <endTime>4832952210432000000</endTime>
    <fieldName>J0403-360</fieldName>
    <subscanIntent>ON_SOURCE</subscanIntent>
    <subscanMode>NO_SWITCHING</subscanMode>
    <numIntegration>1</numIntegration>
    <numSubintegration>1 1 2</numSubintegration>
    <correlatorCalibration>NONE</correlatorCalibration>
    <execBlockId>ExecBlock_0</execBlockId>
  </row>
  <row>
    <scanNumber>21</scanNumber>
    <subscanNumber>3</subscanNumber>
    <startTime>4832952224640000000</startTime>
    <endTime>4832952226656000000</endTime>
    <fieldName>J0403-360</fieldName>
    <subscanIntent>OFF_SOURCE</subscanIntent>
    <subscanMode>NO_SWITCHING</subscanMode>
    <numIntegration>1</numIntegration>
    <numSubintegration>1 1 2</numSubintegration>
    <correlatorCalibration>NONE</correlatorCalibration>
    <execBlockId>ExecBlock_0</execBlockId>
  </row>
  <row>
    <scanNumber>22</scanNumber>
    <subscanNumber>1</subscanNumber>
    <startTime>4832952267024000000</startTime>
    <endTime>4832952297264000000</endTime>
    <fieldName>J0403-360</fieldName>
    <subscanIntent>ON_SOURCE</subscanIntent>
    <subscanMode>NO_SWITCHING</subscanMode>
    <numIntegration>5</numIntegration>
    <numSubintegration>1 5 6 6 6 6 6</numSubintegration>
    <correlatorCalibration>NONE</correlatorCalibration>
    <execBlockId>ExecBlock_0</execBlockId>
  </row>
  <row>
    <scanNumber>23</scanNumber>
    <subscanNumber>1</subscanNumber>
    <startTime>4832952334656000000</startTime>
    <endTime>4832952336672000000</endTime>
    <fieldName>LESS J0332-2756</fieldName>
    <subscanIntent>ON_SOURCE</subscanIntent>
    <subscanMode>NO_SWITCHING</subscanMode>
    <numIntegration>1</numIntegration>
    <numSubintegration>1 1 2</numSubintegration>
    <correlatorCalibration>NONE</correlatorCalibration>
    <execBlockId>ExecBlock_0</execBlockId>
  </row>
  <row>
    <scanNumber>23</scanNumber>
    <subscanNumber>2</subscanNumber>
    <startTime>4832952352032000000</startTime>
    <endTime>4832952354048000000</endTime>
    <fieldName>LESS J0332-2756</fieldName>
    <subscanIntent>ON_SOURCE</subscanIntent>
    <subscanMode>NO_SWITCHING</subscanMode>
    <numIntegration>1</numIntegration>
    <numSubintegration>1 1 2</numSubintegration>
    <correlatorCalibration>NONE</correlatorCalibration>
    <execBlockId>ExecBlock_0</execBlockId>
  </row>
  <row>
    <scanNumber>23</scanNumber>
    <subscanNumber>3</subscanNumber>
    <startTime>4832952368064000000</startTime>
    <endTime>4832952370080000000</endTime>
    <fieldName>LESS J0332-2756</fieldName>
    <subscanIntent>OFF_SOURCE</subscanIntent>
    <subscanMode>NO_SWITCHING</subscanMode>
    <numIntegration>1</numIntegration>
    <numSubintegration>1 1 2</numSubintegration>
    <correlatorCalibration>NONE</correlatorCalibration>
    <execBlockId>ExecBlock_0</execBlockId>
  </row>
  <row>
    <scanNumber>24</scanNumber>
    <subscanNumber>1</subscanNumber>
    <startTime>4832952414480000000</startTime>
    <endTime>4832952444720000000</endTime>
    <fieldName>LESS J0332-2756</fieldName>
    <subscanIntent>ON_SOURCE</subscanIntent>
    <subscanMode>NO_SWITCHING</subscanMode>
    <numIntegration>5</numIntegration>
    <numSubintegration>1 5 6 6 6 6 6</numSubintegration>
    <correlatorCalibration>NONE</correlatorCalibration>
    <execBlockId>ExecBlock_0</execBlockId>
  </row>
  <row>
    <scanNumber>24</scanNumber>
    <subscanNumber>2</subscanNumber>
    <startTime>4832952449760000000</startTime>
    <endTime>4832952480000000000</endTime>
    <fieldName>LESS J0332-2756</fieldName>
    <subscanIntent>ON_SOURCE</subscanIntent>
    <subscanMode>NO_SWITCHING</subscanMode>
    <numIntegration>5</numIntegration>
    <numSubintegration>1 5 6 6 6 6 6</numSubintegration>
    <correlatorCalibration>NONE</correlatorCalibration>
    <execBlockId>ExecBlock_0</execBlockId>
  </row>
  <row>
    <scanNumber>24</scanNumber>
    <subscanNumber>3</subscanNumber>
    <startTime>4832952485040000000</startTime>
    <endTime>4832952515280000000</endTime>
    <fieldName>LESS J0332-2756</fieldName>
    <subscanIntent>ON_SOURCE</subscanIntent>
    <subscanMode>NO_SWITCHING</subscanMode>
    <numIntegration>5</numIntegration>
    <numSubintegration>1 5 6 6 6 6 6</numSubintegration>
    <correlatorCalibration>NONE</correlatorCalibration>
    <execBlockId>ExecBlock_0</execBlockId>
  </row>
  <row>
    <scanNumber>24</scanNumber>
    <subscanNumber>4</subscanNumber>
    <startTime>4832952520320000000</startTime>
    <endTime>4832952550560000000</endTime>
    <fieldName>LESS J0332-2756</fieldName>
    <subscanIntent>ON_SOURCE</subscanIntent>
    <subscanMode>NO_SWITCHING</subscanMode>
    <numIntegration>5</numIntegration>
    <numSubintegration>1 5 6 6 6 6 6</numSubintegration>
    <correlatorCalibration>NONE</correlatorCalibration>
    <execBlockId>ExecBlock_0</execBlockId>
  </row>
  <row>
    <scanNumber>24</scanNumber>
    <subscanNumber>5</subscanNumber>
    <startTime>4832952555600000000</startTime>
    <endTime>4832952585840000000</endTime>
    <fieldName>LESS J0332-2756</fieldName>
    <subscanIntent>ON_SOURCE</subscanIntent>
    <subscanMode>NO_SWITCHING</subscanMode>
    <numIntegration>5</numIntegration>
    <numSubintegration>1 5 6 6 6 6 6</numSubintegration>
    <correlatorCalibration>NONE</correlatorCalibration>
    <execBlockId>ExecBlock_0</execBlockId>
  </row>
  <row>
    <scanNumber>24</scanNumber>
    <subscanNumber>6</subscanNumber>
    <startTime>4832952590880000000</startTime>
    <endTime>4832952621120000000</endTime>
    <fieldName>LESS J0332-2756</fieldName>
    <subscanIntent>ON_SOURCE</subscanIntent>
    <subscanMode>NO_SWITCHING</subscanMode>
    <numIntegration>5</numIntegration>
    <numSubintegration>1 5 6 6 6 6 6</numSubintegration>
    <correlatorCalibration>NONE</correlatorCalibration>
    <execBlockId>ExecBlock_0</execBlockId>
  </row>
  <row>
    <scanNumber>24</scanNumber>
    <subscanNumber>7</subscanNumber>
    <startTime>4832952626160000000</startTime>
    <endTime>4832952656400000000</endTime>
    <fieldName>LESS J0332-2756</fieldName>
    <subscanIntent>ON_SOURCE</subscanIntent>
    <subscanMode>NO_SWITCHING</subscanMode>
    <numIntegration>5</numIntegration>
    <numSubintegration>1 5 6 6 6 6 6</numSubintegration>
    <correlatorCalibration>NONE</correlatorCalibration>
    <execBlockId>ExecBlock_0</execBlockId>
  </row>
  <row>
    <scanNumber>24</scanNumber>
    <subscanNumber>8</subscanNumber>
    <startTime>4832952661440000000</startTime>
    <endTime>4832952691680000000</endTime>
    <fieldName>LESS J0332-2756</fieldName>
    <subscanIntent>ON_SOURCE</subscanIntent>
    <subscanMode>NO_SWITCHING</subscanMode>
    <numIntegration>5</numIntegration>
    <numSubintegration>1 5 6 6 6 6 6</numSubintegration>
    <correlatorCalibration>NONE</correlatorCalibration>
    <execBlockId>ExecBlock_0</execBlockId>
  </row>
  <row>
    <scanNumber>24</scanNumber>
    <subscanNumber>9</subscanNumber>
    <startTime>4832952696720000000</startTime>
    <endTime>4832952726960000000</endTime>
    <fieldName>LESS J0332-2756</fieldName>
    <subscanIntent>ON_SOURCE</subscanIntent>
    <subscanMode>NO_SWITCHING</subscanMode>
    <numIntegration>5</numIntegration>
    <numSubintegration>1 5 6 6 6 6 6</numSubintegration>
    <correlatorCalibration>NONE</correlatorCalibration>
    <execBlockId>ExecBlock_0</execBlockId>
  </row>
  <row>
    <scanNumber>24</scanNumber>
    <subscanNumber>10</subscanNumber>
    <startTime>4832952732000000000</startTime>
    <endTime>4832952762240000000</endTime>
    <fieldName>LESS J0332-2756</fieldName>
    <subscanIntent>ON_SOURCE</subscanIntent>
    <subscanMode>NO_SWITCHING</subscanMode>
    <numIntegration>5</numIntegration>
    <numSubintegration>1 5 6 6 6 6 6</numSubintegration>
    <correlatorCalibration>NONE</correlatorCalibration>
    <execBlockId>ExecBlock_0</execBlockId>
  </row>
  <row>
    <scanNumber>24</scanNumber>
    <subscanNumber>11</subscanNumber>
    <startTime>4832952767280000000</startTime>
    <endTime>4832952797520000000</endTime>
    <fieldName>LESS J0332-2756</fieldName>
    <subscanIntent>ON_SOURCE</subscanIntent>
    <subscanMode>NO_SWITCHING</subscanMode>
    <numIntegration>5</numIntegration>
    <numSubintegration>1 5 6 6 6 6 6</numSubintegration>
    <correlatorCalibration>NONE</correlatorCalibration>
    <execBlockId>ExecBlock_0</execBlockId>
  </row>
  <row>
    <scanNumber>24</scanNumber>
    <subscanNumber>12</subscanNumber>
    <startTime>4832952802560000000</startTime>
    <endTime>4832952832800000000</endTime>
    <fieldName>LESS J0332-2756</fieldName>
    <subscanIntent>ON_SOURCE</subscanIntent>
    <subscanMode>NO_SWITCHING</subscanMode>
    <numIntegration>5</numIntegration>
    <numSubintegration>1 5 6 6 6 6 6</numSubintegration>
    <correlatorCalibration>NONE</correlatorCalibration>
    <execBlockId>ExecBlock_0</execBlockId>
  </row>
  <row>
    <scanNumber>25</scanNumber>
    <subscanNumber>1</subscanNumber>
    <startTime>4832952864528000000</startTime>
    <endTime>4832952866544000000</endTime>
    <fieldName>J0403-360</fieldName>
    <subscanIntent>ON_SOURCE</subscanIntent>
    <subscanMode>NO_SWITCHING</subscanMode>
    <numIntegration>1</numIntegration>
    <numSubintegration>1 1 2</numSubintegration>
    <correlatorCalibration>NONE</correlatorCalibration>
    <execBlockId>ExecBlock_0</execBlockId>
  </row>
  <row>
    <scanNumber>25</scanNumber>
    <subscanNumber>2</subscanNumber>
    <startTime>4832952881856000000</startTime>
    <endTime>4832952883872000000</endTime>
    <fieldName>J0403-360</fieldName>
    <subscanIntent>ON_SOURCE</subscanIntent>
    <subscanMode>NO_SWITCHING</subscanMode>
    <numIntegration>1</numIntegration>
    <numSubintegration>1 1 2</numSubintegration>
    <correlatorCalibration>NONE</correlatorCalibration>
    <execBlockId>ExecBlock_0</execBlockId>
  </row>
  <row>
    <scanNumber>25</scanNumber>
    <subscanNumber>3</subscanNumber>
    <startTime>4832952897936000000</startTime>
    <endTime>4832952899952000000</endTime>
    <fieldName>J0403-360</fieldName>
    <subscanIntent>OFF_SOURCE</subscanIntent>
    <subscanMode>NO_SWITCHING</subscanMode>
    <numIntegration>1</numIntegration>
    <numSubintegration>1 1 2</numSubintegration>
    <correlatorCalibration>NONE</correlatorCalibration>
    <execBlockId>ExecBlock_0</execBlockId>
  </row>
  <row>
    <scanNumber>26</scanNumber>
    <subscanNumber>1</subscanNumber>
    <startTime>4832952933840000000</startTime>
    <endTime>4832952964080000000</endTime>
    <fieldName>J0403-360</fieldName>
    <subscanIntent>ON_SOURCE</subscanIntent>
    <subscanMode>NO_SWITCHING</subscanMode>
    <numIntegration>5</numIntegration>
    <numSubintegration>1 5 6 6 6 6 6</numSubintegration>
    <correlatorCalibration>NONE</correlatorCalibration>
    <execBlockId>ExecBlock_0</execBlockId>
  </row>
  <row>
    <scanNumber>27</scanNumber>
    <subscanNumber>1</subscanNumber>
    <startTime>4832952996624000000</startTime>
    <endTime>4832952998640000000</endTime>
    <fieldName>LESS J0332-2756</fieldName>
    <subscanIntent>ON_SOURCE</subscanIntent>
    <subscanMode>NO_SWITCHING</subscanMode>
    <numIntegration>1</numIntegration>
    <numSubintegration>1 1 2</numSubintegration>
    <correlatorCalibration>NONE</correlatorCalibration>
    <execBlockId>ExecBlock_0</execBlockId>
  </row>
  <row>
    <scanNumber>27</scanNumber>
    <subscanNumber>2</subscanNumber>
    <startTime>4832953013952000000</startTime>
    <endTime>4832953015968000000</endTime>
    <fieldName>LESS J0332-2756</fieldName>
    <subscanIntent>ON_SOURCE</subscanIntent>
    <subscanMode>NO_SWITCHING</subscanMode>
    <numIntegration>1</numIntegration>
    <numSubintegration>1 1 2</numSubintegration>
    <correlatorCalibration>NONE</correlatorCalibration>
    <execBlockId>ExecBlock_0</execBlockId>
  </row>
  <row>
    <scanNumber>27</scanNumber>
    <subscanNumber>3</subscanNumber>
    <startTime>4832953029888000000</startTime>
    <endTime>4832953031904000000</endTime>
    <fieldName>LESS J0332-2756</fieldName>
    <subscanIntent>OFF_SOURCE</subscanIntent>
    <subscanMode>NO_SWITCHING</subscanMode>
    <numIntegration>1</numIntegration>
    <numSubintegration>1 1 2</numSubintegration>
    <correlatorCalibration>NONE</correlatorCalibration>
    <execBlockId>ExecBlock_0</execBlockId>
  </row>
  <row>
    <scanNumber>28</scanNumber>
    <subscanNumber>1</subscanNumber>
    <startTime>4832953066320000000</startTime>
    <endTime>4832953096560000000</endTime>
    <fieldName>LESS J0332-2756</fieldName>
    <subscanIntent>ON_SOURCE</subscanIntent>
    <subscanMode>NO_SWITCHING</subscanMode>
    <numIntegration>5</numIntegration>
    <numSubintegration>1 5 6 6 6 6 6</numSubintegration>
    <correlatorCalibration>NONE</correlatorCalibration>
    <execBlockId>ExecBlock_0</execBlockId>
  </row>
  <row>
    <scanNumber>28</scanNumber>
    <subscanNumber>2</subscanNumber>
    <startTime>4832953101600000000</startTime>
    <endTime>4832953131840000000</endTime>
    <fieldName>LESS J0332-2756</fieldName>
    <subscanIntent>ON_SOURCE</subscanIntent>
    <subscanMode>NO_SWITCHING</subscanMode>
    <numIntegration>5</numIntegration>
    <numSubintegration>1 5 6 6 6 6 6</numSubintegration>
    <correlatorCalibration>NONE</correlatorCalibration>
    <execBlockId>ExecBlock_0</execBlockId>
  </row>
  <row>
    <scanNumber>29</scanNumber>
    <subscanNumber>1</subscanNumber>
    <startTime>4832953164576000000</startTime>
    <endTime>4832953194816000000</endTime>
    <fieldName>J0403-360</fieldName>
    <subscanIntent>ON_SOURCE</subscanIntent>
    <subscanMode>NO_SWITCHING</subscanMode>
    <numIntegration>5</numIntegration>
    <numSubintegration>1 5 6 6 6 6 6</numSubintegration>
    <correlatorCalibration>NONE</correlatorCalibration>
    <execBlockId>ExecBlock_0</execBlockId>
  </row>
</SubscanTable>

